{"base_model": "CLIP", "dataset": "domainnet", "subset_size": 50, "image_encoder_name": "ViT-B-32", "optimizer": "AdamW", "batch_size": 32, "learning_rate": 0.001, "global_rounds": 200, "local_epochs": 1, "warm_up": 10, "seed": 1}
{"round": 0, "acc": [[90.7234, 83.1161, 92.5509, 87.6041, 56.6667, 71.708], [90.7234, 83.1161, 92.5509, 87.6041, 56.6667, 71.708], [90.7234, 83.1161, 92.5509, 87.6041, 56.6667, 71.708], [90.7234, 83.1161, 92.5509, 87.6041, 56.6667, 71.708], [90.7234, 83.1161, 92.5509, 87.6041, 56.6667, 71.708], [90.7234, 83.1161, 92.5509, 87.6041, 56.6667, 71.708]], "total_test_time": 337.8453948497772, "total_train_time": 1.7478992938995361}
