{"base_model": "CLIP", "dataset": "domainnet", "subset_size": 50, "image_encoder_name": "ViT-B-32", "optimizer": "AdamW", "batch_size": 32, "learning_rate": 0.001, "global_rounds": 200, "local_epochs": 1, "warm_up": 10, "seed": 1}
{"round": 0, "acc": [[87.5759, 81.3314, 91.2212, 85.394, 66.7733, 67.4618], [87.5759, 81.3314, 91.2212, 85.394, 66.7733, 67.4618], [87.5759, 81.3314, 91.2212, 85.394, 66.7733, 67.4618], [87.5759, 81.3314, 91.2212, 85.394, 66.7733, 67.4618], [87.5759, 81.3314, 91.2212, 85.394, 66.7733, 67.4618], [87.5759, 81.3314, 91.2212, 85.394, 66.7733, 67.4618]], "total_test_time": 337.57928919792175, "total_train_time": 31.901897192001343}
