{"base_model": "CLIP", "dataset": "domainnet", "subset_size": 50, "image_encoder_name": "ViT-B-32", "optimizer": "AdamW", "batch_size": 32, "learning_rate": 0.001, "global_rounds": 200, "local_epochs": 1, "warm_up": 10, "seed": 1}
{"round": 0, "acc": [[88.2938, 78.9235, 90.6377, 84.9135, 71.84, 67.7481], [88.2938, 78.9235, 90.6377, 84.9135, 71.84, 67.7481], [88.2938, 78.9235, 90.6377, 84.9135, 71.84, 67.7481], [88.2938, 78.9235, 90.6377, 84.9135, 71.84, 67.7481], [88.2938, 78.9235, 90.6377, 84.9135, 71.84, 67.7481], [88.2938, 78.9235, 90.6377, 84.9135, 71.84, 67.7481]], "total_test_time": 340.19475841522217, "total_train_time": 44.381210803985596}
