{"base_model": "CLIP", "dataset": "domainnet", "subset_size": 50, "image_encoder_name": "ViT-B-32", "optimizer": "AdamW", "batch_size": 32, "learning_rate": 0.001, "global_rounds": 200, "local_epochs": 1, "warm_up": 10, "seed": 1}
{"round": 0, "acc": [[90.2816, 82.8612, 92.6594, 87.4119, 56.8933, 72.042], [90.2816, 82.8612, 92.6594, 87.4119, 56.8933, 72.042], [90.2816, 82.8612, 92.6594, 87.4119, 56.8933, 72.042], [90.2816, 82.8612, 92.6594, 87.4119, 56.8933, 72.042], [90.2816, 82.8612, 92.6594, 87.4119, 56.8933, 72.042], [90.2816, 82.8612, 92.6594, 87.4119, 56.8933, 72.042]], "total_test_time": 326.14247393608093, "total_train_time": 1.8097279071807861}
