{"base_model": "CLIP", "dataset": "domainnet", "subset_size": 50, "image_encoder_name": "ViT-B-32", "optimizer": "AdamW", "batch_size": 32, "learning_rate": 0.001, "global_rounds": 200, "local_epochs": 1, "warm_up": 10, "seed": 1}
{"round": 0, "acc": [[86.6924, 78.7819, 91.0041, 83.9526, 49.4, 67.3664], [86.6924, 78.7819, 91.0041, 83.9526, 49.4, 67.3664], [86.6924, 78.7819, 91.0041, 83.9526, 49.4, 67.3664], [86.6924, 78.7819, 91.0041, 83.9526, 49.4, 67.3664], [86.6924, 78.7819, 91.0041, 83.9526, 49.4, 67.3664], [86.6924, 78.7819, 91.0041, 83.9526, 49.4, 67.3664]], "total_test_time": 337.5036177635193, "total_train_time": 11.479304790496826}
