{"base_model": "CLIP", "dataset": "domainnet", "subset_size": 50, "image_encoder_name": "ViT-B-32", "optimizer": "AdamW", "batch_size": 32, "learning_rate": 0.001, "global_rounds": 200, "local_epochs": 1, "warm_up": 10, "seed": 1}
{"round": 0, "acc": [[89.3429, 78.3853, 90.5292, 85.1377, 71.8667, 67.7958], [89.3429, 78.3853, 90.5292, 85.1377, 71.8667, 67.7958], [89.3429, 78.3853, 90.5292, 85.1377, 71.8667, 67.7958], [89.3429, 78.3853, 90.5292, 85.1377, 71.8667, 67.7958], [89.3429, 78.3853, 90.5292, 85.1377, 71.8667, 67.7958], [89.3429, 78.3853, 90.5292, 85.1377, 71.8667, 67.7958]], "total_test_time": 337.3229749202728, "total_train_time": 34.05046081542969}
