{"base_model": "CLIP", "dataset": "domainnet", "subset_size": 50, "image_encoder_name": "ViT-B-32", "optimizer": "AdamW", "batch_size": 32, "learning_rate": 0.001, "global_rounds": 200, "local_epochs": 1, "warm_up": 10, "seed": 1}
{"round": 0, "acc": [[86.8581, 80.9632, 90.8548, 85.426, 67.1733, 66.937], [86.8581, 80.9632, 90.8548, 85.426, 67.1733, 66.937], [86.8581, 80.9632, 90.8548, 85.426, 67.1733, 66.937], [86.8581, 80.9632, 90.8548, 85.426, 67.1733, 66.937], [86.8581, 80.9632, 90.8548, 85.426, 67.1733, 66.937], [86.8581, 80.9632, 90.8548, 85.426, 67.1733, 66.937]], "total_test_time": 339.3640706539154, "total_train_time": 39.517470359802246}
