{"base_model": "CLIP", "dataset": "domainnet", "subset_size": 50, "image_encoder_name": "ViT-B-32", "optimizer": "AdamW", "batch_size": 32, "learning_rate": 0.001, "global_rounds": 200, "local_epochs": 1, "warm_up": 10, "seed": 1}
{"round": 0, "acc": [[88.2938, 80.6799, 91.1398, 85.1698, 66.8, 67.605], [88.2938, 80.6799, 91.1398, 85.1698, 66.8, 67.605], [88.2938, 80.6799, 91.1398, 85.1698, 66.8, 67.605], [88.2938, 80.6799, 91.1398, 85.1698, 66.8, 67.605], [88.2938, 80.6799, 91.1398, 85.1698, 66.8, 67.605], [88.2938, 80.6799, 91.1398, 85.1698, 66.8, 67.605]], "total_test_time": 340.12256026268005, "total_train_time": 34.63821339607239}
