{"base_model": "CLIP", "dataset": "domainnet", "subset_size": 50, "image_encoder_name": "ViT-B-32", "optimizer": "AdamW", "batch_size": 32, "learning_rate": 0.001, "global_rounds": 200, "local_epochs": 1, "warm_up": 10, "seed": 1}
{"round": 0, "acc": [[88.4042, 79.2351, 90.6649, 85.1377, 71.44, 67.5573], [88.4042, 79.2351, 90.6649, 85.1377, 71.44, 67.5573], [88.4042, 79.2351, 90.6649, 85.1377, 71.44, 67.5573], [88.4042, 79.2351, 90.6649, 85.1377, 71.44, 67.5573], [88.4042, 79.2351, 90.6649, 85.1377, 71.44, 67.5573], [88.4042, 79.2351, 90.6649, 85.1377, 71.44, 67.5573]], "total_test_time": 342.20353960990906, "total_train_time": 45.526994705200195}
