{"base_model": "CLIP", "dataset": "domainnet", "subset_size": 50, "image_encoder_name": "ViT-B-32", "optimizer": "AdamW", "batch_size": 32, "learning_rate": 0.001, "global_rounds": 200, "local_epochs": 1, "warm_up": 10, "seed": 1}
{"round": 0, "acc": [[87.6311, 80.2833, 90.9634, 84.6573, 67.5067, 67.2233], [87.6311, 80.2833, 90.9634, 84.6573, 67.5067, 67.2233], [87.6311, 80.2833, 90.9634, 84.6573, 67.5067, 67.2233], [87.6311, 80.2833, 90.9634, 84.6573, 67.5067, 67.2233], [87.6311, 80.2833, 90.9634, 84.6573, 67.5067, 67.2233], [87.6311, 80.2833, 90.9634, 84.6573, 67.5067, 67.2233]], "total_test_time": 337.89879846572876, "total_train_time": 34.327383041381836}
