{"base_model": "CLIP", "dataset": "domainnet", "subset_size": 50, "image_encoder_name": "ViT-B-32", "optimizer": "AdamW", "batch_size": 32, "learning_rate": 0.001, "global_rounds": 200, "local_epochs": 1, "warm_up": 10, "seed": 1}
{"round": 0, "acc": [[89.3981, 79.83, 90.4342, 85.1377, 71.5867, 67.4618], [89.3981, 79.83, 90.4342, 85.1377, 71.5867, 67.4618], [89.3981, 79.83, 90.4342, 85.1377, 71.5867, 67.4618], [89.3981, 79.83, 90.4342, 85.1377, 71.5867, 67.4618], [89.3981, 79.83, 90.4342, 85.1377, 71.5867, 67.4618], [89.3981, 79.83, 90.4342, 85.1377, 71.5867, 67.4618]], "total_test_time": 343.23103737831116, "total_train_time": 44.39739012718201}
