{"base_model": "CLIP", "dataset": "domainnet", "subset_size": 50, "image_encoder_name": "ViT-B-32", "optimizer": "AdamW", "batch_size": 32, "learning_rate": 0.001, "global_rounds": 200, "local_epochs": 1, "warm_up": 10, "seed": 1}
{"round": 0, "acc": [[89.7294, 79.8867, 90.6513, 84.9776, 72.3467, 68.5115], [89.7294, 79.8867, 90.6513, 84.9776, 72.3467, 68.5115], [89.7294, 79.8867, 90.6513, 84.9776, 72.3467, 68.5115], [89.7294, 79.8867, 90.6513, 84.9776, 72.3467, 68.5115], [89.7294, 79.8867, 90.6513, 84.9776, 72.3467, 68.5115], [89.7294, 79.8867, 90.6513, 84.9776, 72.3467, 68.5115]], "total_test_time": 345.12748098373413, "total_train_time": 40.37661337852478}
