{"base_model": "CLIP", "dataset": "domainnet", "subset_size": 50, "image_encoder_name": "ViT-B-32", "optimizer": "AdamW", "batch_size": 32, "learning_rate": 0.001, "global_rounds": 200, "local_epochs": 1, "warm_up": 10, "seed": 1}
{"round": 0, "acc": [[90.889, 83.2578, 92.9172, 87.7002, 53.4533, 72.5191], [90.889, 83.2578, 92.9172, 87.7002, 53.4533, 72.5191], [90.889, 83.2578, 92.9172, 87.7002, 53.4533, 72.5191], [90.889, 83.2578, 92.9172, 87.7002, 53.4533, 72.5191], [90.889, 83.2578, 92.9172, 87.7002, 53.4533, 72.5191], [90.889, 83.2578, 92.9172, 87.7002, 53.4533, 72.5191]], "total_test_time": 338.08491492271423, "total_train_time": 0.970543384552002}
