{"base_model": "CLIP", "dataset": "domainnet", "subset_size": 50, "image_encoder_name": "ViT-B-32", "optimizer": "AdamW", "batch_size": 32, "learning_rate": 0.001, "global_rounds": 200, "local_epochs": 1, "warm_up": 10, "seed": 1}
{"round": 0, "acc": [[88.1833, 78.3286, 90.3256, 84.7213, 70.88, 66.4122], [88.1833, 78.3286, 90.3256, 84.7213, 70.88, 66.4122], [88.1833, 78.3286, 90.3256, 84.7213, 70.88, 66.4122], [88.1833, 78.3286, 90.3256, 84.7213, 70.88, 66.4122], [88.1833, 78.3286, 90.3256, 84.7213, 70.88, 66.4122], [88.1833, 78.3286, 90.3256, 84.7213, 70.88, 66.4122]], "total_test_time": 327.3535966873169, "total_train_time": 47.7554612159729}
