{"base_model": "CLIP", "dataset": "domainnet", "subset_size": 50, "image_encoder_name": "ViT-B-32", "optimizer": "AdamW", "batch_size": 32, "learning_rate": 0.001, "global_rounds": 200, "local_epochs": 1, "warm_up": 10, "seed": 1}
{"round": 0, "acc": [[90.116, 80.1983, 92.4288, 86.7393, 38.4533, 70.3244], [90.116, 80.1983, 92.4288, 86.7393, 38.4533, 70.3244], [90.116, 80.1983, 92.4288, 86.7393, 38.4533, 70.3244], [90.116, 80.1983, 92.4288, 86.7393, 38.4533, 70.3244], [90.116, 80.1983, 92.4288, 86.7393, 38.4533, 70.3244], [90.116, 80.1983, 92.4288, 86.7393, 38.4533, 70.3244]], "total_test_time": 338.44554352760315, "total_train_time": 0.6682665348052979}
