{"base_model": "CLIP", "dataset": "domainnet", "subset_size": 50, "image_encoder_name": "ViT-B-32", "optimizer": "AdamW", "batch_size": 32, "learning_rate": 0.001, "global_rounds": 200, "local_epochs": 1, "warm_up": 10, "seed": 1}
{"round": 0, "acc": [[87.6311, 80.6232, 91.194, 85.7783, 68.4267, 67.7481], [87.6311, 80.6232, 91.194, 85.7783, 68.4267, 67.7481], [87.6311, 80.6232, 91.194, 85.7783, 68.4267, 67.7481], [87.6311, 80.6232, 91.194, 85.7783, 68.4267, 67.7481], [87.6311, 80.6232, 91.194, 85.7783, 68.4267, 67.7481], [87.6311, 80.6232, 91.194, 85.7783, 68.4267, 67.7481]], "total_test_time": 338.3151581287384, "total_train_time": 33.33428454399109}
