{"base_model": "CLIP", "dataset": "domainnet", "subset_size": 50, "image_encoder_name": "ViT-B-32", "optimizer": "AdamW", "batch_size": 32, "learning_rate": 0.001, "global_rounds": 200, "local_epochs": 1, "warm_up": 10, "seed": 1}
{"round": 0, "acc": [[88.6251, 80.2266, 91.194, 86.0666, 70.9733, 69.7042], [88.6251, 80.2266, 91.194, 86.0666, 70.9733, 69.7042], [88.6251, 80.2266, 91.194, 86.0666, 70.9733, 69.7042], [88.6251, 80.2266, 91.194, 86.0666, 70.9733, 69.7042], [88.6251, 80.2266, 91.194, 86.0666, 70.9733, 69.7042], [88.6251, 80.2266, 91.194, 86.0666, 70.9733, 69.7042]], "total_test_time": 337.9959006309509, "total_train_time": 18.810591220855713}
