{"base_model": "CLIP", "dataset": "domainnet", "subset_size": 50, "image_encoder_name": "ViT-B-32", "optimizer": "AdamW", "batch_size": 32, "learning_rate": 0.001, "global_rounds": 200, "local_epochs": 1, "warm_up": 10, "seed": 1}
{"round": 0, "acc": [[90.116, 81.4164, 92.483, 86.6432, 61.92, 69.4656], [90.116, 81.4164, 92.483, 86.6432, 61.92, 69.4656], [90.116, 81.4164, 92.483, 86.6432, 61.92, 69.4656], [90.116, 81.4164, 92.483, 86.6432, 61.92, 69.4656], [90.116, 81.4164, 92.483, 86.6432, 61.92, 69.4656], [90.116, 81.4164, 92.483, 86.6432, 61.92, 69.4656]], "total_test_time": 341.5497028827667, "total_train_time": 12.284403324127197}
