{"base_model": "CLIP", "dataset": "domainnet", "subset_size": 50, "image_encoder_name": "ViT-B-32", "optimizer": "AdamW", "batch_size": 32, "learning_rate": 0.001, "global_rounds": 200, "local_epochs": 1, "warm_up": 10, "seed": 1}
{"round": 0, "acc": [[90.3368, 82.5779, 92.578, 87.54, 56.5467, 71.708], [90.3368, 82.5779, 92.578, 87.54, 56.5467, 71.708], [90.3368, 82.5779, 92.578, 87.54, 56.5467, 71.708], [90.3368, 82.5779, 92.578, 87.54, 56.5467, 71.708], [90.3368, 82.5779, 92.578, 87.54, 56.5467, 71.708], [90.3368, 82.5779, 92.578, 87.54, 56.5467, 71.708]], "total_test_time": 341.22363352775574, "total_train_time": 1.9186749458312988}
