{"base_model": "CLIP", "dataset": "domainnet", "subset_size": 50, "image_encoder_name": "ViT-B-32", "optimizer": "AdamW", "batch_size": 32, "learning_rate": 0.001, "global_rounds": 200, "local_epochs": 1, "warm_up": 10, "seed": 1}
{"round": 0, "acc": [[86.8581, 80.1133, 90.9362, 85.426, 66.4533, 66.6031], [86.8581, 80.1133, 90.9362, 85.426, 66.4533, 66.6031], [86.8581, 80.1133, 90.9362, 85.426, 66.4533, 66.6031], [86.8581, 80.1133, 90.9362, 85.426, 66.4533, 66.6031], [86.8581, 80.1133, 90.9362, 85.426, 66.4533, 66.6031], [86.8581, 80.1133, 90.9362, 85.426, 66.4533, 66.6031]], "total_test_time": 340.54262709617615, "total_train_time": 34.740410804748535}
