{"base_model": "CLIP", "dataset": "domainnet", "subset_size": 50, "image_encoder_name": "ViT-B-32", "optimizer": "AdamW", "batch_size": 32, "learning_rate": 0.001, "global_rounds": 200, "local_epochs": 1, "warm_up": 10, "seed": 1}
{"round": 0, "acc": [[90.4473, 82.8329, 92.4695, 87.7963, 55.6533, 71.374], [90.4473, 82.8329, 92.4695, 87.7963, 55.6533, 71.374], [90.4473, 82.8329, 92.4695, 87.7963, 55.6533, 71.374], [90.4473, 82.8329, 92.4695, 87.7963, 55.6533, 71.374], [90.4473, 82.8329, 92.4695, 87.7963, 55.6533, 71.374], [90.4473, 82.8329, 92.4695, 87.7963, 55.6533, 71.374]], "total_test_time": 338.6816248893738, "total_train_time": 1.4936800003051758}
