{"base_model": "CLIP", "dataset": "domainnet", "subset_size": 50, "image_encoder_name": "ViT-B-32", "optimizer": "AdamW", "batch_size": 32, "learning_rate": 0.001, "global_rounds": 200, "local_epochs": 1, "warm_up": 10, "seed": 1}
{"round": 0, "acc": [[87.1342, 81.1331, 91.1805, 85.1698, 64.5333, 66.4599], [87.1342, 81.1331, 91.1805, 85.1698, 64.5333, 66.4599], [87.1342, 81.1331, 91.1805, 85.1698, 64.5333, 66.4599], [87.1342, 81.1331, 91.1805, 85.1698, 64.5333, 66.4599], [87.1342, 81.1331, 91.1805, 85.1698, 64.5333, 66.4599], [87.1342, 81.1331, 91.1805, 85.1698, 64.5333, 66.4599]], "total_test_time": 329.8438992500305, "total_train_time": 36.534968852996826}
