{"base_model": "CLIP", "dataset": "domainnet", "subset_size": 50, "image_encoder_name": "ViT-B-32", "optimizer": "AdamW", "batch_size": 32, "learning_rate": 0.001, "global_rounds": 200, "local_epochs": 1, "warm_up": 10, "seed": 1}
{"round": 0, "acc": [[87.4655, 79.0368, 91.0855, 84.1768, 49.1333, 67.1756], [87.4655, 79.0368, 91.0855, 84.1768, 49.1333, 67.1756], [87.4655, 79.0368, 91.0855, 84.1768, 49.1333, 67.1756], [87.4655, 79.0368, 91.0855, 84.1768, 49.1333, 67.1756], [87.4655, 79.0368, 91.0855, 84.1768, 49.1333, 67.1756], [87.4655, 79.0368, 91.0855, 84.1768, 49.1333, 67.1756]], "total_test_time": 339.7627589702606, "total_train_time": 10.684497594833374}
