{"base_model": "CLIP", "dataset": "domainnet", "subset_size": 50, "image_encoder_name": "ViT-B-32", "optimizer": "AdamW", "batch_size": 32, "learning_rate": 0.001, "global_rounds": 200, "local_epochs": 1, "warm_up": 10, "seed": 1}
{"round": 0, "acc": [[91.0547, 81.7564, 93.0936, 87.9564, 43.4933, 71.8989], [91.0547, 81.7564, 93.0936, 87.9564, 43.4933, 71.8989], [91.0547, 81.7564, 93.0936, 87.9564, 43.4933, 71.8989], [91.0547, 81.7564, 93.0936, 87.9564, 43.4933, 71.8989], [91.0547, 81.7564, 93.0936, 87.9564, 43.4933, 71.8989], [91.0547, 81.7564, 93.0936, 87.9564, 43.4933, 71.8989]], "total_test_time": 337.8163113594055, "total_train_time": 0.628277063369751}
