{"base_model": "CLIP", "dataset": "domainnet", "subset_size": 50, "image_encoder_name": "ViT-B-32", "optimizer": "AdamW", "batch_size": 32, "learning_rate": 0.001, "global_rounds": 200, "local_epochs": 1, "warm_up": 10, "seed": 1}
{"round": 0, "acc": [[90.7234, 82.2663, 92.8765, 87.1236, 62.28, 70.7538], [90.7234, 82.2663, 92.8765, 87.1236, 62.28, 70.7538], [90.7234, 82.2663, 92.8765, 87.1236, 62.28, 70.7538], [90.7234, 82.2663, 92.8765, 87.1236, 62.28, 70.7538], [90.7234, 82.2663, 92.8765, 87.1236, 62.28, 70.7538], [90.7234, 82.2663, 92.8765, 87.1236, 62.28, 70.7538]], "total_test_time": 338.1377377510071, "total_train_time": 9.728550672531128}
