{"base_model": "CLIP", "dataset": "domainnet", "subset_size": 50, "image_encoder_name": "ViT-B-32", "optimizer": "AdamW", "batch_size": 32, "learning_rate": 0.001, "global_rounds": 200, "local_epochs": 1, "warm_up": 10, "seed": 1}
{"round": 0, "acc": [[90.6129, 82.9462, 92.6187, 87.8283, 55.9867, 72.2328], [90.6129, 82.9462, 92.6187, 87.8283, 55.9867, 72.2328], [90.6129, 82.9462, 92.6187, 87.8283, 55.9867, 72.2328], [90.6129, 82.9462, 92.6187, 87.8283, 55.9867, 72.2328], [90.6129, 82.9462, 92.6187, 87.8283, 55.9867, 72.2328], [90.6129, 82.9462, 92.6187, 87.8283, 55.9867, 72.2328]], "total_test_time": 337.12828493118286, "total_train_time": 1.5534820556640625}
