{"base_model": "CLIP", "dataset": "domainnet", "subset_size": 50, "image_encoder_name": "ViT-B-32", "optimizer": "AdamW", "batch_size": 32, "learning_rate": 0.001, "global_rounds": 200, "local_epochs": 1, "warm_up": 10, "seed": 1}
{"round": 0, "acc": [[90.5577, 83.2861, 92.6052, 87.4439, 55.52, 71.5649], [90.5577, 83.2861, 92.6052, 87.4439, 55.52, 71.5649], [90.5577, 83.2861, 92.6052, 87.4439, 55.52, 71.5649], [90.5577, 83.2861, 92.6052, 87.4439, 55.52, 71.5649], [90.5577, 83.2861, 92.6052, 87.4439, 55.52, 71.5649], [90.5577, 83.2861, 92.6052, 87.4439, 55.52, 71.5649]], "total_test_time": 345.39848375320435, "total_train_time": 1.4574897289276123}
