{"base_model": "CLIP", "dataset": "domainnet", "subset_size": 50, "image_encoder_name": "ViT-B-32", "optimizer": "AdamW", "batch_size": 32, "learning_rate": 0.001, "global_rounds": 200, "local_epochs": 1, "warm_up": 10, "seed": 1}
{"round": 0, "acc": [[86.2635, 90.0888, 90.1111, 55.2126, 40.173, 77.5819], [86.664, 90.2665, 89.7761, 51.6762, 34.7188, 76.7254], [86.4638, 90.3258, 89.7233, 53.2502, 36.6748, 76.5239], [85.7429, 89.8124, 90.2697, 55.0491, 38.6496, 76.4232], [86.1434, 89.6742, 90.2168, 56.3369, 40.8501, 75.6171], [85.6628, 89.8914, 90.1111, 54.7629, 39.8533, 79.3451]], "total_test_time": 0, "total_train_time": 0}
{"round": 1, "acc": [[86.3436, 90.1283, 90.1639, 55.1717, 40.0978, 77.5315], [86.7441, 90.2863, 89.7938, 51.5536, 34.7188, 76.8262], [86.4638, 90.306, 89.829, 53.3115, 36.7312, 76.5743], [85.6227, 89.773, 90.1639, 56.6435, 40.8877, 76.5239], [86.1434, 89.6742, 90.2697, 57.8291, 42.5804, 75.6675], [85.6628, 89.9506, 90.1111, 54.7833, 39.9285, 79.4458]], "total_test_time": 187.88547897338867, "total_train_time": 107.30584073066711}
{"round": 2, "acc": [[86.664, 90.227, 90.2168, 55.4374, 40.7749, 77.6322], [87.1045, 90.464, 89.97, 52.1872, 35.6216, 77.33], [86.5439, 90.5035, 90.1111, 53.9861, 38.1042, 77.1285], [85.9031, 89.8124, 90.2521, 57.9926, 43.2575, 76.8766], [86.3036, 89.8717, 90.305, 59.3827, 44.7997, 76.6751], [85.9431, 89.9901, 90.1463, 55.0899, 40.1918, 79.6474]], "total_test_time": 380.6761839389801, "total_train_time": 212.270366191864}
{"round": 3, "acc": [[86.8242, 90.5035, 90.3402, 56.2551, 41.3955, 78.136], [87.3048, 90.7404, 90.1639, 53.3933, 37.2014, 77.733], [87.0244, 90.7404, 90.446, 55.4579, 40.0226, 77.6322], [86.3436, 90.0494, 90.4636, 59.628, 45.6084, 77.33], [86.8242, 90.0494, 90.4283, 60.6092, 47.4516, 77.0781], [86.0232, 90.1283, 90.2697, 55.5397, 41.2451, 79.4458]], "total_test_time": 571.8027486801147, "total_train_time": 317.51927042007446}
{"round": 4, "acc": [[87.1045, 90.8193, 90.4636, 57.3181, 42.6932, 78.5894], [87.3849, 90.9773, 90.4107, 54.8038, 39.8157, 78.4383], [87.6252, 91.1945, 90.7985, 57.2159, 42.3171, 78.0353], [86.9043, 90.464, 90.5517, 61.5904, 48.7117, 78.2368], [87.2647, 90.5035, 90.6399, 62.6738, 50.047, 77.8841], [86.1033, 90.2468, 90.3226, 56.6435, 42.2983, 79.5466]], "total_test_time": 777.943648815155, "total_train_time": 419.563191652298}
{"round": 5, "acc": [[87.1446, 91.0958, 90.7104, 58.381, 44.4235, 79.2443], [87.7453, 91.1747, 90.6222, 56.8479, 42.3359, 79.194], [88.3861, 91.4116, 91.2745, 58.6877, 44.9502, 78.9421], [87.3048, 90.7799, 90.728, 64.0842, 51.6269, 78.4383], [87.6652, 90.7601, 90.7809, 64.7588, 52.6237, 78.9421], [86.1434, 90.306, 90.4283, 57.4612, 43.3327, 79.7481]], "total_test_time": 967.0681056976318, "total_train_time": 521.592404127121}
{"round": 6, "acc": [[87.7052, 91.4116, 90.9219, 59.9141, 46.3419, 79.6977], [88.0256, 91.5499, 90.8338, 58.6468, 44.8561, 79.7481], [88.6664, 91.767, 91.5565, 60.2412, 47.1318, 79.7481], [87.8654, 91.0958, 91.1863, 66.4759, 55.0875, 79.1436], [88.1458, 91.155, 90.9572, 66.619, 55.8586, 79.7481], [86.664, 90.3653, 90.4989, 58.7081, 44.9502, 80.3526]], "total_test_time": 1154.7668976783752, "total_train_time": 623.5286395549774}
{"round": 7, "acc": [[88.1057, 91.5893, 91.0629, 61.7948, 48.6929, 80.2015], [88.6664, 91.7473, 91.1334, 60.4865, 47.0754, 80.2015], [88.6664, 92.0237, 91.8209, 61.713, 49.6333, 79.8992], [88.5463, 91.4906, 91.486, 68.3769, 57.9274, 80.0], [88.5863, 91.5499, 91.2921, 68.5814, 59.1123, 80.1511], [87.0244, 90.7009, 90.728, 60.1799, 46.6993, 80.403]], "total_test_time": 1342.403870344162, "total_train_time": 725.3986620903015}
{"round": 17, "acc": [[89.8278, 92.537, 91.7328, 67.6819, 56.3476, 81.7128], [88.9467, 92.4975, 91.6094, 61.8561, 48.4296, 80.9068], [88.8666, 92.3001, 92.2263, 63.9002, 52.4544, 80.1511], [88.3861, 91.846, 91.6799, 76.1856, 69.0427, 80.7053], [88.7465, 91.7473, 91.3978, 76.4105, 69.5505, 80.7557], [88.8266, 91.6881, 91.6446, 66.3737, 54.8241, 82.2166]], "total_test_time": 1530.3139777183533, "total_train_time": 1765.0887200832367}
