{"base_model": "CLIP", "dataset": "domainnet", "subset_size": 50, "image_encoder_name": "ViT-B-32", "optimizer": "AdamW", "batch_size": 32, "learning_rate": 0.001, "global_rounds": 200, "local_epochs": 1, "warm_up": 10, "seed": 1}
{"round": 0, "acc": [[85.3668, 90.9826, 89.552, 50.9012, 41.7695, 79.898], [85.5165, 91.1662, 89.266, 46.733, 36.7496, 79.0306], [85.5913, 91.258, 89.1325, 48.2726, 38.7367, 78.7755], [84.8054, 90.7071, 89.8189, 50.5633, 40.3263, 78.5204], [85.1422, 90.6152, 89.6663, 51.9902, 42.4388, 78.0612], [84.5808, 90.7805, 89.6092, 50.3192, 41.895, 81.1735]], "total_test_time": 0, "total_train_time": 0}
{"round": 1, "acc": [[85.5165, 90.9826, 89.6663, 50.9012, 41.6231, 79.8469], [85.5913, 91.1662, 89.3041, 46.6955, 36.7706, 79.1327], [85.5913, 91.2948, 89.2088, 48.3477, 38.7785, 78.7755], [84.6931, 90.6336, 89.7426, 52.5723, 42.6898, 78.5714], [85.1048, 90.6152, 89.7426, 53.3421, 43.9448, 78.2143], [84.6557, 90.8173, 89.6092, 50.338, 41.9368, 81.2755]], "total_test_time": 187.12575125694275, "total_train_time": 102.12938642501831}
{"round": 2, "acc": [[85.9656, 91.1295, 89.6854, 51.2017, 42.3552, 79.898], [85.8159, 91.3131, 89.4948, 47.5404, 37.5863, 79.6939], [85.8159, 91.4417, 89.4566, 49.2114, 40.0753, 79.4898], [84.9925, 90.6703, 89.9333, 54.356, 45.2416, 78.8776], [85.3293, 90.7254, 89.7998, 55.1821, 45.89, 78.8776], [84.9177, 90.8907, 89.6473, 50.6759, 42.1878, 81.2245]], "total_test_time": 376.2022430896759, "total_train_time": 203.37889766693115}
{"round": 3, "acc": [[86.0404, 91.4233, 89.7807, 52.2906, 43.1918, 80.4082], [86.003, 91.5519, 89.7426, 49.0424, 39.6361, 80.1531], [86.0404, 91.6804, 89.6663, 51.0327, 41.8741, 79.949], [85.4042, 91.0193, 90.0477, 56.4777, 48.0653, 79.6939], [85.7784, 91.0193, 89.9714, 56.8156, 48.9228, 79.3878], [84.9551, 91.0376, 89.8379, 51.1078, 43.1709, 81.4286]], "total_test_time": 565.8340668678284, "total_train_time": 305.0029695034027}
{"round": 4, "acc": [[86.3024, 91.6988, 90.0286, 53.4735, 44.8233, 81.0714], [86.265, 91.8274, 89.9333, 51.1829, 42.6271, 80.6633], [87.0135, 92.0294, 90.2193, 53.2482, 44.3422, 80.2551], [85.8907, 91.405, 90.2574, 59.4067, 51.2445, 80.3061], [86.4895, 91.2948, 90.2193, 59.4067, 51.7465, 80.0], [85.0299, 91.1478, 89.8189, 52.1968, 44.3213, 81.3265]], "total_test_time": 754.0474429130554, "total_train_time": 406.5592186450958}
{"round": 5, "acc": [[86.6766, 92.1396, 90.3527, 54.8254, 46.7057, 81.5306], [86.8263, 92.2498, 90.143, 54.1119, 45.8481, 80.9694], [87.7246, 92.4151, 90.7531, 55.6327, 47.4378, 81.2245], [86.6392, 91.9927, 90.6768, 62.4484, 55.4905, 81.0204], [86.7141, 91.7723, 90.5052, 62.1292, 54.6748, 80.6633], [85.1422, 91.2948, 89.9905, 53.3984, 45.7436, 81.8367]], "total_test_time": 942.0571737289429, "total_train_time": 508.227867603302}
{"round": 6, "acc": [[87.238, 92.3416, 90.6387, 56.8156, 49.1111, 82.2959], [87.4626, 92.6171, 90.5434, 56.8907, 49.0692, 81.9898], [88.024, 92.764, 91.0582, 57.9422, 50.617, 81.4796], [87.5, 92.5803, 90.8675, 65.2272, 59.5064, 81.5816], [87.3877, 92.2681, 90.8103, 65.1333, 58.7952, 81.6327], [85.7784, 91.4417, 90.2002, 55.2197, 47.3123, 82.0408]], "total_test_time": 1132.7364144325256, "total_train_time": 610.0388114452362}
{"round": 16, "acc": [[88.735, 92.966, 91.02, 61.2843, 53.3989, 82.9082], [87.6123, 92.8375, 90.734, 53.9992, 45.6599, 81.8367], [88.024, 92.8742, 90.8103, 56.1021, 47.5842, 81.6327], [87.8368, 92.011, 90.6578, 72.4183, 67.5173, 81.6327], [87.6871, 92.1579, 90.734, 72.531, 67.2872, 82.0408], [87.7994, 92.6171, 90.9628, 61.7161, 55.4696, 83.8265]], "total_test_time": 1321.1279683113098, "total_train_time": 1634.264172077179}
