{"base_model": "CLIP", "dataset": "domainnet", "subset_size": 50, "image_encoder_name": "ViT-B-32", "optimizer": "AdamW", "batch_size": 32, "learning_rate": 0.001, "global_rounds": 200, "local_epochs": 1, "warm_up": 10, "seed": 1}
{"round": 0, "acc": [[87.3548, 88.6635, 90.8106, 60.8618, 38.3709, 75.9186], [87.2688, 88.813, 90.6465, 57.8546, 32.6673, 75.571], [87.2688, 88.8984, 90.6301, 59.1786, 34.7165, 75.0745], [86.7097, 88.2579, 91.0568, 60.5027, 37.0902, 74.9255], [87.0968, 88.1939, 90.9583, 61.8268, 39.1564, 74.1311], [86.7957, 88.4073, 90.827, 60.7047, 37.6878, 78.004]], "total_test_time": 0, "total_train_time": 0}
{"round": 1, "acc": [[87.3978, 88.7062, 90.8599, 60.8393, 38.2684, 75.8689], [87.3548, 88.8343, 90.6629, 57.7648, 32.582, 75.6703], [87.3118, 88.8557, 90.7286, 59.2235, 34.7165, 75.1738], [86.5806, 88.2365, 90.9419, 61.8043, 39.0369, 74.9752], [86.9677, 88.1939, 90.9583, 63.2406, 41.3081, 74.1311], [86.8387, 88.386, 90.8435, 60.7047, 37.7561, 78.1033]], "total_test_time": 185.91930270195007, "total_train_time": 101.6187903881073}
{"round": 2, "acc": [[87.6989, 88.877, 90.9255, 61.0189, 38.9173, 75.9682], [87.6129, 89.0478, 90.7942, 58.2136, 33.2992, 76.0675], [87.4409, 89.0478, 90.9255, 59.6948, 36.0485, 75.571], [86.9247, 88.3006, 91.0404, 63.0162, 41.0007, 75.3227], [87.3548, 88.3646, 91.024, 64.5871, 43.3914, 75.0745], [86.9677, 88.5781, 90.8763, 61.0413, 37.9098, 78.3019]], "total_test_time": 371.978355884552, "total_train_time": 203.1659059524536}
{"round": 3, "acc": [[87.914, 89.0478, 90.9747, 61.7145, 39.6346, 76.3158], [87.957, 89.24, 90.9583, 59.2011, 34.8873, 76.5144], [87.6989, 89.3467, 91.1388, 60.8842, 37.9611, 76.2661], [87.1828, 88.5141, 91.1716, 64.2056, 42.9986, 75.6703], [87.6989, 88.7489, 91.0404, 65.4399, 45.9358, 75.2731], [86.9677, 88.7489, 90.9747, 61.5575, 38.7295, 78.3515]], "total_test_time": 557.8774816989899, "total_train_time": 303.94867634773254}
{"round": 4, "acc": [[88.2151, 89.1973, 91.0732, 62.4776, 40.4542, 76.713], [88.086, 89.3681, 91.0896, 60.0763, 36.7145, 77.1599], [88.086, 89.795, 91.4014, 62.0287, 39.8053, 76.4151], [87.4839, 88.6849, 91.2045, 65.2603, 45.7309, 76.4151], [88.086, 89.0265, 91.2209, 66.719, 48.2411, 76.1668], [87.0108, 88.7703, 91.0404, 62.1409, 39.7541, 78.5005]], "total_test_time": 743.643238067627, "total_train_time": 405.17550253868103}
{"round": 5, "acc": [[88.2151, 89.4321, 91.1552, 62.9937, 41.7179, 77.0109], [88.5591, 89.5389, 91.2537, 61.1535, 38.6783, 77.2592], [88.6882, 90.0726, 91.6968, 63.0386, 41.5813, 77.2592], [87.957, 89.2186, 91.4342, 66.6517, 47.985, 76.862], [88.4301, 89.2827, 91.3521, 68.0206, 50.1195, 77.1102], [87.2258, 88.8343, 91.0732, 62.7469, 40.6079, 78.5005]], "total_test_time": 931.6025016307831, "total_train_time": 506.92657947540283}
{"round": 7, "acc": [[88.5161, 90.0939, 91.5819, 64.9686, 44.6209, 78.4012], [89.1183, 90.1153, 91.5162, 63.3752, 42.0082, 78.1033], [89.0753, 90.3928, 92.2711, 65.2154, 45.1844, 78.2026], [88.7742, 89.8377, 91.8116, 69.5242, 52.7664, 77.9047], [89.2043, 90.0512, 91.467, 70.6912, 54.7643, 78.3515], [87.7419, 89.1759, 91.2537, 64.3851, 43.4426, 79.1956]], "total_test_time": 1119.1636183261871, "total_train_time": 710.5759620666504}
{"round": 8, "acc": [[89.0323, 90.1793, 91.6968, 66.1804, 46.0212, 78.5501], [89.4624, 90.2007, 91.7132, 64.2729, 43.528, 78.004], [89.4624, 90.4142, 92.3531, 65.8662, 46.4481, 78.1033], [89.2903, 89.9658, 91.9593, 70.7361, 54.918, 78.3515], [89.4624, 90.1153, 91.5983, 71.4991, 56.6086, 78.4012], [88.086, 89.3467, 91.5655, 65.1257, 44.9283, 79.6922]], "total_test_time": 1305.3109011650085, "total_train_time": 811.8673765659332}
{"round": 11, "acc": [[89.5914, 90.5636, 91.8444, 68.9183, 49.9488, 78.6991], [90.0215, 90.3501, 91.9757, 66.158, 46.3627, 78.6991], [89.6344, 90.7131, 92.468, 67.7289, 48.9242, 78.7488], [89.5484, 90.2861, 92.1726, 73.6984, 58.931, 79.0467], [89.9355, 90.3074, 91.8937, 74.1472, 61.168, 78.6991], [88.7742, 89.9018, 91.8773, 67.5269, 48.6851, 80.139]], "total_test_time": 1491.5307018756866, "total_train_time": 1114.8642768859863}
{"round": 12, "acc": [[89.7634, 90.7771, 92.0742, 69.5018, 50.9734, 78.9474], [90.0215, 90.4996, 92.1398, 66.5171, 46.875, 78.997], [89.6344, 90.6063, 92.5829, 68.4695, 50.0512, 79.0467], [89.6774, 90.3501, 92.2875, 74.237, 60.2288, 79.2453], [90.1935, 90.4569, 91.9757, 75.0, 62.4658, 79.0963], [88.9032, 90.0512, 91.9921, 68.2451, 49.5389, 80.2383]], "total_test_time": 1678.0790145397186, "total_train_time": 1216.0515999794006}
{"round": 13, "acc": [[89.9355, 90.7985, 92.1398, 70.0853, 51.8443, 79.1956], [90.1935, 90.5209, 92.1234, 66.6517, 47.2507, 79.0467], [89.9355, 90.7771, 92.6485, 68.6266, 50.8026, 79.0467], [89.8065, 90.4142, 92.3039, 74.5736, 61.373, 79.4439], [90.0645, 90.4355, 91.9757, 75.4264, 63.3197, 79.4439], [89.0753, 90.158, 91.9921, 68.8061, 50.3074, 80.288]], "total_test_time": 1863.6035165786743, "total_train_time": 1316.8923151493073}
{"round": 23, "acc": [[90.5806, 91.2895, 92.4188, 71.7684, 54.901, 79.9901], [90.0215, 90.9479, 92.189, 67.2576, 47.8313, 79.5929], [89.6344, 90.9052, 92.8618, 69.7487, 51.9638, 79.0963], [89.6774, 90.2861, 92.5336, 77.6706, 66.1714, 79.3942], [90.3226, 90.4782, 92.0742, 78.0072, 67.1277, 78.9474], [89.2473, 90.3501, 92.1234, 70.6688, 53.8764, 81.0328]], "total_test_time": 2049.5659124851227, "total_train_time": 2333.472997903824}
