{"base_model": "CLIP", "dataset": "office", "subset_size": 100, "image_encoder_name": "convnext_base", "optimizer": "AdamW", "batch_size": 32, "learning_rate": 0.001, "global_rounds": 200, "local_epochs": 1, "warm_up": 5, "seed": 1}
{"round": 0, "acc": [[73.1364, 92.8061, 91.8944, 82.7896], [71.8636, 92.8508, 91.8488, 82.0555], [72.5, 92.7167, 91.6667, 82.137], [70.5455, 91.689, 91.1658, 82.4633]], "total_test_time": 0, "total_train_time": 0}
{"round": 1, "acc": [[74.7727, 92.8061, 91.8033, 82.3002], [72.5455, 93.6104, 91.8033, 82.3002], [72.6364, 92.7614, 91.8488, 82.4633], [70.5, 92.0018, 91.2568, 82.7896]], "total_test_time": 2144.1899089813232, "total_train_time": 405.8995885848999}
{"round": 2, "acc": [[76.6818, 92.4933, 91.6667, 82.2186], [72.7273, 94.1466, 91.8033, 82.2186], [72.0909, 92.8061, 92.4863, 82.5449], [70.2273, 92.2252, 91.8033, 83.8499]], "total_test_time": 4285.858736038208, "total_train_time": 804.1670155525208}
{"round": 3, "acc": [[77.2727, 92.3146, 91.5301, 81.4845], [73.1818, 94.7274, 92.2587, 81.4029], [72.6364, 93.0295, 92.623, 82.8711], [70.6364, 92.5827, 91.7122, 83.8499]], "total_test_time": 6429.2705936431885, "total_train_time": 1202.3202102184296}
{"round": 4, "acc": [[79.1818, 92.538, 91.6667, 82.708], [73.1364, 94.9508, 91.1658, 80.4241], [73.3182, 92.672, 92.3497, 81.2398], [70.5, 92.538, 91.1202, 83.8499]], "total_test_time": 8576.673127651215, "total_train_time": 1599.4774532318115}
{"round": 5, "acc": [[79.5, 92.4039, 91.2568, 81.7292], [73.1364, 95.487, 91.6211, 81.0767], [70.5455, 93.1635, 92.122, 82.3002], [70.6364, 92.8061, 91.5756, 84.3393]], "total_test_time": 10720.882540225983, "total_train_time": 1998.6299800872803}
{"round": 6, "acc": [[80.4091, 92.4933, 90.6648, 81.6476], [73.5, 95.487, 91.5756, 80.7504], [71.4545, 93.2082, 92.6685, 80.261], [69.8636, 92.0018, 90.8925, 84.2577]], "total_test_time": 12864.255472183228, "total_train_time": 2395.6361491680145}
{"round": 7, "acc": [[80.1364, 91.9571, 90.255, 82.3002], [73.0, 95.7551, 90.4827, 79.69], [71.7273, 93.1189, 92.623, 82.3817], [68.6818, 92.1805, 90.3916, 82.9527]], "total_test_time": 15008.05460524559, "total_train_time": 2796.1590297222137}
{"round": 8, "acc": [[81.1364, 91.9124, 90.1184, 81.6476], [73.1818, 96.202, 91.4845, 80.261], [71.8182, 93.0742, 92.7596, 82.7896], [70.9091, 92.0465, 90.7104, 84.0946]], "total_test_time": 17151.049518585205, "total_train_time": 3195.034513950348}
{"round": 10, "acc": [[81.6364, 91.9571, 90.4372, 80.1794], [72.7273, 96.1126, 90.8925, 79.3638], [70.9091, 92.8954, 92.9872, 82.9527], [70.1818, 91.7337, 89.8907, 84.5024]], "total_test_time": 19294.508728027344, "total_train_time": 3994.235515832901}
{"round": 20, "acc": [[82.5, 89.6783, 87.6594, 77.6509], [71.1818, 96.2913, 89.8452, 76.6721], [70.5909, 91.9571, 92.714, 81.2398], [68.4545, 89.5889, 89.4809, 83.7684]], "total_test_time": 21439.244389772415, "total_train_time": 7985.058870315552}
