{"base_model": "CLIP", "dataset": "domainnet", "subset_size": 50, "image_encoder_name": "convnext_base", "optimizer": "AdamW", "batch_size": 32, "learning_rate": 0.001, "global_rounds": 200, "local_epochs": 1, "warm_up": 5, "seed": 1}
{"round": 0, "acc": [[90.0607, 81.898, 91.9267, 86.451, 29.9733, 74.2844], [89.4533, 83.2861, 92.2117, 85.7143, 28.6667, 73.9981], [89.3981, 83.0595, 92.3609, 85.7143, 30.08, 72.7099], [88.7907, 81.9263, 91.5197, 86.8674, 30.6267, 71.4218], [89.2877, 81.728, 91.6011, 86.6752, 32.5867, 71.5649], [89.1773, 81.3598, 92.2795, 86.3549, 31.7333, 75.3817]], "total_test_time": 0, "total_train_time": 0}
{"round": 1, "acc": [[91.2203, 81.8697, 91.7096, 86.6752, 33.2533, 73.6641], [88.6803, 86.5722, 91.886, 85.7143, 28.08, 72.9962], [88.2938, 80.6516, 94.1113, 84.401, 31.3333, 72.9485], [88.7355, 81.6714, 91.9267, 89.3978, 32.7467, 71.5172], [88.349, 80.7365, 91.5197, 85.6182, 53.9733, 70.7061], [87.7968, 81.2465, 92.1981, 85.7783, 30.9867, 77.9103]], "total_test_time": 897.2187185287476, "total_train_time": 265.4806649684906}
{"round": 2, "acc": [[92.5456, 81.5864, 92.0488, 86.7393, 33.8667, 72.4237], [87.1894, 87.2805, 91.3161, 83.8565, 25.5733, 70.5153], [85.9746, 78.5269, 94.8304, 82.3511, 27.0667, 70.563], [89.0668, 79.7167, 91.9539, 90.6791, 32.5467, 69.8473], [86.8581, 79.2918, 91.0448, 83.9206, 66.6, 68.9408], [87.4655, 80.9348, 92.0624, 85.0737, 30.48, 79.1508]], "total_test_time": 1797.7879207134247, "total_train_time": 533.7775025367737}
{"round": 3, "acc": [[93.2082, 81.6147, 91.9946, 86.483, 33.3467, 71.708], [86.582, 88.3286, 91.0855, 83.5362, 24.6267, 69.9427], [86.2507, 79.6884, 95.1153, 83.7284, 29.88, 68.75], [89.0668, 77.1105, 91.3976, 91.2556, 32.6533, 66.9847], [84.1524, 76.8272, 89.6201, 79.4363, 70.8, 63.9313], [87.9625, 81.3881, 91.9539, 85.7143, 30.4133, 80.1527]], "total_test_time": 2703.769767522812, "total_train_time": 801.883875131607}
{"round": 4, "acc": [[92.7664, 82.238, 92.2795, 86.7393, 32.24, 72.6622], [86.4163, 88.0453, 91.0583, 83.9526, 27.0133, 68.4637], [86.6924, 78.4703, 95.1425, 83.4081, 27.3333, 66.6508], [89.7294, 76.6006, 90.9362, 91.64, 34.6667, 66.937], [82.8272, 73.1445, 88.209, 75.8488, 72.5067, 61.9752], [86.9133, 80.7649, 91.479, 84.2729, 28.2, 80.3435]], "total_test_time": 3607.610276699066, "total_train_time": 1070.0855145454407}
{"round": 6, "acc": [[93.0977, 79.9717, 91.0855, 85.426, 33.6, 70.4676], [84.8702, 88.3853, 90.2307, 83.5042, 25.3067, 67.1756], [82.7167, 75.0425, 95.1696, 80.5894, 23.84, 65.8874], [89.3981, 76.3173, 90.4885, 91.2876, 32.8933, 63.5496], [78.741, 65.6941, 83.4193, 70.2434, 73.8533, 53.1489], [85.2015, 77.8187, 89.8915, 83.0237, 27.2533, 79.771]], "total_test_time": 4509.908039808273, "total_train_time": 1602.2516825199127}
{"round": 8, "acc": [[93.4843, 79.1218, 91.4518, 85.5541, 33.6, 69.5134], [83.7659, 88.2153, 89.4437, 81.1659, 23.8533, 65.5057], [82.9376, 71.6714, 94.9389, 78.6355, 23.6267, 65.4103], [88.349, 72.238, 89.3758, 91.4158, 29.1733, 63.6927], [72.667, 57.1955, 77.1642, 61.2428, 75.32, 45.1336], [86.4163, 77.0822, 90.0407, 83.5362, 27.4, 80.5821]], "total_test_time": 5404.833978176117, "total_train_time": 2136.8075680732727}
{"round": 11, "acc": [[93.6499, 79.0085, 90.9362, 85.7143, 31.5733, 68.5592], [81.2258, 88.102, 88.0597, 80.173, 22.36, 64.7901], [84.8702, 75.864, 95.3867, 81.6143, 23.3733, 66.0782], [87.852, 71.7564, 87.924, 91.7361, 32.88, 61.0687], [71.7835, 51.728, 71.384, 62.1397, 76.4267, 41.4599], [82.4959, 73.0028, 88.521, 81.0378, 24.6133, 80.2481]], "total_test_time": 6311.399028301239, "total_train_time": 2940.4608817100525}
{"round": 21, "acc": [[93.5395, 76.9688, 89.5387, 84.3049, 30.6667, 64.7901], [80.7841, 87.4788, 85.9294, 79.7245, 23.0533, 62.5], [78.9067, 69.5751, 95.0746, 76.9699, 20.6267, 60.687], [86.8581, 69.8584, 86.8928, 91.5759, 32.6933, 55.9637], [61.9547, 41.1615, 57.0828, 54.7406, 77.5733, 33.063], [78.6858, 67.4788, 87.1235, 77.8347, 20.8133, 79.9618]], "total_test_time": 7218.018511533737, "total_train_time": 5621.9671630859375}
