{"base_model": "CLIP", "dataset": "PACS", "subset_size": 7, "image_encoder_name": "convnext_base", "optimizer": "AdamW", "batch_size": 32, "learning_rate": 0.001, "global_rounds": 200, "local_epochs": 1, "warm_up": 5, "seed": 1}
{"round": 0, "acc": [[99.8802, 12.3324, 97.998, 98.7628], [8.982, 98.9276, 7.0312, 4.4369], [99.8204, 14.7453, 98.3887, 98.1229], [99.8802, 12.0643, 97.9492, 99.0188]], "total_test_time": 0, "total_train_time": 0}
{"round": 1, "acc": [[99.9401, 15.8177, 96.875, 98.2509], [9.521, 98.9276, 6.9336, 4.3089], [99.8204, 13.6729, 98.7793, 98.5068], [99.8204, 13.6729, 97.6074, 99.3174]], "total_test_time": 95.68929481506348, "total_train_time": 21.947891235351562}
{"round": 2, "acc": [[99.9401, 16.3539, 95.2637, 97.9096], [9.4012, 98.9276, 6.9824, 4.5648], [99.9401, 13.941, 98.9746, 98.2509], [99.8802, 13.941, 97.2656, 99.5734]], "total_test_time": 189.23417806625366, "total_train_time": 42.49079513549805}
{"round": 5, "acc": [[100.0, 13.941, 93.457, 97.8669], [6.8862, 98.9276, 6.9824, 4.5648], [99.8204, 13.941, 99.4629, 98.4215], [99.7605, 9.3834, 97.6562, 99.7014]], "total_test_time": 282.99617624282837, "total_train_time": 104.7435884475708}
{"round": 15, "acc": [[100.0, 17.6944, 91.4551, 97.6109], [9.3413, 98.9276, 10.1562, 6.7406], [98.5629, 10.992, 99.8047, 97.2696], [99.7006, 10.1877, 97.168, 99.9147]], "total_test_time": 376.3762295246124, "total_train_time": 311.1959946155548}
{"round": 25, "acc": [[100.0, 17.9625, 87.5977, 95.5631], [8.982, 99.1957, 9.9121, 6.7406], [97.5449, 20.1072, 99.8047, 96.2031], [99.8204, 15.0134, 97.2656, 99.9147]], "total_test_time": 470.115660905838, "total_train_time": 517.3009781837463}
