{"base_model": "CLIP", "dataset": "domainnet", "subset_size": 50, "image_encoder_name": "RN101", "optimizer": "AdamW", "batch_size": 32, "learning_rate": 0.001, "global_rounds": 200, "local_epochs": 1, "warm_up": 5, "seed": 1}
{"round": 0, "acc": [[30.5908, 51.5581, 71.3161, 40.647, 5.52, 29.9141], [36.6648, 51.3031, 70.2307, 45.1634, 7.04, 29.8664], [33.8487, 51.728, 72.4288, 41.0314, 5.7467, 29.8664], [35.5605, 49.1501, 67.4627, 43.5298, 8.1067, 28.1489], [35.0635, 49.5467, 65.4817, 40.0705, 6.44, 28.7214], [34.18, 51.9547, 69.1859, 42.4407, 6.88, 31.25]], "total_test_time": 0, "total_train_time": 0}
{"round": 1, "acc": [[36.3887, 33.0878, 55.2239, 31.0378, 5.0, 21.9943], [32.6891, 55.0992, 64.0841, 37.5721, 5.2133, 25.6202], [33.9039, 42.7195, 76.3908, 34.1127, 4.92, 24.4275], [30.37, 30.6516, 47.9647, 39.622, 7.1733, 17.8435], [2.8713, 3.4278, 2.6323, 5.1249, 26.7333, 1.9561], [27.7747, 28.5836, 50.6242, 27.7066, 3.8667, 27.0515]], "total_test_time": 417.03193068504333, "total_train_time": 116.36588144302368}
{"round": 2, "acc": [[45.4445, 33.5127, 55.7259, 29.8206, 4.9733, 21.5649], [31.3087, 62.9462, 63.4735, 33.9206, 4.6533, 24.4752], [34.0144, 41.5014, 80.8141, 34.0487, 4.6133, 24.9523], [33.5726, 27.932, 46.6486, 47.7578, 7.72, 16.8416], [3.81, 3.4844, 2.9037, 3.6515, 43.4, 2.5763], [27.2777, 30.0567, 49.9729, 26.9379, 3.28, 33.4447]], "total_test_time": 834.6616973876953, "total_train_time": 232.46338558197021}
{"round": 3, "acc": [[54.4451, 35.4391, 56.8114, 32.319, 5.2933, 22.8053], [34.9531, 66.2606, 64.9254, 35.7143, 5.56, 26.479], [38.1557, 44.6742, 82.3066, 35.8744, 5.12, 24.4752], [36.8857, 31.2181, 47.8697, 52.6265, 8.76, 17.7958], [3.6996, 2.5779, 2.7273, 3.2351, 51.9067, 1.9084], [27.2225, 31.9263, 51.7096, 26.8097, 3.8533, 36.7366]], "total_test_time": 1254.6805930137634, "total_train_time": 350.34381771087646}
{"round": 4, "acc": [[57.5373, 36.1756, 57.8019, 34.4331, 5.3867, 23.6641], [34.3457, 65.8924, 64.654, 34.0167, 6.8667, 27.3378], [39.3705, 43.5977, 83.1615, 34.7534, 5.9867, 27.1469], [35.45, 31.2181, 46.73, 54.5484, 8.92, 17.5573], [3.7548, 2.5779, 2.9172, 3.107, 54.8533, 2.1947], [28.8239, 34.4759, 54.6947, 27.066, 5.0667, 38.1679]], "total_test_time": 1672.044503211975, "total_train_time": 466.4199421405792}
{"round": 5, "acc": [[60.5743, 34.4476, 57.2863, 34.7854, 7.0667, 22.6145], [37.3274, 67.762, 64.8982, 36.9315, 6.28, 28.1489], [36.0574, 42.9462, 83.2429, 34.4651, 5.6667, 26.8607], [36.6096, 32.2096, 48.3853, 56.6944, 9.44, 17.7004], [3.3683, 2.153, 2.5102, 2.6906, 56.04, 2.4332], [25.7316, 29.4618, 48.8874, 23.991, 3.0933, 38.8836]], "total_test_time": 2088.302609205246, "total_train_time": 582.7401177883148}
{"round": 6, "acc": [[59.8564, 36.034, 56.1872, 33.0237, 5.9067, 23.0916], [35.6157, 69.0652, 63.1615, 35.0096, 7.0133, 27.0992], [36.6648, 43.2011, 83.1208, 34.9135, 6.8667, 25.0954], [39.4257, 33.3144, 50.5427, 57.9436, 8.9067, 19.5611], [4.0309, 3.0312, 2.8358, 3.6835, 58.6667, 2.1947], [28.0508, 32.068, 51.8725, 25.7527, 4.8533, 41.7939]], "total_test_time": 2508.7917132377625, "total_train_time": 698.9437861442566}
{"round": 7, "acc": [[61.4025, 35.3824, 56.5265, 33.6963, 7.0, 22.3282], [36.1126, 69.8017, 62.8901, 36.0987, 6.6667, 27.3855], [37.217, 45.6374, 83.8128, 33.8565, 6.64, 27.0038], [37.7692, 30.5382, 47.7612, 58.2639, 8.4933, 17.271], [3.2027, 3.9377, 3.5278, 4.5484, 57.88, 2.2424], [29.7073, 31.2465, 53.5142, 25.8808, 4.5333, 40.6966]], "total_test_time": 2926.689678668976, "total_train_time": 815.0516347885132}
{"round": 8, "acc": [[62.1756, 36.6289, 56.4993, 35.6182, 8.04, 23.9981], [37.4379, 69.3768, 63.5007, 37.9564, 3.96, 27.9103], [38.7079, 45.1275, 84.2877, 34.0167, 6.1067, 25.8111], [39.2601, 30.3966, 47.0285, 58.0077, 9.5467, 17.3187], [3.7548, 3.6261, 3.5142, 4.4202, 60.3733, 2.0992], [30.1491, 30.2266, 50.4613, 26.1051, 3.4933, 41.6985]], "total_test_time": 3346.781608104706, "total_train_time": 932.9265956878662}
{"round": 18, "acc": [[62.0099, 34.9575, 53.8535, 34.6573, 8.2, 20.7061], [34.9531, 68.3003, 60.5156, 33.5362, 5.1733, 27.0038], [37.217, 44.6176, 83.867, 33.1839, 6.1067, 25.2863], [38.984, 30.3683, 44.9118, 60.1217, 9.5467, 16.6031], [2.5953, 3.5977, 2.1981, 4.7085, 62.72, 1.145], [25.4555, 28.4419, 44.9932, 23.1903, 3.88, 39.4561]], "total_test_time": 3765.2480053901672, "total_train_time": 2097.7124190330505}
