{"base_model": "CLIP", "dataset": "domainnet", "subset_size": 50, "image_encoder_name": "RN50", "optimizer": "AdamW", "batch_size": 32, "learning_rate": 0.001, "global_rounds": 200, "local_epochs": 1, "warm_up": 5, "seed": 1}
{"round": 0, "acc": [[33.683, 50.7932, 69.1995, 40.5509, 5.9067, 26.6221], [35.5052, 50.4816, 68.4939, 40.9033, 5.7867, 24.5229], [32.9652, 49.4618, 71.1398, 38.0205, 4.48, 23.9027], [35.5052, 48.2153, 66.5129, 39.4939, 6.4, 25.5248], [35.6709, 48.6686, 66.6486, 38.7572, 6.5733, 26.8607], [33.2413, 51.1898, 67.6391, 40.4228, 4.9733, 28.1011]], "total_test_time": 0, "total_train_time": 0}
{"round": 1, "acc": [[42.021, 34.4193, 55.5767, 32.2229, 4.0133, 20.8969], [29.0999, 60.6516, 64.5455, 35.0096, 4.48, 24.0458], [35.947, 42.6629, 78.6296, 31.0698, 3.8267, 25.2863], [31.4743, 33.0028, 51.4925, 43.1775, 6.64, 18.1775], [3.4787, 0.7932, 3.0258, 5.9257, 38.8533, 2.4809], [26.1182, 28.9235, 48.0733, 25.6246, 4.68, 29.6756]], "total_test_time": 329.5212969779968, "total_train_time": 89.58266592025757}
{"round": 2, "acc": [[53.175, 35.864, 57.0556, 32.8635, 4.5733, 22.4237], [32.2474, 65.864, 65.2646, 35.8744, 5.2267, 26.2882], [37.6035, 43.5411, 82.1981, 31.198, 4.04, 27.3855], [35.3396, 34.2776, 53.3786, 51.4414, 6.1867, 17.9866], [4.1966, 0.5666, 3.4328, 3.2992, 50.8267, 2.8149], [25.0138, 30.4249, 52.3745, 25.048, 3.88, 37.2137]], "total_test_time": 657.5220732688904, "total_train_time": 178.88616824150085}
{"round": 3, "acc": [[55.8807, 33.1445, 53.3921, 32.1268, 4.0533, 20.0859], [31.4743, 67.1671, 62.3881, 35.5221, 4.88, 24.9523], [35.8918, 43.0028, 82.673, 31.3261, 4.5067, 24.2366], [38.8183, 32.5496, 49.4301, 54.5484, 8.0133, 17.5095], [4.0309, 0.5382, 4.1113, 3.107, 54.3733, 2.9103], [23.9647, 30.9915, 51.7096, 22.7418, 3.1067, 38.3111]], "total_test_time": 985.8235449790955, "total_train_time": 268.1928629875183}
{"round": 4, "acc": [[58.5864, 32.7762, 53.772, 32.4792, 4.8667, 21.7557], [31.1982, 68.102, 62.9986, 35.4901, 5.04, 23.5687], [33.5174, 43.7394, 82.6323, 30.173, 4.2, 25.1431], [40.254, 36.0907, 49.7015, 56.9186, 8.9867, 18.416], [5.0801, 1.2748, 3.0801, 3.2351, 57.8267, 2.3378], [24.5721, 29.3201, 49.3894, 21.8129, 3.52, 39.7901]], "total_test_time": 1315.3274383544922, "total_train_time": 357.9123568534851}
{"round": 5, "acc": [[60.4086, 31.898, 53.6906, 31.1019, 4.4667, 20.7061], [34.5113, 67.5921, 63.8806, 39.1416, 5.9867, 25.9065], [33.407, 40.7365, 82.4695, 28.3472, 3.1867, 23.4733], [39.757, 36.0057, 49.7422, 55.4132, 8.68, 18.6546], [3.6444, 0.7082, 3.27, 3.2671, 58.1333, 3.1489], [27.6091, 29.6601, 51.3026, 24.7918, 4.04, 39.4084]], "total_test_time": 1643.8481240272522, "total_train_time": 447.64074301719666}
{"round": 6, "acc": [[61.1264, 32.2946, 54.7083, 33.312, 4.0, 20.9924], [33.4622, 67.1105, 60.1221, 35.426, 6.5467, 21.8511], [34.6218, 42.8612, 83.0936, 28.5714, 4.96, 22.7576], [35.8366, 31.1048, 47.4898, 57.0147, 7.5867, 17.271], [4.0861, 1.1615, 3.1208, 4.2281, 58.96, 2.8626], [26.1734, 28.2436, 49.3351, 22.934, 4.3733, 41.2214]], "total_test_time": 1972.0459320545197, "total_train_time": 538.5057196617126}
{"round": 16, "acc": [[62.3965, 30.9348, 50.4478, 31.9667, 7.0667, 19.1794], [32.413, 66.5722, 58.0733, 33.8245, 5.1733, 23.7595], [33.4622, 41.898, 83.2157, 28.2832, 3.4933, 23.3302], [39.2601, 30.5382, 45.8616, 57.271, 8.48, 16.4122], [3.2579, 1.1615, 3.6228, 3.5874, 63.8933, 2.958], [22.529, 24.1926, 43.3786, 23.1582, 3.7867, 39.1221]], "total_test_time": 2309.0310475826263, "total_train_time": 1443.9848141670227}
