{"base_model": "CLIP", "dataset": "domainnet", "subset_size": 50, "image_encoder_name": "RN50x4", "optimizer": "AdamW", "batch_size": 32, "learning_rate": 0.001, "global_rounds": 200, "local_epochs": 1, "warm_up": 5, "seed": 1}
{"round": 0, "acc": [[84.0972, 79.8584, 91.2212, 81.7745, 25.0267, 73.3779], [84.9255, 80.1983, 91.1805, 81.5503, 23.8933, 74.4752], [84.6494, 78.8385, 91.0041, 81.9667, 24.4933, 73.521], [85.2015, 79.3768, 91.2076, 82.1909, 24.52, 72.376], [85.5881, 78.3569, 91.2212, 82.0307, 27.1867, 72.5668], [84.9807, 78.5269, 91.3026, 82.8635, 25.7333, 76.1927]], "total_test_time": 0, "total_train_time": 0}
{"round": 1, "acc": [[71.8388, 55.7224, 82.9037, 64.1896, 11.4133, 68.5592], [76.974, 79.8017, 88.5482, 77.8988, 18.84, 72.1374], [75.1518, 70.6232, 92.8494, 73.927, 15.6, 68.416], [68.9122, 58.6402, 83.0936, 74.4395, 17.1333, 64.1698], [5.4114, 2.1813, 5.1832, 12.0756, 28.1467, 6.8702], [71.3418, 64.051, 84.7761, 72.6457, 15.4, 73.4256]], "total_test_time": 930.9177045822144, "total_train_time": 287.1126186847687}
{"round": 2, "acc": [[77.3606, 57.5637, 83.8806, 65.631, 11.0933, 67.4618], [75.4832, 81.9547, 88.7381, 77.3222, 17.6133, 69.7996], [76.201, 68.4136, 93.46, 72.5817, 14.2, 67.271], [70.8448, 54.5892, 81.3161, 76.9699, 17.2, 59.4466], [6.3501, 3.3144, 6.2144, 10.7944, 42.9733, 4.8187], [71.7835, 64.3909, 85.251, 71.877, 15.48, 76.0019]], "total_test_time": 1864.1899321079254, "total_train_time": 573.8757464885712}
{"round": 3, "acc": [[80.1767, 56.3739, 82.5237, 64.6381, 11.2933, 65.7443], [72.8879, 82.238, 87.3134, 74.2152, 14.6267, 67.4141], [76.3114, 67.8187, 93.3786, 72.3254, 14.5733, 65.6966], [71.7835, 54.0793, 81.8453, 78.6675, 16.7733, 59.3989], [5.5218, 2.6629, 4.9389, 8.1358, 50.0, 3.4351], [68.9122, 64.6176, 84.5726, 71.6208, 14.3067, 78.1011]], "total_test_time": 2796.656959295273, "total_train_time": 860.0656061172485}
{"round": 4, "acc": [[81.3915, 55.2691, 81.9132, 64.6381, 11.8, 63.5019], [72.2253, 82.0963, 85.9837, 73.7028, 13.1867, 65.2195], [74.5997, 61.8414, 93.0258, 68.8981, 12.7333, 63.5019], [70.9001, 53.881, 80.0407, 79.5644, 19.1867, 55.9637], [5.577, 2.1813, 3.9349, 7.3671, 53.3067, 3.5305], [68.4152, 62.8329, 83.8263, 71.3645, 11.8, 77.0038]], "total_test_time": 3729.3615596294403, "total_train_time": 1146.8290581703186}
{"round": 5, "acc": [[80.7289, 56.0907, 81.8725, 65.9513, 10.7867, 63.9313], [73.7714, 82.7195, 87.422, 74.984, 12.48, 64.7424], [74.434, 64.9575, 93.3921, 71.6848, 11.1867, 63.979], [70.2374, 53.6261, 79.4437, 80.237, 17.3733, 53.8168], [4.4727, 2.5779, 3.5142, 5.5734, 55.2133, 2.8149], [65.7648, 55.4958, 80.9769, 68.4817, 9.5333, 75.0477]], "total_test_time": 4661.572002649307, "total_train_time": 1433.3320367336273}
{"round": 6, "acc": [[81.2811, 56.204, 80.5156, 66.3677, 11.0533, 63.1202], [71.0657, 81.4448, 84.4912, 70.884, 14.3067, 62.0706], [72.3909, 62.4079, 93.2429, 69.4747, 11.88, 61.4027], [67.9735, 41.7564, 76.0923, 80.205, 14.4, 48.9504], [5.4666, 3.0878, 3.6771, 6.1819, 55.5867, 2.5286], [66.9796, 59.2918, 83.3786, 69.5067, 12.2267, 77.9103]], "total_test_time": 5595.567820310593, "total_train_time": 1720.203869819641}
{"round": 7, "acc": [[80.6737, 55.1841, 79.9593, 65.9833, 11.4, 60.3053], [70.9001, 82.5496, 85.0882, 71.3645, 12.1867, 63.5496], [74.0475, 63.6827, 93.7313, 71.1083, 11.56, 64.2653], [71.397, 51.898, 77.8697, 79.2761, 15.0, 54.6756], [5.5218, 2.8895, 3.2564, 6.1819, 58.24, 2.1947], [60.2982, 52.5496, 80.2307, 62.524, 9.2, 77.6718]], "total_test_time": 6530.213564634323, "total_train_time": 2007.6823558807373}
{"round": 17, "acc": [[79.7902, 51.3031, 76.5943, 61.5311, 8.4667, 54.9141], [67.5318, 80.8499, 81.9539, 68.77, 9.88, 58.874], [71.6179, 59.9433, 93.2836, 67.4247, 12.3867, 61.7366], [68.6913, 48.6119, 72.9444, 79.8847, 13.12, 46.5172], [5.0801, 2.5496, 3.0529, 5.7655, 61.3867, 2.3378], [60.6295, 51.3881, 78.4939, 62.0115, 9.24, 76.3359]], "total_test_time": 7466.392659664154, "total_train_time": 4878.042650222778}
