{"base_model": "CLIP", "dataset": "office", "subset_size": 100, "image_encoder_name": "ViT-B-32", "optimizer": "AdamW", "batch_size": 32, "learning_rate": 0.001, "global_rounds": 200, "local_epochs": 1, "warm_up": 5, "seed": 1}
{"round": 0, "acc": [[77.7273, 94.1912, 92.3953, 83.279], [76.9091, 93.9678, 92.2587, 82.2186], [76.3636, 94.1019, 92.122, 83.3605], [75.1364, 93.6997, 91.8488, 81.8923]], "total_test_time": 0, "total_train_time": 0}
{"round": 1, "acc": [[78.9091, 94.4593, 92.2131, 83.4421], [77.5909, 94.5934, 92.1676, 82.5449], [76.2727, 94.0125, 92.3953, 83.279], [75.3636, 93.3423, 91.6667, 83.3605]], "total_test_time": 687.3733198642731, "total_train_time": 125.74819135665894}
{"round": 2, "acc": [[81.0909, 94.4593, 92.031, 82.4633], [77.4545, 95.3083, 92.122, 83.0343], [76.0909, 93.9678, 92.714, 83.4421], [75.1364, 93.2529, 91.8944, 83.6868]], "total_test_time": 1369.040458202362, "total_train_time": 251.2626404762268}
{"round": 3, "acc": [[82.0, 94.2806, 91.3024, 82.4633], [76.9545, 95.8445, 91.9399, 81.9739], [76.7273, 93.9678, 92.8506, 82.9527], [74.1364, 92.8508, 91.6211, 84.5024]], "total_test_time": 2048.6876735687256, "total_train_time": 377.1774859428406}
{"round": 5, "acc": [[83.2727, 93.1635, 91.5301, 81.1582], [77.0455, 96.1573, 91.5301, 81.3214], [77.2273, 94.0572, 93.3971, 82.8711], [73.5455, 92.6273, 91.5301, 84.7471]], "total_test_time": 2732.086344242096, "total_train_time": 663.089296579361}
{"round": 6, "acc": [[83.7727, 92.8954, 90.6648, 80.3426], [77.5, 96.1126, 91.6667, 81.1582], [76.9545, 94.0572, 93.3971, 82.3817], [74.3636, 92.8061, 91.3479, 85.2365]], "total_test_time": 4015.260801792145, "total_train_time": 894.5758488178253}
{"round": 16, "acc": [[83.9545, 92.2252, 90.5738, 79.3638], [77.0, 96.4701, 91.4845, 81.2398], [76.0909, 93.6104, 93.5337, 82.2186], [73.9091, 92.4486, 91.7122, 86.0522]], "total_test_time": 5098.262058019638, "total_train_time": 2157.3031046390533}
