{"base_model": "CLIP", "dataset": "data", "subset_size": 100, "image_encoder_name": "ViT-B-32", "optimizer": "AdamW", "batch_size": 32, "learning_rate": 0.001, "global_rounds": 200, "local_epochs": 1, "warm_up": 5, "seed": 1}
{"round": 0, "acc": [[88.3864, 81.6787, 91.9855, 82.7284, 28.9867, 66.6766], [87.5033, 82.558, 91.7502, 82.4781, 24.5667, 66.3482], [87.2893, 81.4548, 91.7838, 82.3112, 25.2667, 65.1538], [87.6104, 80.8153, 91.7367, 83.3125, 28.64, 65.6614], [87.5033, 80.6075, 91.7972, 82.9996, 30.1933, 64.6163], [87.6104, 81.0871, 92.1536, 82.2486, 28.2467, 69.9313]], "total_test_time": 0, "total_train_time": 0}
{"round": 1, "acc": [[89.6173, 81.9345, 92.2813, 82.3112, 28.22, 67.5724], [86.2724, 85.8513, 91.2929, 82.499, 22.9933, 66.4975], [86.5935, 79.6323, 93.9151, 79.3492, 24.7667, 67.3037], [86.1119, 79.5683, 91.2055, 87.2549, 26.8667, 65.8107], [86.1386, 78.6571, 91.4476, 79.6621, 54.96, 63.3025], [87.7174, 81.5188, 92.2611, 82.1861, 27.1467, 72.7381]], "total_test_time": 650.6853086948395, "total_train_time": 129.73667860031128}
{"round": 2, "acc": [[90.768, 81.7426, 92.2477, 82.0401, 27.0133, 67.662], [86.1654, 87.3062, 91.1316, 82.0192, 21.7867, 66.2586], [85.764, 78.785, 94.4665, 77.5136, 21.7267, 65.5718], [85.3893, 76.1151, 90.6408, 88.0893, 26.7, 64.5864], [85.5767, 76.5947, 90.6811, 77.1172, 63.42, 61.9887], [87.2358, 80.8633, 91.8174, 81.164, 25.4133, 73.5443]], "total_test_time": 1297.8511936664581, "total_train_time": 258.7139208316803}
{"round": 3, "acc": [[91.1694, 80.9273, 92.3418, 81.7272, 27.0733, 67.244], [85.6569, 87.3701, 90.4592, 81.6437, 19.4133, 65.6315], [85.095, 76.8665, 94.4396, 76.1368, 21.6867, 64.049], [84.533, 70.9672, 89.5717, 89.1531, 27.54, 61.6005], [83.3021, 73.8769, 89.1279, 74.8853, 66.2, 59.8388], [86.3794, 80.2558, 91.3871, 80.6216, 24.44, 74.8283]], "total_test_time": 1943.1634588241577, "total_train_time": 387.93107080459595}
{"round": 4, "acc": [[91.0088, 80.5915, 91.7502, 81.9358, 25.9267, 65.5718], [84.8542, 87.1942, 89.6457, 79.829, 13.7, 63.6608], [84.4528, 76.7386, 94.3186, 75.8448, 20.66, 62.6754], [84.426, 70.4556, 88.6976, 89.2783, 28.7533, 58.9131], [81.6163, 70.5036, 87.1848, 71.8189, 67.6067, 55.957], [85.8443, 79.1687, 90.5937, 79.7872, 24.2733, 74.0221]], "total_test_time": 2588.507357120514, "total_train_time": 517.2790794372559}
{"round": 5, "acc": [[91.1159, 79.0887, 91.5283, 79.5578, 20.7133, 65.1239], [83.5429, 87.0663, 88.9733, 78.4522, 15.0733, 61.4213], [82.8204, 77.0104, 94.0563, 74.2595, 19.14, 59.8089], [83.5429, 70.5196, 86.9428, 88.423, 28.3867, 57.0021], [78.5122, 65.4996, 84.7643, 66.4998, 68.12, 53.5682], [84.7471, 78.0496, 90.3785, 79.1823, 25.1467, 74.3506]], "total_test_time": 3241.1942780017853, "total_train_time": 646.868537902832}
{"round": 15, "acc": [[90.7412, 76.9624, 90.0424, 77.597, 23.1067, 61.8394], [81.2416, 86.4269, 87.3798, 75.6988, 13.1067, 56.9722], [80.974, 73.2854, 93.5185, 72.4864, 21.9067, 57.241], [81.4022, 63.9329, 83.0498, 88.1727, 27.42, 51.06], [65.6409, 45.9952, 62.4824, 50.6049, 71.1933, 31.054], [80.091, 70.7594, 87.8639, 73.6546, 21.1933, 73.186]], "total_test_time": 3891.5744049549103, "total_train_time": 1943.971097946167}
