{"base_model": "CLIP", "dataset": "data2", "subset_size": 200, "image_encoder_name": "ViT-B-32", "optimizer": "AdamW", "batch_size": 128, "learning_rate": 0.001, "global_rounds": 200, "local_epochs": 1, "warm_up": 20, "seed": 1}
{"round": 100, "acc": [[86.2657, 63.7604, 80.2296, 69.4801, 17.6733, 48.5722], [72.7165, 79.9374, 76.9151, 67.2959, 9.1833, 46.6448], [76.7085, 63.9171, 89.6186, 68.8081, 12.6833, 50.1571], [73.2981, 54.4451, 72.6309, 83.1192, 18.11, 40.6196], [44.9174, 25.9845, 36.4727, 35.1947, 66.5933, 12.0788], [67.7726, 55.3848, 76.5097, 60.4764, 14.1633, 64.2776]], "total_test_time": 0.00025844573974609375, "total_train_time": 31117.920929908752}
{"round": 199, "acc": [[86.2525, 63.6411, 80.0772, 69.4604, 17.1867, 48.4152], [72.4521, 80.2506, 77.1064, 67.3256, 9.55, 46.5877], [77.1844, 64.6032, 89.7418, 68.9958, 12.6367, 50.6425], [74.1441, 54.9672, 73.1368, 83.475, 18.22, 40.791], [42.3794, 24.381, 34.0566, 34.7401, 66.74, 10.9937], [67.9048, 55.4296, 76.2794, 59.5572, 13.6567, 64.4632]], "total_test_time": 1701.6670792102814, "total_train_time": 61685.25057172775}
