{"base_model": "CLIP", "dataset": "data2", "subset_size": 10, "image_encoder_name": "ViT-B-16", "optimizer": "AdamW", "batch_size": 128, "learning_rate": 0.001, "global_rounds": 200, "local_epochs": 1, "warm_up": 20, "seed": 1}
{"round": 100, "acc": [[98.7013, 94.6821, 99.692, 98.4906, 52.2, 91.3793], [95.4545, 97.1098, 99.5893, 96.0377, 53.6667, 86.2069], [97.4026, 94.6821, 99.7947, 98.6792, 52.4667, 93.1034], [95.7792, 92.4855, 99.692, 98.4906, 57.8667, 93.1034], [78.5714, 71.2139, 84.0862, 69.8113, 91.4667, 56.3218], [97.7273, 91.7919, 99.384, 95.283, 41.4667, 93.6782]], "total_test_time": 0.0007164478302001953, "total_train_time": 6669.498886585236}
{"round": 199, "acc": [[98.7013, 94.6821, 99.692, 98.3019, 51.8667, 90.8046], [95.1299, 96.6474, 99.5893, 95.6604, 53.5333, 85.6322], [97.7273, 94.5665, 99.7947, 98.6792, 52.4667, 93.1034], [96.1039, 92.6012, 99.5893, 98.6792, 57.3333, 93.1034], [77.5974, 69.8266, 82.2382, 65.8491, 92.2, 55.7471], [98.0519, 91.7919, 99.384, 95.283, 41.6, 93.6782]], "total_test_time": 204.32851219177246, "total_train_time": 13201.57391166687}
