{"base_model": "CLIP", "dataset": "domainnet", "subset_size": 150, "image_encoder_name": "ViT-B-32", "optimizer": "AdamW", "batch_size": 32, "learning_rate": 0.001, "global_rounds": 200, "local_epochs": 1, "warm_up": 5, "seed": 1}
{"round": 0, "acc": [[85.6208, 76.9924, 90.2374, 78.8379, 24.6978, 61.0499], [84.8069, 79.0059, 89.672, 78.4869, 21.4978, 60.807], [84.7909, 77.3421, 89.9871, 77.772, 20.9778, 59.8169], [84.9026, 77.0348, 89.8619, 79.4878, 25.4933, 60.3587], [85.0303, 76.4731, 89.8921, 78.7989, 26.4978, 59.7048], [85.3016, 77.0136, 90.3453, 78.149, 24.8356, 64.0389]], "total_test_time": 0, "total_train_time": 0}
{"round": 1, "acc": [[87.3444, 77.6282, 90.2503, 77.915, 23.4533, 61.629], [84.0568, 83.404, 88.8865, 78.5259, 20.4533, 60.6949], [84.5515, 76.1234, 92.1062, 76.3551, 21.9289, 61.7037], [84.36, 76.3565, 89.4519, 83.0105, 24.8089, 60.4894], [82.8918, 74.1946, 89.4346, 75.5232, 50.6844, 58.3972], [85.142, 76.6744, 89.9137, 76.6151, 22.8222, 67.9058]], "total_test_time": 1233.8969061374664, "total_train_time": 227.8635540008545}
{"round": 2, "acc": [[88.0306, 77.0348, 90.1122, 77.551, 23.16, 62.4883], [82.8599, 84.5697, 88.5153, 77.421, 17.0711, 60.5081], [84.1845, 75.9432, 92.5939, 75.7312, 20.5822, 61.2367], [83.1631, 70.9941, 88.2391, 84.4274, 24.6489, 57.0521], [80.8809, 71.9797, 88.183, 72.4555, 58.6978, 56.2115], [82.0938, 72.2234, 87.6478, 70.0897, 15.9467, 69.3069]], "total_test_time": 2465.805324792862, "total_train_time": 452.37730526924133}
{"round": 3, "acc": [[88.4137, 76.4201, 89.3828, 75.4062, 20.5822, 61.4048], [81.0246, 85.142, 87.445, 75.1072, 10.3422, 59.7235], [83.3067, 74.0674, 92.5507, 73.4044, 19.9511, 59.5741], [81.9502, 67.3379, 86.1934, 85.3893, 24.6711, 52.6807], [78.7584, 68.4082, 86.3185, 69.1668, 62.9378, 52.2511], [80.3703, 69.8177, 86.789, 68.1269, 15.8444, 70.1476]], "total_test_time": 3697.7248005867004, "total_train_time": 676.5556449890137}
{"round": 5, "acc": [[88.2381, 75.2226, 87.7514, 73.9763, 19.1689, 58.9389], [80.2266, 84.8029, 86.2451, 74.7563, 15.1289, 57.7433], [82.5407, 72.6261, 92.3133, 72.6895, 18.4756, 57.3323], [79.668, 59.8877, 81.6875, 84.8564, 23.5111, 47.0204], [74.609, 61.3607, 80.0432, 63.7853, 65.4133, 44.5545], [77.2423, 66.7126, 85.0583, 66.918, 14.2622, 69.9047]], "total_test_time": 4929.52162528038, "total_train_time": 1124.9432847499847}
{"round": 7, "acc": [[88.6052, 74.7457, 87.281, 73.4954, 19.8533, 57.7994], [78.8541, 84.432, 84.9331, 72.7675, 13.5289, 54.8477], [81.9183, 72.128, 91.9422, 72.3645, 18.8978, 55.1653], [79.4606, 61.1382, 81.7393, 84.5834, 22.2089, 46.2171], [70.4596, 55.0975, 74.5447, 59.4177, 66.5556, 37.8106], [75.0559, 63.1836, 83.6556, 64.6822, 14.1333, 69.6619]], "total_test_time": 6165.4290635585785, "total_train_time": 1575.0909509658813}
{"round": 17, "acc": [[88.1264, 72.6367, 85.8394, 72.2085, 19.2933, 54.9412], [76.2209, 83.1496, 82.473, 69.1668, 12.7378, 51.7654], [81.0884, 69.7753, 91.571, 71.0776, 16.9556, 54.6609], [78.3275, 55.3412, 77.0997, 84.1934, 20.7156, 44.2742], [61.8896, 41.1721, 58.0449, 50.0975, 68.5778, 25.0887], [70.4117, 58.2556, 80.0043, 57.4548, 9.3733, 67.6817]], "total_test_time": 7401.280410766602, "total_train_time": 3821.8050570487976}
