{"base_model": "CLIP", "dataset": "data2", "subset_size": 200, "image_encoder_name": "ViT-B-16", "optimizer": "AdamW", "batch_size": 128, "learning_rate": 0.001, "global_rounds": 200, "local_epochs": 1, "warm_up": 20, "seed": 1}
{"round": 100, "acc": [[87.4686, 64.7673, 81.8771, 71.7335, 15.93, 54.7401], [74.5274, 82.5328, 79.1496, 69.1046, 12.1633, 48.4723], [79.3523, 67.1017, 90.6921, 72.5242, 12.02, 57.5528], [76.1533, 56.2575, 74.7162, 85.1453, 17.31, 47.5014], [44.2432, 25.1641, 34.222, 35.3924, 65.4667, 10.7796], [70.8262, 55.795, 77.5702, 62.6013, 11.6367, 69.9457]], "total_test_time": 0.0004780292510986328, "total_train_time": 129955.44722938538}
