{"base_model": "CLIP", "dataset": "data", "subset_size": 10, "image_encoder_name": "ViT-B-16", "optimizer": "AdamW", "batch_size": 32, "learning_rate": 0.001, "global_rounds": 200, "local_epochs": 1, "warm_up": 5, "seed": 1}
{"round": 0, "acc": [[97.4026, 92.948, 99.5893, 97.3585, 55.2667, 90.2299], [97.0779, 94.5665, 99.692, 98.3019, 54.8667, 90.2299], [97.7273, 92.948, 99.7947, 98.3019, 51.4667, 91.954], [97.7273, 92.8324, 99.5893, 98.1132, 56.6, 90.2299], [96.7532, 90.9827, 99.4867, 97.3585, 57.8, 88.5057], [97.4026, 93.8728, 99.5893, 97.7358, 54.0667, 90.8046]], "total_test_time": 0, "total_train_time": 0}
{"round": 1, "acc": [[97.7273, 92.8324, 99.5893, 97.5472, 56.2, 91.3793], [97.0779, 95.3757, 99.692, 98.1132, 52.0667, 89.0805], [97.7273, 94.104, 99.7947, 98.4906, 52.0, 92.5287], [97.7273, 92.948, 99.692, 98.6792, 55.9333, 90.8046], [96.1039, 89.2486, 99.4867, 96.6038, 80.3333, 82.1839], [97.7273, 93.9884, 99.5893, 97.9245, 52.7333, 90.8046]], "total_test_time": 169.01992440223694, "total_train_time": 47.85089087486267}
{"round": 2, "acc": [[98.0519, 92.948, 99.5893, 97.3585, 58.8667, 91.3793], [97.4026, 96.3006, 99.5893, 98.3019, 51.8667, 90.2299], [97.7273, 94.5665, 99.7947, 98.6792, 53.0, 92.5287], [97.7273, 93.4104, 99.692, 98.4906, 55.4667, 90.8046], [95.4545, 88.0925, 99.076, 95.6604, 85.4, 80.4598], [98.0519, 94.104, 99.5893, 98.4906, 50.4, 92.5287]], "total_test_time": 334.8229103088379, "total_train_time": 95.64385056495667}
{"round": 3, "acc": [[97.7273, 92.8324, 99.5893, 97.9245, 58.8, 91.3793], [96.4286, 96.763, 99.5893, 97.5472, 51.2, 87.931], [97.7273, 94.6821, 99.7947, 98.6792, 53.4, 91.954], [97.7273, 93.0636, 99.692, 98.8679, 55.6, 90.8046], [93.1818, 87.7457, 98.6653, 91.6981, 87.8667, 77.0115], [98.0519, 94.3353, 99.5893, 97.9245, 46.2, 93.1034]], "total_test_time": 502.4134957790375, "total_train_time": 143.09837698936462}
{"round": 4, "acc": [[98.0519, 93.6416, 99.5893, 98.1132, 59.4667, 91.3793], [97.0779, 96.4162, 99.5893, 98.3019, 52.8, 88.5057], [97.7273, 94.6821, 99.7947, 98.4906, 53.1333, 92.5287], [97.7273, 92.948, 99.692, 99.0566, 56.8, 90.8046], [91.5584, 86.5896, 97.9466, 88.6792, 89.3333, 70.6897], [98.0519, 94.3353, 99.692, 97.9245, 46.0, 93.6782]], "total_test_time": 670.9908366203308, "total_train_time": 190.85164046287537}
{"round": 5, "acc": [[98.3766, 93.7572, 99.5893, 98.3019, 58.6667, 91.954], [96.1039, 96.5318, 99.692, 97.7358, 53.8667, 87.931], [98.0519, 94.7977, 99.7947, 98.4906, 53.7333, 92.5287], [97.4026, 92.3699, 99.692, 98.8679, 57.7333, 90.8046], [90.2597, 85.6647, 95.3799, 83.2075, 88.7333, 67.8161], [97.7273, 94.4509, 99.692, 97.7358, 45.2667, 94.2529]], "total_test_time": 839.664359331131, "total_train_time": 238.57221627235413}
{"round": 15, "acc": [[98.3766, 93.6416, 99.5893, 98.1132, 55.4667, 91.3793], [95.7792, 96.8786, 99.692, 97.7358, 53.7333, 85.6322], [97.7273, 94.6821, 99.7947, 98.4906, 55.2, 92.5287], [97.4026, 92.948, 99.692, 98.8679, 57.6, 91.3793], [76.9481, 74.9133, 88.809, 67.7358, 89.4, 59.1954], [97.4026, 93.8728, 99.692, 97.3585, 48.8667, 93.6782]], "total_test_time": 1006.7561824321747, "total_train_time": 714.304488658905}
