{"base_model": "CLIP", "dataset": "office", "subset_size": 10, "image_encoder_name": "ViT-B-16", "optimizer": "AdamW", "batch_size": 32, "learning_rate": 0.001, "global_rounds": 200, "local_epochs": 1, "warm_up": 5, "seed": 1}
{"round": 0, "acc": [[82.2901, 95.2703, 93.1193, 87.2428], [81.6794, 94.5195, 93.2722, 86.8313], [82.0611, 94.5946, 92.4312, 87.2428], [80.6107, 94.6697, 92.737, 86.9684]], "total_test_time": 0, "total_train_time": 0}
{"round": 1, "acc": [[83.9695, 95.4955, 93.0428, 87.6543], [82.8244, 95.9459, 93.578, 86.5569], [82.2901, 94.5195, 92.8899, 86.9684], [80.7634, 94.2943, 92.5076, 88.3402]], "total_test_time": 146.29410433769226, "total_train_time": 50.2668571472168}
{"round": 2, "acc": [[85.6489, 95.5706, 92.5841, 87.2428], [82.4427, 97.1471, 93.9602, 86.9684], [82.1374, 95.045, 93.578, 86.4198], [80.7634, 94.3694, 92.2783, 88.8889]], "total_test_time": 299.49695110321045, "total_train_time": 100.97299337387085}
{"round": 3, "acc": [[85.7252, 95.6456, 92.3547, 87.2428], [80.5344, 97.5976, 92.9664, 86.8313], [81.9847, 95.1201, 93.6544, 86.6941], [80.6107, 94.4444, 92.4312, 89.0261]], "total_test_time": 453.39460468292236, "total_train_time": 151.94100618362427}
{"round": 4, "acc": [[87.0229, 95.1201, 92.8135, 86.2826], [80.8397, 96.997, 93.0428, 86.5569], [82.5191, 95.045, 93.8838, 86.4198], [79.6183, 94.7447, 92.8135, 89.4376]], "total_test_time": 606.6088325977325, "total_train_time": 203.21146082878113}
{"round": 14, "acc": [[88.1679, 93.5435, 92.3547, 82.8532], [80.229, 97.2222, 92.1254, 84.9108], [81.0687, 94.3694, 94.6483, 86.2826], [78.2443, 93.6937, 93.2722, 90.1235]], "total_test_time": 761.2147336006165, "total_train_time": 719.2096514701843}
