{"base_model": "CLIP", "dataset": "domainnet", "subset_size": 100, "image_encoder_name": "ViT-B-16", "optimizer": "AdamW", "batch_size": 32, "learning_rate": 0.001, "global_rounds": 200, "local_epochs": 1, "warm_up": 5, "seed": 1}
{"round": 0, "acc": [[89.0286, 84.3645, 92.7116, 84.1677, 27.7733, 72.2305], [89.1357, 85.4516, 92.4023, 84.1677, 25.2933, 71.1854], [88.5202, 84.6683, 92.4561, 84.0217, 24.2867, 71.5139], [88.6272, 84.0927, 92.4965, 84.564, 27.9467, 71.2451], [88.9216, 83.789, 92.3351, 84.3763, 29.1467, 70.1105], [88.4132, 83.9808, 92.8528, 84.6683, 26.9067, 74.888]], "total_test_time": 0, "total_train_time": 0}
{"round": 1, "acc": [[90.4469, 84.3645, 92.9806, 84.3554, 28.7067, 72.1111], [88.547, 88.0576, 92.241, 84.6058, 23.9667, 71.7229], [87.5301, 81.4548, 94.5875, 81.5603, 22.4867, 71.7528], [86.8879, 84.2366, 92.2611, 88.4647, 26.4867, 70.9466], [87.0217, 81.7906, 91.9048, 81.3934, 52.08, 67.9904], [87.8512, 84.1087, 92.8864, 84.3763, 25.8733, 77.4261]], "total_test_time": 1318.7780134677887, "total_train_time": 315.2212131023407}
{"round": 2, "acc": [[91.2764, 84.2686, 93.1083, 84.0008, 27.0, 72.0514], [87.2625, 89.2726, 91.8846, 84.0634, 21.4933, 71.4542], [86.9949, 79.9041, 95.0313, 80.4756, 21.8933, 70.8271], [86.2457, 80.7354, 91.5484, 89.6746, 26.2267, 68.5578], [85.2288, 79.5044, 91.3669, 78.2436, 60.8333, 65.3927], [88.4399, 84.2366, 92.8125, 83.9174, 26.1933, 78.9191]], "total_test_time": 2973.858388900757, "total_train_time": 645.1200938224792}
{"round": 3, "acc": [[91.4905, 83.5811, 92.9335, 83.3333, 25.4667, 70.9167], [85.871, 89.6563, 91.1921, 82.3738, 16.2867, 69.9612], [85.764, 79.7282, 94.843, 79.5786, 22.5867, 68.8862], [86.2457, 77.7938, 91.0106, 89.9875, 27.68, 67.2738], [83.65, 76.5468, 90.0558, 75.4693, 63.9533, 60.7943], [87.6907, 83.3893, 92.3822, 83.0204, 25.5467, 79.158]], "total_test_time": 4100.198884963989, "total_train_time": 960.7499437332153}
{"round": 4, "acc": [[91.4102, 83.6131, 92.7587, 83.3125, 25.66, 69.573], [85.1753, 88.9369, 90.1432, 80.6008, 16.0867, 67.6321], [84.7204, 78.0176, 94.8766, 78.6608, 19.9133, 65.9301], [84.9344, 76.8505, 89.8272, 90.509, 27.34, 64.5864], [81.5628, 72.9337, 88.0992, 72.7576, 65.2667, 56.4348], [87.316, 82.7498, 92.0527, 82.791, 25.8267, 79.6059]], "total_test_time": 5244.235212564468, "total_train_time": 1275.716515302658}
{"round": 5, "acc": [[91.4905, 82.7178, 92.4158, 83.229, 24.54, 69.6029], [84.988, 88.729, 90.0625, 81.8732, 18.7867, 67.7217], [84.1852, 77.1383, 94.6884, 75.8448, 19.9333, 64.3476], [84.5866, 74.3565, 88.5699, 90.0918, 25.6933, 62.1977], [77.2277, 66.6187, 83.9642, 65.7697, 66.44, 49.0296], [85.9513, 80.5596, 91.4745, 81.3934, 25.5533, 79.4566]], "total_test_time": 6371.337100982666, "total_train_time": 1590.728099346161}
{"round": 6, "acc": [[91.437, 82.3981, 91.9989, 81.5186, 25.66, 68.1995], [84.2119, 89.0647, 89.3767, 80.121, 14.6733, 66.8558], [85.6837, 77.8098, 94.7623, 78.1185, 22.9867, 65.1239], [84.2387, 73.0935, 87.6958, 90.0083, 26.0133, 61.6602], [77.2277, 64.3165, 81.2277, 64.5807, 67.98, 45.3867], [85.4429, 79.4404, 90.8425, 80.4547, 24.8067, 78.8295]], "total_test_time": 7501.702845096588, "total_train_time": 1906.0577366352081}
{"round": 16, "acc": [[91.437, 79.3285, 91.2997, 79.9541, 24.0867, 66.169], [82.9275, 88.2814, 88.4018, 79.8915, 18.8, 63.8101], [84.6668, 77.0264, 94.4934, 75.6362, 17.92, 64.8552], [82.9542, 63.3733, 85.7124, 89.612, 23.2267, 59.8686], [64.8381, 42.6059, 58.3137, 52.3571, 69.6467, 26.0376], [83.3289, 76.4508, 89.7129, 79.3492, 23.2267, 78.1129]], "total_test_time": 8633.014833211899, "total_train_time": 5055.834169387817}
