{"base_model": "CLIP", "dataset": "data2", "subset_size": 100, "image_encoder_name": "ViT-B-16", "optimizer": "AdamW", "batch_size": 128, "learning_rate": 0.001, "global_rounds": 200, "local_epochs": 1, "warm_up": 20, "seed": 1}
{"round": 100, "acc": [[91.544, 77.9856, 89.9482, 79.1197, 22.0733, 66.1093], [81.643, 88.6651, 86.8218, 76.9086, 18.7867, 60.4957], [83.8373, 74.964, 94.4867, 74.5307, 17.46, 62.6456], [82.4191, 70.1839, 83.9978, 90.3421, 22.3733, 54.1953], [53.1978, 32.1823, 44.3421, 43.179, 71.24, 18.3936], [81.2952, 74.1167, 87.8236, 75.9074, 19.42, 77.3962]], "total_test_time": 0.0004107952117919922, "total_train_time": 63339.98833203316}
{"round": 199, "acc": [[91.8919, 78.3213, 89.8944, 79.2032, 20.7733, 66.1391], [82.0979, 88.1375, 86.8218, 77.2632, 19.4533, 60.5852], [83.9443, 75.1399, 94.527, 74.4055, 17.5667, 62.138], [82.3388, 68.745, 83.9642, 90.3004, 22.12, 53.4189], [50.7359, 30.024, 41.8476, 41.7605, 71.26, 16.3631], [80.9473, 73.0935, 87.5546, 75.3233, 18.6133, 77.3664]], "total_test_time": 1811.8366210460663, "total_train_time": 123362.75471329689}
