{"base_model": "CLIP", "dataset": "data2", "subset_size": 100, "image_encoder_name": "ViT-B-32", "optimizer": "AdamW", "batch_size": 128, "learning_rate": 0.001, "global_rounds": 200, "local_epochs": 1, "warm_up": 20, "seed": 1}
{"round": 100, "acc": [[90.9553, 75.8114, 88.8725, 76.9921, 22.5, 58.7638], [79.1812, 85.6755, 84.8854, 74.0926, 14.32, 56.7334], [81.536, 70.5516, 93.9017, 71.1306, 22.0733, 56.0764], [80.2783, 63.2614, 82.4245, 88.1101, 21.82, 48.7907], [53.9203, 34.1487, 43.0915, 39.2991, 72.7333, 19.2595], [78.2981, 67.0344, 86.3847, 70.6717, 18.6067, 72.8576]], "total_test_time": 0.0002627372741699219, "total_train_time": 15264.279208898544}
{"round": 199, "acc": [[91.2497, 74.964, 88.2472, 76.8043, 21.8533, 57.9277], [79.2614, 86.235, 84.8114, 74.4472, 14.2667, 56.9722], [82.6064, 71.6067, 94.0227, 72.2778, 21.2867, 56.4049], [79.6896, 60.9912, 81.3353, 88.4856, 21.9133, 48.7907], [51.5922, 31.4468, 39.9919, 37.5678, 72.9, 17.438], [78.0305, 67.1143, 86.5326, 71.1306, 19.44, 73.3055]], "total_test_time": 641.0443549156189, "total_train_time": 30353.732939243317}
