{"base_model": "CLIP", "dataset": "data", "subset_size": 100, "image_encoder_name": "ViT-B-16", "optimizer": "AdamW", "batch_size": 32, "learning_rate": 0.001, "global_rounds": 200, "local_epochs": 1, "warm_up": 5, "seed": 1}
{"round": 0, "acc": [[90.5539, 84.4604, 93.0411, 84.272, 27.8267, 71.9021], [88.2794, 87.8337, 92.167, 84.8978, 24.1467, 71.4243], [87.1822, 81.4229, 94.6615, 81.4143, 22.4867, 71.7229], [86.9414, 84.2366, 92.2006, 88.1936, 26.1467, 70.8868], [86.7808, 81.4229, 91.8981, 81.3308, 51.6267, 67.5127], [87.9047, 84.1567, 92.8326, 84.3554, 26.0133, 77.3962]], "total_test_time": 0, "total_train_time": 0}
{"round": 1, "acc": [[91.2497, 84.2526, 93.0949, 84.5223, 26.4533, 71.9021], [87.0484, 89.0967, 91.925, 83.8965, 19.98, 70.5584], [86.8076, 80.0959, 94.8968, 80.4756, 22.1533, 70.4091], [86.3259, 81.0871, 91.5484, 89.5494, 27.56, 68.5876], [84.9612, 79.5364, 91.1585, 78.2645, 61.0067, 65.4225], [88.3061, 84.3006, 92.6646, 83.8757, 25.7667, 78.7399]], "total_test_time": 1825.8427665233612, "total_train_time": 494.1220145225525}
{"round": 2, "acc": [[91.5173, 84.1886, 92.9738, 83.5002, 26.76, 71.9618], [87.0484, 89.4005, 91.3131, 82.9161, 21.6867, 69.6924], [86.7808, 79.7762, 94.9506, 79.6204, 21.9533, 68.9161], [85.8175, 77.506, 90.5802, 90.1752, 28.0, 66.378], [82.7669, 76.3869, 89.9415, 75.5736, 63.7667, 61.4512], [87.316, 83.8849, 92.4696, 83.2916, 25.9, 79.3371]], "total_test_time": 3652.0336332321167, "total_train_time": 988.1035714149475}
{"round": 3, "acc": [[91.3032, 83.789, 92.9066, 83.6462, 26.6133, 70.9466], [86.1921, 89.0967, 90.9366, 82.2278, 16.66, 69.0953], [85.2823, 77.6499, 94.8833, 76.9086, 20.56, 66.3183], [85.9245, 72.8058, 89.9348, 90.1752, 26.1733, 65.0941], [81.536, 73.9249, 87.9782, 73.0079, 65.5067, 58.1965], [87.7442, 82.8457, 92.4427, 83.1665, 26.2333, 79.8149]], "total_test_time": 5474.711130857468, "total_train_time": 1481.4258842468262}
{"round": 4, "acc": [[91.8116, 82.1103, 92.436, 82.3321, 25.26, 70.1403], [84.1317, 88.6491, 89.5112, 80.5173, 17.7067, 64.1983], [84.9612, 76.5787, 94.769, 75.3442, 20.3533, 64.7357], [84.1317, 72.1343, 87.0705, 90.0918, 26.7733, 59.9881], [78.2178, 68.6331, 84.2802, 68.544, 66.7133, 51.5079], [86.3794, 81.7426, 91.6224, 82.0818, 23.5733, 79.158]], "total_test_time": 7296.296056270599, "total_train_time": 1975.7288405895233}
{"round": 5, "acc": [[91.5708, 82.4301, 92.4763, 82.0818, 23.3733, 69.5133], [83.8908, 88.6651, 89.5852, 80.0793, 17.26, 65.6017], [85.0415, 77.3621, 94.7892, 76.7835, 19.66, 65.0642], [84.6401, 69.3685, 87.595, 89.7789, 25.2867, 61.3019], [75.9433, 65.3877, 81.8261, 63.8924, 68.5133, 47.9845], [85.7907, 80.4317, 91.535, 81.0597, 23.5067, 79.5163]], "total_test_time": 9119.202355861664, "total_train_time": 2469.881812810898}
{"round": 6, "acc": [[91.7849, 81.7746, 92.4696, 82.1443, 25.5533, 69.8119], [84.1852, 88.9369, 89.565, 80.9762, 17.7467, 65.6315], [84.8006, 77.2982, 94.5472, 75.9491, 18.3333, 65.4225], [84.2655, 75.3157, 87.716, 90.2378, 24.56, 62.7351], [76.1573, 64.0608, 80.1923, 64.831, 68.2467, 45.6256], [85.202, 79.4245, 91.1652, 80.1418, 23.3933, 79.0087]], "total_test_time": 10944.429998874664, "total_train_time": 2963.8409242630005}
{"round": 8, "acc": [[91.7849, 81.7906, 92.0527, 83.2082, 25.0933, 68.4682], [83.3824, 88.729, 89.6322, 80.4339, 17.0267, 64.8253], [84.1852, 76.5627, 94.5539, 77.6387, 19.1533, 65.2135], [83.8105, 72.2782, 86.9562, 90.2795, 24.4667, 59.779], [71.4744, 56.259, 73.7578, 59.053, 69.32, 37.026], [84.2655, 78.2094, 90.1567, 79.975, 20.7133, 78.501]], "total_test_time": 12768.62468123436, "total_train_time": 3951.018503189087}
{"round": 18, "acc": [[91.5173, 78.3533, 90.6677, 80.1627, 23.5533, 65.751], [81.3219, 88.3613, 87.6824, 75.3233, 15.06, 62.7351], [83.757, 77.442, 94.2244, 76.5749, 15.5133, 61.7796], [83.3021, 72.7578, 86.0553, 89.3617, 23.28, 57.9875], [61.065, 43.0855, 55.9537, 49.8957, 70.4667, 22.6933], [83.8641, 75.8114, 89.2691, 77.4927, 19.9533, 78.1726]], "total_test_time": 14593.473236083984, "total_train_time": 8982.305091381073}
