{"base_model": "CLIP", "dataset": "data2", "subset_size": 10, "image_encoder_name": "ViT-B-32", "optimizer": "AdamW", "batch_size": 128, "learning_rate": 0.001, "global_rounds": 1, "local_epochs": 1, "warm_up": 20, "seed": 1}
{"round": 100, "acc": [[99.3506, 92.0231, 99.384, 96.0377, 54.2667, 82.7586], [95.1299, 94.7977, 99.2813, 94.717, 55.5333, 77.5862], [97.7273, 91.9075, 99.692, 97.9245, 52.4667, 86.7816], [95.4545, 89.8266, 99.5893, 97.9245, 56.3333, 87.3563], [80.8442, 72.4855, 88.3984, 72.2642, 92.2, 52.2989], [97.4026, 90.289, 99.5893, 95.4717, 49.8, 93.6782]], "total_test_time": 0.0003864765167236328, "total_train_time": 3312.7291855812073}
{"round": 199, "acc": [[99.3506, 91.7919, 99.2813, 96.2264, 53.1333, 82.7586], [95.4545, 95.0289, 99.2813, 95.0943, 55.0667, 78.7356], [97.4026, 91.9075, 99.692, 97.9245, 52.3333, 86.2069], [95.7792, 89.9422, 99.4867, 98.1132, 56.0667, 87.931], [77.5974, 70.0578, 86.2423, 69.2453, 92.5333, 48.8506], [97.4026, 90.0578, 99.4867, 95.4717, 48.4667, 93.1034]], "total_test_time": 131.21067571640015, "total_train_time": 7107.161492347717}
