{"base_model": "CLIP", "dataset": "data", "subset_size": 10, "image_encoder_name": "ViT-B-32", "optimizer": "AdamW", "batch_size": 32, "learning_rate": 0.001, "global_rounds": 200, "local_epochs": 1, "warm_up": 5, "seed": 1}
{"round": 0, "acc": [[98.7013, 90.4046, 99.2813, 96.4151, 55.5333, 81.6092], [97.4026, 91.6763, 99.692, 96.2264, 52.0, 83.3333], [98.0519, 91.2139, 99.4867, 96.6038, 51.6, 84.4828], [97.0779, 90.4046, 99.1786, 96.0377, 61.0, 82.7586], [97.0779, 89.5954, 99.1786, 95.6604, 61.3333, 79.8851], [97.4026, 90.5202, 99.4867, 96.2264, 56.6, 85.0575]], "total_test_time": 0, "total_train_time": 0}
{"round": 1, "acc": [[99.3506, 89.9422, 99.2813, 96.4151, 56.1333, 83.3333], [97.0779, 93.7572, 99.692, 96.6038, 46.3333, 83.908], [98.3766, 92.3699, 99.7947, 96.9811, 51.6667, 87.3563], [98.0519, 91.5607, 99.4867, 97.3585, 57.8, 84.4828], [95.7792, 88.5549, 99.076, 95.0943, 82.9333, 78.7356], [98.0519, 91.3295, 99.5893, 96.2264, 55.3333, 85.6322]], "total_test_time": 63.9102144241333, "total_train_time": 15.49817180633545}
{"round": 2, "acc": [[99.3506, 90.6358, 99.2813, 96.6038, 55.9333, 84.4828], [97.7273, 94.5665, 99.692, 96.7925, 46.5333, 85.6322], [98.3766, 92.948, 99.7947, 96.9811, 51.6, 87.931], [97.7273, 91.4451, 99.5893, 97.9245, 57.2667, 85.6322], [94.8052, 87.8613, 98.8706, 94.3396, 88.1333, 77.0115], [98.3766, 91.4451, 99.692, 96.9811, 53.3333, 90.2299]], "total_test_time": 123.78304409980774, "total_train_time": 30.055261373519897}
{"round": 3, "acc": [[99.3506, 91.4451, 99.4867, 96.7925, 51.8667, 83.3333], [97.4026, 94.7977, 99.4867, 96.7925, 49.6, 84.4828], [98.3766, 93.1792, 99.8973, 97.3585, 50.8667, 89.0805], [97.7273, 92.0231, 99.692, 98.1132, 56.5333, 85.6322], [92.8571, 85.7803, 98.6653, 90.0, 89.3333, 72.4138], [98.3766, 91.9075, 99.692, 96.7925, 52.0, 91.3793]], "total_test_time": 184.94173526763916, "total_train_time": 45.08830714225769}
{"round": 4, "acc": [[99.3506, 90.4046, 99.4867, 96.9811, 57.4667, 82.7586], [96.4286, 94.5665, 99.384, 95.6604, 51.6667, 82.7586], [98.0519, 92.948, 99.7947, 97.1698, 51.2, 89.0805], [97.4026, 91.9075, 99.7947, 98.1132, 57.7333, 86.7816], [93.1818, 86.9364, 98.8706, 92.8302, 90.6667, 74.1379], [98.0519, 91.4451, 99.5893, 96.9811, 50.9333, 91.954]], "total_test_time": 245.03114891052246, "total_train_time": 59.78670597076416}
{"round": 5, "acc": [[99.3506, 91.4451, 99.4867, 97.1698, 54.3333, 83.908], [97.0779, 94.7977, 99.076, 95.8491, 51.9333, 86.2069], [97.4026, 92.7168, 99.7947, 97.3585, 51.9333, 88.5057], [96.7532, 91.4451, 99.7947, 97.9245, 57.3333, 85.0575], [89.2857, 83.237, 95.6879, 83.0189, 89.7333, 63.2184], [97.4026, 90.7514, 99.5893, 96.7925, 48.9333, 90.2299]], "total_test_time": 305.6458685398102, "total_train_time": 74.64513635635376}
{"round": 15, "acc": [[99.3506, 90.6358, 99.2813, 96.6038, 54.1333, 83.3333], [96.1039, 95.1445, 99.2813, 95.6604, 53.7333, 85.0575], [97.4026, 92.0231, 99.692, 97.7358, 51.0, 88.5057], [97.0779, 91.0983, 99.692, 97.7358, 57.2, 87.3563], [83.7662, 77.1098, 92.9158, 75.283, 90.9333, 60.3448], [97.7273, 91.2139, 99.5893, 96.4151, 48.0, 93.1034]], "total_test_time": 365.85281109809875, "total_train_time": 224.35871529579163}
