{"base_model": "CLIP", "dataset": "domainnet", "subset_size": 50, "image_encoder_name": "ViT-B-16", "optimizer": "AdamW", "batch_size": 32, "learning_rate": 0.001, "global_rounds": 200, "local_epochs": 1, "warm_up": 5, "seed": 1}
{"round": 0, "acc": [[91.6621, 85.9773, 93.2293, 87.8924, 33.7333, 74.4752], [92.0486, 86.8272, 93.27, 88.501, 30.8133, 73.6641], [91.3308, 86.034, 93.3786, 87.8603, 29.5867, 74.0458], [91.7173, 85.8074, 93.3243, 88.4369, 34.28, 73.9027], [91.9382, 85.4391, 93.0258, 88.1166, 35.5733, 72.7576], [91.6068, 85.4391, 93.4193, 88.9814, 32.6267, 77.4809]], "total_test_time": 0, "total_train_time": 0}
{"round": 1, "acc": [[93.153, 86.1756, 93.2836, 88.3728, 35.52, 74.2366], [91.8277, 89.4618, 92.9851, 88.3088, 30.5067, 73.521], [88.5146, 82.153, 95.3053, 85.7143, 25.36, 72.4237], [91.8277, 85.0708, 93.5685, 92.0243, 32.9867, 72.5668], [90.889, 84.051, 93.0258, 87.4439, 58.6, 71.1355], [91.1651, 85.6374, 93.3243, 88.8533, 32.12, 79.0553]], "total_test_time": 718.748153924942, "total_train_time": 270.93136525154114}
{"round": 2, "acc": [[93.2634, 86.1756, 93.3107, 88.6291, 36.9867, 73.7595], [90.6129, 90.4816, 92.6594, 87.8924, 27.9467, 72.6622], [87.4655, 79.4901, 95.943, 84.7854, 24.6533, 70.1336], [91.7173, 81.5581, 92.9172, 92.8251, 32.5333, 71.6126], [89.3429, 82.4646, 92.8087, 85.7783, 68.52, 69.9427], [91.3308, 85.6091, 93.0529, 88.0846, 32.6667, 80.6775]], "total_test_time": 1293.614758014679, "total_train_time": 439.1071364879608}
{"round": 3, "acc": [[93.5947, 86.034, 93.1615, 88.565, 37.9333, 73.9027], [90.1712, 90.7932, 92.4016, 86.9955, 27.3067, 72.6622], [87.3551, 77.7054, 95.7938, 83.9206, 27.6533, 69.084], [91.9382, 82.3796, 92.7273, 92.8892, 32.8667, 69.8473], [88.1281, 80.3399, 92.2252, 83.5042, 70.4133, 67.1279], [91.5516, 85.3258, 92.9308, 87.6361, 32.7067, 81.3454]], "total_test_time": 1996.4458680152893, "total_train_time": 778.9428577423096}
{"round": 4, "acc": [[94.0364, 86.119, 93.2157, 88.6931, 34.9333, 73.855], [89.4533, 90.4816, 92.2931, 86.7072, 24.5467, 72.2805], [87.4103, 76.0623, 95.7802, 82.1909, 23.2133, 66.3168], [91.2755, 75.4674, 91.0855, 93.0493, 32.76, 67.5095], [85.7537, 78.2436, 90.8412, 81.4542, 72.6667, 63.7882], [91.386, 84.2493, 92.7815, 86.483, 32.32, 82.5382]], "total_test_time": 2820.5033893585205, "total_train_time": 947.2424521446228}
{"round": 5, "acc": [[93.7051, 85.1275, 93.1886, 87.7963, 35.4533, 72.4237], [88.8459, 89.6034, 91.7775, 86.0346, 24.28, 71.2786], [87.5759, 78.017, 95.8752, 83.0557, 26.9867, 67.1756], [91.386, 71.6714, 90.2714, 93.0493, 30.84, 65.7443], [83.048, 76.0623, 88.6703, 76.8738, 72.12, 59.8282], [91.3308, 83.4844, 93.0393, 86.8033, 32.6667, 82.729]], "total_test_time": 3397.71945643425, "total_train_time": 1115.840460062027}
{"round": 6, "acc": [[93.9812, 85.3824, 92.9172, 88.5971, 36.1867, 73.2824], [87.7416, 89.9433, 91.5197, 84.9135, 21.28, 70.6107], [85.1463, 76.5722, 95.6174, 81.8065, 23.6533, 65.2672], [91.2203, 72.5212, 89.8507, 93.0493, 29.2267, 65.792], [81.005, 73.3711, 86.2822, 76.8738, 73.7733, 55.6298], [89.8951, 82.8329, 92.2524, 86.7393, 30.4933, 81.6317]], "total_test_time": 3974.619255065918, "total_train_time": 1284.4541647434235}
{"round": 7, "acc": [[94.2573, 85.2975, 92.9715, 88.4369, 34.9467, 72.8053], [87.1342, 90.0, 91.0719, 84.5932, 20.52, 69.1317], [86.5268, 75.3824, 96.0244, 80.4292, 24.6667, 66.5076], [90.6681, 73.9093, 89.4301, 92.9853, 26.6133, 64.8855], [77.6367, 70.4533, 84.8575, 72.4215, 74.0133, 51.3836], [90.4473, 82.0113, 92.0624, 86.1627, 30.0267, 81.9179]], "total_test_time": 4565.06282043457, "total_train_time": 1453.2655436992645}
{"round": 8, "acc": [[94.423, 84.221, 93.0801, 88.3728, 34.12, 72.7576], [88.0729, 89.9717, 91.194, 84.7854, 21.0933, 69.6088], [84.0972, 74.1926, 96.1194, 80.3331, 23.7733, 64.7424], [90.9442, 70.3966, 89.2402, 93.1454, 30.0667, 65.4103], [75.7592, 68.7252, 81.981, 70.4997, 74.6267, 48.4733], [88.9012, 81.5581, 92.0217, 85.8104, 30.4, 81.5363]], "total_test_time": 5141.355249881744, "total_train_time": 1621.8849427700043}
{"round": 18, "acc": [[94.4782, 83.9093, 92.9172, 87.6682, 33.3733, 72.8053], [85.6433, 89.915, 90.2171, 83.344, 22.8133, 66.9847], [85.2568, 74.5609, 95.7531, 81.5503, 27.0533, 63.9313], [91.1099, 71.9547, 89.4708, 93.0173, 28.4933, 64.8855], [65.1574, 54.3909, 66.0651, 60.8264, 75.76, 32.1088], [87.6864, 78.9235, 90.9634, 84.1127, 27.0667, 81.3454]], "total_test_time": 5717.874399662018, "total_train_time": 3306.143205881119}
