{"base_model": "CLIP", "dataset": "data2", "subset_size": 50, "image_encoder_name": "ViT-B-32", "optimizer": "AdamW", "batch_size": 128, "learning_rate": 0.001, "global_rounds": 200, "local_epochs": 1, "warm_up": 20, "seed": 1}
{"round": 100, "acc": [[94.5886, 79.3201, 91.1126, 84.6573, 29.52, 64.5515], [81.4467, 87.8187, 87.3134, 80.7175, 17.04, 59.9714], [82.4959, 70.1416, 95.2782, 77.8347, 23.9867, 55.6298], [88.8459, 66.8555, 85.9566, 92.4407, 30.4267, 55.105], [56.212, 36.0057, 48.6974, 48.4946, 79.12, 24.2844], [83.1585, 71.813, 88.7788, 80.3011, 21.0267, 76.0019]], "total_test_time": 0.0003006458282470703, "total_train_time": 9024.740487098694}
{"round": 199, "acc": [[94.7543, 79.2918, 90.8005, 84.8815, 28.3733, 64.2176], [81.1706, 87.6771, 87.1235, 81.0058, 17.2933, 59.0172], [82.6063, 70.0283, 95.2103, 77.6105, 24.4933, 56.25], [88.7907, 65.4391, 85.2917, 92.1204, 30.48, 55.5821], [54.1137, 33.5694, 45.5224, 46.6368, 79.8267, 22.9485], [82.9376, 71.0482, 88.4803, 80.1089, 23.36, 76.479]], "total_test_time": 325.25256633758545, "total_train_time": 17784.052605628967}
