{"base_model": "CLIP", "dataset": "data", "subset_size": 50, "image_encoder_name": "ViT-B-32", "optimizer": "AdamW", "batch_size": 32, "learning_rate": 0.001, "global_rounds": 200, "local_epochs": 1, "warm_up": 5, "seed": 1}
{"round": 0, "acc": [[91.1099, 82.0397, 92.9308, 87.4439, 35.2, 68.75], [89.8399, 82.8329, 92.8901, 86.7713, 29.1067, 68.5592], [89.8399, 82.7479, 92.9851, 86.9315, 31.3867, 68.1775], [90.0055, 81.5297, 93.0529, 87.6682, 34.1067, 67.5095], [90.5025, 81.3881, 93.0258, 87.3479, 36.6, 66.7939], [90.0055, 81.6714, 92.9715, 87.2518, 34.1467, 72.8531]], "total_test_time": 0, "total_train_time": 0}
{"round": 1, "acc": [[91.7725, 82.4363, 92.9308, 87.6361, 36.2533, 68.5592], [89.5638, 86.119, 92.4288, 86.9955, 29.3733, 67.9866], [88.1833, 79.5751, 94.8847, 84.9135, 30.4933, 68.0344], [90.7234, 79.9717, 92.7408, 90.7111, 32.0667, 68.2252], [89.7294, 80.1983, 92.7273, 86.2268, 61.5067, 65.9351], [89.6742, 81.8414, 92.8223, 86.8994, 33.7733, 74.6183]], "total_test_time": 292.0450575351715, "total_train_time": 68.10507154464722}
{"round": 2, "acc": [[92.9321, 82.153, 92.9715, 88.0846, 35.7733, 68.6069], [89.2877, 87.7904, 92.2388, 86.8674, 24.0133, 67.5573], [86.6924, 77.3654, 95.6581, 82.6714, 27.4667, 67.1756], [91.2203, 77.6487, 92.1845, 91.3517, 32.0533, 66.7939], [89.3429, 79.0935, 92.076, 84.4971, 70.1733, 65.3149], [89.8399, 81.6147, 92.3609, 86.8033, 31.48, 76.813]], "total_test_time": 581.743759393692, "total_train_time": 137.89352583885193}
{"round": 3, "acc": [[92.9873, 81.3314, 92.863, 86.7393, 33.9067, 68.75], [86.3611, 88.017, 91.3297, 85.458, 20.0267, 65.5534], [85.8642, 77.1388, 95.6038, 81.9667, 28.6, 65.6966], [90.2264, 74.8725, 91.4247, 91.8962, 30.6667, 64.4084], [87.9072, 76.9405, 91.289, 81.4862, 73.7067, 63.5496], [90.1712, 81.6431, 91.8725, 86.483, 32.5733, 77.8626]], "total_test_time": 869.0743441581726, "total_train_time": 206.79578018188477}
{"round": 4, "acc": [[93.7051, 81.1615, 92.673, 86.8674, 32.0, 68.75], [86.582, 88.4986, 91.0448, 85.426, 18.8133, 65.6489], [87.0237, 76.6289, 95.5631, 82.319, 27.2667, 64.2176], [90.0607, 76.7139, 91.6011, 91.9603, 28.8133, 64.8855], [85.6985, 75.0142, 89.8372, 80.0448, 74.8933, 60.4008], [89.8951, 80.6516, 91.6825, 85.9705, 32.96, 77.958]], "total_test_time": 1157.2648248672485, "total_train_time": 275.7128391265869}
{"round": 6, "acc": [[94.0917, 81.8414, 92.7137, 86.9635, 32.3467, 68.9408], [83.2689, 87.5921, 88.8195, 82.7995, 17.6133, 62.5954], [86.7477, 74.5609, 95.6581, 81.262, 28.0533, 64.4561], [89.7846, 70.9348, 89.7015, 91.5759, 29.1867, 59.0172], [82.1645, 69.4051, 86.0244, 73.7988, 77.1333, 55.916], [88.5699, 78.5836, 90.8412, 84.369, 30.56, 77.0038]], "total_test_time": 1445.4460186958313, "total_train_time": 414.5440607070923}
{"round": 16, "acc": [[94.3678, 79.9433, 91.8453, 85.6182, 30.9733, 67.271], [82.5511, 86.9122, 88.5889, 81.5503, 15.6933, 60.4485], [83.048, 70.4533, 95.3596, 78.7316, 27.4133, 63.5496], [88.2938, 62.5496, 85.5088, 91.7681, 29.76, 55.0573], [69.7405, 53.9943, 68.6431, 59.6092, 77.9467, 37.5], [85.6985, 73.7677, 89.5251, 82.0628, 28.0667, 75.8111]], "total_test_time": 1732.6967005729675, "total_train_time": 1112.6102349758148}
