{"base_model": "CLIP", "dataset": "domainnet", "subset_size": 100, "image_encoder_name": "ViT-B-32", "optimizer": "AdamW", "batch_size": 32, "learning_rate": 0.001, "global_rounds": 200, "local_epochs": 1, "warm_up": 5, "seed": 1}
{"round": 0, "acc": [[88.3864, 81.6787, 91.9855, 82.7284, 28.9867, 66.6766], [87.5033, 82.558, 91.7502, 82.4781, 24.5667, 66.3482], [87.2893, 81.4548, 91.7838, 82.3112, 25.2667, 65.1538], [87.6104, 80.8153, 91.7367, 83.3125, 28.64, 65.6614], [87.5033, 80.6075, 91.7972, 82.9996, 30.1933, 64.6163], [87.6104, 81.0871, 92.1536, 82.2486, 28.2467, 69.9313]], "total_test_time": 0, "total_train_time": 0}
{"round": 1, "acc": [[89.7244, 81.9984, 92.2611, 82.3112, 28.3067, 67.6321], [86.7006, 85.6595, 91.3535, 82.3947, 22.6333, 66.3183], [86.7006, 80.1439, 94.0429, 80.0167, 24.7133, 67.0349], [86.1654, 80.016, 91.3131, 87.0046, 26.5667, 66.3183], [86.4597, 78.6411, 91.3131, 79.9958, 55.44, 63.1532], [87.7174, 81.5348, 92.2074, 82.2486, 27.2, 72.7083]], "total_test_time": 677.6739106178284, "total_train_time": 140.621600151062}
{"round": 2, "acc": [[90.4736, 81.5667, 92.2275, 82.1235, 26.9733, 67.7217], [84.5866, 87.0024, 90.7147, 81.4768, 16.8667, 65.2732], [86.2457, 78.721, 94.5404, 78.3271, 24.3733, 65.8107], [84.9077, 76.0352, 90.318, 88.4856, 27.5667, 63.6309], [85.202, 76.3869, 90.4054, 77.0129, 62.8, 61.7498], [87.2893, 81.263, 91.8174, 81.456, 25.3733, 73.9325]], "total_test_time": 1356.898461341858, "total_train_time": 279.09759974479675}
{"round": 3, "acc": [[90.9018, 80.7034, 92.0931, 81.2057, 25.9733, 66.3183], [84.319, 87.4021, 89.9818, 79.9541, 15.06, 63.7802], [85.0682, 75.9872, 94.3791, 75.073, 20.9667, 63.5712], [84.5866, 72.8058, 89.1817, 88.423, 26.2067, 60.5554], [83.8908, 74.3725, 89.2557, 74.7184, 65.8133, 60.0179], [86.4597, 80.7834, 91.3871, 80.705, 25.4, 74.7089]], "total_test_time": 2035.8145487308502, "total_train_time": 418.5405569076538}
{"round": 4, "acc": [[90.5807, 79.5204, 91.7703, 80.6425, 26.04, 66.8856], [82.4726, 87.2422, 89.0204, 77.597, 12.2333, 62.1977], [83.7838, 76.227, 94.2917, 74.1969, 20.8733, 63.6011], [84.9077, 73.2694, 88.8388, 89.0905, 27.9267, 58.943], [81.9106, 71.5428, 87.7496, 71.7564, 66.7, 57.2708], [85.3626, 78.4173, 90.8021, 80.1627, 24.3333, 74.8582]], "total_test_time": 2715.394272327423, "total_train_time": 556.9397978782654}
{"round": 5, "acc": [[90.9286, 79.0568, 91.5619, 79.4952, 24.7467, 66.1989], [82.6599, 87.4021, 88.664, 77.9725, 14.0733, 60.4658], [83.4894, 74.0208, 94.0563, 74.1343, 19.74, 62.6456], [84.1049, 70.5675, 88.4421, 88.7568, 27.6267, 57.9576], [79.0741, 66.1391, 84.0382, 66.6667, 68.44, 52.553], [84.2655, 77.3941, 90.3987, 78.0976, 22.48, 74.6193]], "total_test_time": 3393.4876329898834, "total_train_time": 695.7196707725525}
{"round": 6, "acc": [[91.2497, 78.9928, 90.903, 79.0363, 25.0133, 65.0941], [82.0177, 86.9225, 88.2472, 75.4485, 12.0067, 59.6895], [83.757, 75.4277, 94.1101, 74.8853, 20.0867, 62.765], [83.2218, 72.3421, 86.9024, 88.5065, 26.4, 54.4043], [77.5488, 63.5811, 81.8866, 63.7463, 68.7733, 49.567], [83.9711, 75.9073, 89.8541, 76.9712, 22.7933, 74.3804]], "total_test_time": 4073.6563460826874, "total_train_time": 834.8399529457092}
{"round": 16, "acc": [[91.0088, 76.211, 89.296, 78.0976, 24.06, 61.0331], [79.9037, 85.9792, 86.4385, 76.3454, 14.7333, 55.3897], [81.6698, 73.0456, 93.5252, 72.111, 20.36, 59.2117], [81.3754, 66.3469, 83.3188, 88.4856, 22.9533, 51.0899], [65.5606, 45.5635, 62.5429, 53.0872, 71.2067, 29.7701], [79.8501, 69.8641, 88.1396, 72.8828, 18.9667, 72.6187]], "total_test_time": 4753.392008781433, "total_train_time": 2224.877009868622}
