{"base_model": "CLIP", "dataset": "office", "subset_size": 10, "image_encoder_name": "ViT-B-32", "optimizer": "AdamW", "batch_size": 32, "learning_rate": 0.001, "global_rounds": 200, "local_epochs": 1, "warm_up": 5, "seed": 1}
{"round": 0, "acc": [[80.7634, 93.7688, 92.2018, 86.6941], [80.458, 93.6186, 92.0489, 84.9108], [79.0076, 93.6186, 92.2783, 85.048], [77.7099, 93.5435, 91.7431, 83.9506]], "total_test_time": 0, "total_train_time": 0}
{"round": 1, "acc": [[82.7481, 94.2192, 92.2018, 86.0082], [80.458, 95.045, 92.2018, 85.4595], [79.771, 93.6937, 92.4312, 85.048], [77.7863, 93.018, 91.6667, 85.3224]], "total_test_time": 84.24375200271606, "total_train_time": 20.20904850959778}
{"round": 2, "acc": [[84.6565, 93.8438, 91.896, 84.6365], [79.6183, 95.9459, 91.7431, 84.3621], [79.313, 93.7688, 92.5076, 84.6365], [77.8626, 92.6426, 91.896, 88.0658]], "total_test_time": 171.59917640686035, "total_train_time": 39.30933976173401}
{"round": 3, "acc": [[85.6489, 93.5435, 92.0489, 84.6365], [79.313, 96.6216, 92.3547, 84.6365], [78.3969, 93.4685, 93.0428, 83.9506], [78.3969, 93.2432, 91.6667, 88.0658]], "total_test_time": 256.7152156829834, "total_train_time": 60.078442335128784}
{"round": 4, "acc": [[86.0305, 92.7177, 91.7431, 83.6763], [78.626, 96.6216, 90.7492, 82.716], [79.0076, 93.4685, 92.9664, 84.7737], [78.5496, 92.4174, 91.6667, 87.5171]], "total_test_time": 344.2143018245697, "total_train_time": 80.15964794158936}
{"round": 5, "acc": [[87.1756, 93.0931, 91.5138, 82.716], [78.7023, 96.997, 91.7431, 84.7737], [77.5573, 94.2192, 93.7309, 84.7737], [77.0992, 92.5676, 91.8196, 86.9684]], "total_test_time": 431.3593838214874, "total_train_time": 101.65345335006714}
{"round": 15, "acc": [[86.3359, 92.1171, 91.1315, 81.6187], [77.4046, 97.2973, 90.9786, 83.8134], [77.6336, 93.018, 93.3486, 83.9506], [76.7176, 91.2162, 91.2844, 87.1056]], "total_test_time": 519.2579257488251, "total_train_time": 301.74125576019287}
