{"base_model": "CLIP", "dataset": "data", "subset_size": 150, "image_encoder_name": "ViT-B-16", "optimizer": "AdamW", "batch_size": 32, "learning_rate": 0.001, "global_rounds": 200, "local_epochs": 1, "warm_up": 5, "seed": 1}
{"round": 0, "acc": [[86.6582, 79.9597, 91.0747, 80.7227, 24.52, 67.4388], [86.5624, 81.9945, 90.5611, 80.5797, 21.7378, 66.2059], [86.1634, 80.585, 90.8287, 80.2158, 21.5156, 65.907], [86.4666, 80.2565, 90.7294, 80.8267, 24.9689, 66.2432], [86.6103, 79.5994, 90.6301, 80.4758, 26.0889, 65.029], [86.0038, 80.1293, 91.0747, 81.0217, 23.7911, 69.7926]], "total_test_time": 0, "total_train_time": 0}
{"round": 1, "acc": [[88.5733, 80.4154, 91.2085, 80.8137, 23.8622, 66.9905], [85.8442, 85.6931, 89.9137, 80.4628, 20.3467, 65.8322], [85.5091, 77.7448, 92.8744, 78.4869, 20.1022, 66.7476], [85.4772, 80.6592, 90.423, 84.7394, 23.2267, 65.9443], [83.993, 76.8334, 89.8964, 77.226, 48.9733, 62.6191], [85.4612, 79.5252, 90.5956, 79.8388, 22.6667, 73.2486]], "total_test_time": 2905.7254087924957, "total_train_time": 753.8571035861969}
{"round": 2, "acc": [[89.1797, 80.3306, 91.2603, 80.2288, 22.72, 66.9718], [84.3441, 86.9012, 89.3915, 79.2539, 17.9333, 65.085], [84.6633, 76.9606, 93.2801, 77.824, 19.3556, 66.1125], [84.5835, 77.5752, 89.4389, 86.0913, 23.7644, 64.207], [81.8864, 74.6821, 88.5628, 74.4703, 56.6489, 59.3312], [84.4079, 77.8614, 89.4174, 77.1871, 21.3467, 74.6871]], "total_test_time": 5812.470655441284, "total_train_time": 1505.2421543598175}
{"round": 3, "acc": [[89.1478, 79.3981, 90.9452, 79.3059, 21.7067, 67.3454], [82.7482, 87.2298, 88.3513, 76.8231, 14.8978, 64.5246], [84.8069, 76.2293, 93.3233, 76.7061, 18.88, 65.2905], [84.1047, 76.081, 88.1873, 86.5982, 24.4756, 61.162], [80.1947, 71.5028, 86.5904, 71.7145, 61.2489, 54.25], [82.7322, 76.0386, 88.1657, 75.2762, 20.8489, 74.8739]], "total_test_time": 8693.573304891586, "total_train_time": 2248.3139712810516}
{"round": 4, "acc": [[89.3712, 78.8894, 90.1036, 77.525, 20.5689, 65.2905], [79.9074, 86.6681, 86.53, 73.8983, 11.7867, 62.4136], [83.9132, 75.3391, 93.2283, 76.0952, 18.08, 64.1136], [83.1471, 67.624, 86.8192, 86.5982, 23.4489, 57.5752], [76.4603, 66.6384, 83.6038, 66.658, 61.6622, 48.9258], [81.0246, 72.2976, 87.1774, 72.5075, 18.8933, 75.2288]], "total_test_time": 11600.960215330124, "total_train_time": 2984.814239501953}
{"round": 5, "acc": [[89.85, 78.1369, 90.0216, 77.98, 22.12, 64.1696], [81.4076, 86.88, 85.9776, 74.8473, 16.8667, 60.8817], [83.6419, 74.6397, 92.8874, 74.5353, 15.8444, 62.507], [81.3118, 62.8338, 84.5749, 86.8192, 22.7822, 56.006], [73.2365, 60.3646, 78.2693, 61.2245, 62.84, 41.5094], [76.6039, 65.5892, 83.3837, 66.294, 16.6, 74.5003]], "total_test_time": 14495.799627304077, "total_train_time": 3729.8101687431335}
{"round": 6, "acc": [[89.6266, 76.2823, 89.672, 77.356, 21.9022, 64.4312], [81.5034, 86.5515, 86.3401, 74.5743, 15.3956, 60.3026], [83.993, 73.8131, 92.9521, 74.2753, 16.5022, 61.0312], [81.4395, 65.5998, 83.8369, 86.0133, 22.2844, 56.2675], [71.5448, 56.5706, 75.9646, 60.0546, 64.3422, 38.2216], [78.9658, 66.0979, 84.6353, 68.4908, 18.0756, 74.9486]], "total_test_time": 17384.982052087784, "total_train_time": 4479.677495479584}
{"round": 7, "acc": [[89.3393, 76.3565, 89.3526, 76.3551, 18.84, 64.3938], [81.5512, 86.6469, 85.6366, 76.0172, 16.1733, 59.4433], [83.8015, 73.3574, 92.8442, 73.8074, 15.2267, 61.3301], [78.7105, 61.2548, 82.0242, 86.7152, 21.1911, 53.1104], [67.9062, 53.6032, 71.9637, 56.4929, 65.6089, 34.3732], [76.4922, 63.5121, 82.5421, 66.983, 16.4978, 74.2574]], "total_test_time": 20285.757350206375, "total_train_time": 5220.208569526672}
{"round": 17, "acc": [[89.068, 73.7177, 87.4881, 74.0673, 18.6578, 59.5367], [78.3594, 85.6825, 82.5032, 71.3506, 14.3378, 55.9313], [81.248, 71.7465, 92.1839, 71.9745, 13.5244, 58.5092], [80.3064, 64.0314, 79.2533, 86.2212, 19.5689, 50.9808], [57.5008, 39.8792, 53.5779, 47.4327, 67.2622, 22.3987], [73.0769, 60.6401, 80.2546, 62.0044, 13.6311, 72.6135]], "total_test_time": 23186.022988796234, "total_train_time": 12728.311572313309}
