{"base_model": "CLIP", "dataset": "domainnet", "subset_size": 50, "image_encoder_name": "ViT-B-32", "optimizer": "AdamW", "batch_size": 32, "learning_rate": 0.001, "global_rounds": 200, "local_epochs": 1, "warm_up": 5, "seed": 1}
{"round": 0, "acc": [[91.1099, 82.0397, 92.9308, 87.4439, 35.2, 68.75], [89.8399, 82.8329, 92.8901, 86.7713, 29.1067, 68.5592], [89.8399, 82.7479, 92.9851, 86.9315, 31.3867, 68.1775], [90.0055, 81.5297, 93.0529, 87.6682, 34.1067, 67.5095], [90.5025, 81.3881, 93.0258, 87.3479, 36.6, 66.7939], [90.0055, 81.6714, 92.9715, 87.2518, 34.1467, 72.8531]], "total_test_time": 0, "total_train_time": 0}
{"round": 1, "acc": [[91.7725, 82.6629, 92.9715, 87.6361, 36.04, 68.9408], [89.6742, 86.119, 92.3745, 86.6752, 29.1067, 67.8912], [88.1833, 79.7734, 94.7083, 85.1698, 29.8, 68.2729], [90.6129, 80.0567, 92.7544, 90.8392, 31.96, 68.5115], [89.7846, 80.085, 92.7273, 86.451, 62.1867, 65.792], [89.4533, 81.728, 92.8223, 86.8354, 33.64, 74.9523]], "total_test_time": 332.673926115036, "total_train_time": 80.15231227874756}
{"round": 2, "acc": [[93.3738, 81.9263, 93.0122, 87.2838, 35.32, 68.8931], [89.0116, 87.7054, 91.791, 86.451, 23.0933, 66.7939], [87.7968, 78.9518, 95.6038, 83.9526, 26.3867, 68.1298], [90.2816, 76.3173, 92.1031, 91.5119, 30.6133, 66.2691], [89.0668, 79.5467, 91.9132, 84.5291, 70.7733, 63.979], [90.3368, 81.5297, 92.483, 86.6752, 33.0, 76.3836]], "total_test_time": 670.8668797016144, "total_train_time": 160.35702443122864}
{"round": 3, "acc": [[93.429, 81.6431, 92.9037, 87.2838, 35.76, 68.8454], [88.6251, 87.762, 91.6418, 86.3229, 21.16, 66.5553], [87.1342, 77.8754, 95.6174, 83.376, 27.1733, 67.2233], [90.8338, 74.4193, 91.7096, 91.9603, 31.1333, 64.7901], [88.4594, 77.0538, 91.1262, 82.9917, 74.0933, 62.7385], [90.1712, 81.1048, 92.0353, 86.483, 31.3333, 77.5763]], "total_test_time": 1023.3252611160278, "total_train_time": 240.8126540184021}
{"round": 13, "acc": [[93.9812, 80.5382, 91.3569, 85.9705, 30.7733, 66.6031], [82.9376, 87.7337, 88.9417, 82.7995, 16.08, 62.0706], [84.4837, 71.7564, 95.156, 79.9167, 24.12, 60.1145], [89.9503, 70.8215, 89.1859, 92.0243, 28.2533, 59.4943], [71.1761, 55.2975, 72.2117, 64.1576, 77.2, 38.5019], [85.2568, 74.5042, 90.2171, 81.9667, 25.7733, 76.5744]], "total_test_time": 1359.8158571720123, "total_train_time": 1044.83877825737}
