{"base_model": "CLIP", "dataset": "domainnet", "subset_size": 100, "image_encoder_name": "ViT-B-32", "optimizer": "AdamW", "batch_size": 32, "learning_rate": 0.001, "global_rounds": 200, "local_epochs": 1, "warm_up": 5, "seed": 1}
{"round": 0, "acc": [[88.3864, 81.6787, 91.9855, 82.7284, 28.9867, 66.6766], [87.5033, 82.558, 91.7502, 82.4781, 24.5667, 66.3482], [87.2893, 81.4548, 91.7838, 82.3321, 25.2667, 65.1538], [87.6104, 80.8153, 91.7367, 83.3125, 28.64, 65.6614], [87.5033, 80.6075, 91.7972, 82.9996, 30.1933, 64.6163], [87.6104, 81.0871, 92.1536, 82.2486, 28.2467, 69.9313]], "total_test_time": 0, "total_train_time": 0}
{"round": 1, "acc": [[89.7244, 81.9984, 92.2477, 82.3112, 28.2933, 67.662], [86.5935, 85.6755, 91.3198, 82.4572, 22.6267, 66.3183], [86.7273, 80.1599, 94.0294, 80.1001, 24.76, 66.8558], [86.1654, 80.016, 91.3131, 87.0046, 26.5667, 66.3183], [86.4865, 78.5612, 91.3602, 79.8915, 55.06, 63.2726], [87.7174, 81.5348, 92.2074, 82.2486, 27.2, 72.7083]], "total_test_time": 546.9414236545563, "total_train_time": 485.61160826683044}
{"round": 2, "acc": [[90.3666, 81.5348, 92.1603, 82.0192, 26.48, 67.6321], [84.7471, 87.1463, 90.7618, 81.5186, 16.74, 65.0941], [86.0583, 78.6731, 94.6211, 78.0768, 24.12, 65.2434], [84.9077, 76.0352, 90.318, 88.4856, 27.5667, 63.6309], [85.4964, 76.5947, 90.3651, 77.0547, 62.7667, 61.8394], [87.2625, 81.1831, 91.8107, 81.5394, 25.3867, 73.9027]], "total_test_time": 939.2310297489166, "total_train_time": 573.8573689460754}
{"round": 3, "acc": [[91.0891, 80.6715, 92.0931, 80.8928, 25.9933, 66.1989], [84.319, 87.466, 89.9617, 79.7455, 13.9133, 63.3622], [85.2823, 76.1151, 94.3186, 75.1564, 21.6533, 63.5712], [84.6401, 72.6619, 89.1885, 88.5273, 26.18, 60.6748], [84.2387, 74.5004, 89.3229, 74.7601, 66.04, 60.0776], [86.54, 80.8313, 91.4072, 80.4756, 25.7533, 74.5894]], "total_test_time": 1328.9745609760284, "total_train_time": 665.6758980751038}
{"round": 4, "acc": [[90.8215, 79.4884, 91.925, 80.6425, 25.58, 66.7363], [82.6064, 87.2422, 88.9666, 77.9099, 12.2867, 62.138], [83.757, 76.195, 94.1841, 74.4264, 21.28, 63.7504], [84.6668, 72.5659, 88.7985, 88.9862, 28.0467, 58.3458], [81.8839, 71.3349, 87.7362, 71.6729, 66.96, 57.1514], [85.6569, 78.689, 90.8895, 80.413, 24.5133, 75.0373]], "total_test_time": 2195.5923845767975, "total_train_time": 1002.4340336322784}
{"round": 5, "acc": [[90.7412, 79.1687, 91.5417, 79.2866, 23.82, 66.0197], [82.8204, 87.514, 88.6304, 78.2436, 14.4333, 60.4061], [83.5162, 74.0528, 93.8681, 74.1761, 20.9467, 60.8838], [83.65, 70.3437, 88.2337, 88.5899, 26.9267, 56.5841], [78.8868, 65.9153, 84.0987, 67.3967, 68.56, 52.762], [84.2119, 77.458, 90.3987, 78.3688, 23.3133, 74.4401]], "total_test_time": 2668.9896454811096, "total_train_time": 1090.5176553726196}
{"round": 6, "acc": [[91.0891, 78.8329, 90.8156, 79.3075, 24.82, 64.4969], [81.8303, 86.6827, 87.7698, 75.8448, 12.4333, 59.5103], [83.6767, 75.5076, 94.1101, 74.6558, 20.6933, 62.6456], [83.1148, 70.1199, 86.4721, 88.7776, 26.2133, 53.2398], [77.6559, 63.4213, 81.9001, 64.2887, 69.3, 50.0448], [83.7035, 75.9712, 89.7869, 77.1172, 22.7533, 74.0818]], "total_test_time": 3057.5646290779114, "total_train_time": 1178.483369588852}
{"round": 16, "acc": [[90.7948, 76.275, 89.7263, 78.035, 23.9467, 61.4512], [79.2882, 86.1391, 86.0485, 75.4485, 13.7333, 55.9869], [81.8571, 74.1327, 93.579, 73.4668, 20.5467, 58.9131], [80.867, 63.4053, 82.0346, 88.4856, 23.8867, 49.4476], [64.517, 45.7394, 63.027, 51.9608, 71.6333, 32.129], [80.2248, 71.4788, 88.2539, 73.1122, 18.9733, 72.9471]], "total_test_time": 3446.0120646953583, "total_train_time": 2081.7801864147186}
