{"base_model": "CLIP", "dataset": "domainnet", "subset_size": 50, "image_encoder_name": "ViT-B-32", "optimizer": "AdamW", "batch_size": 32, "learning_rate": 0.001, "global_rounds": 200, "local_epochs": 1, "warm_up": 5, "seed": 1}
{"round": 0, "acc": [[91.1099, 82.0397, 92.9308, 87.4439, 35.2, 68.75], [89.8399, 82.8329, 92.8901, 86.7713, 29.1067, 68.5592], [89.8399, 82.7479, 92.9851, 86.9315, 31.3867, 68.1775], [90.0055, 81.5297, 93.0529, 87.6682, 34.1067, 67.5095], [90.5025, 81.3881, 93.0258, 87.3479, 36.6, 66.7939], [90.0055, 81.6714, 92.9715, 87.2518, 34.1467, 72.8531]], "total_test_time": 0, "total_train_time": 0}
{"round": 1, "acc": [[91.7725, 82.6629, 92.9715, 87.6361, 36.04, 68.9408], [89.7846, 86.0907, 92.3609, 86.6111, 29.2, 67.7958], [88.2385, 79.7167, 94.7354, 85.2018, 29.76, 68.2729], [90.6129, 80.085, 92.7544, 90.8392, 31.88, 68.5115], [89.7294, 80.0, 92.7408, 86.419, 62.1333, 65.7443], [89.4533, 81.728, 92.8223, 86.8354, 33.6533, 74.9046]], "total_test_time": 340.82158493995667, "total_train_time": 46.010854959487915}
{"round": 2, "acc": [[93.3738, 81.9263, 93.0122, 87.2838, 35.32, 68.8931], [89.0116, 87.7337, 91.791, 86.451, 23.48, 66.9847], [87.7416, 78.8669, 95.5767, 83.9526, 26.5733, 68.0344], [90.2264, 76.6006, 92.0624, 91.5119, 30.6267, 66.0782], [88.9564, 79.2635, 91.8725, 84.2729, 70.64, 63.9313], [90.2264, 81.5014, 92.4695, 86.6111, 33.0267, 76.3836]], "total_test_time": 521.4206855297089, "total_train_time": 228.99623727798462}
{"round": 3, "acc": [[93.429, 81.6431, 92.9037, 87.2838, 35.76, 68.8454], [88.5146, 87.7337, 91.7775, 86.6111, 20.6667, 66.3168], [87.6311, 77.9887, 95.6038, 83.344, 27.5067, 67.605], [90.6129, 74.6176, 91.5875, 91.6079, 30.9867, 64.7424], [88.1833, 77.2238, 91.0041, 82.9917, 74.2533, 62.9294], [90.116, 80.9915, 92.0353, 86.6752, 31.2267, 77.3378]], "total_test_time": 877.266410112381, "total_train_time": 275.26748180389404}
{"round": 13, "acc": [[93.9812, 80.17, 91.4518, 85.6823, 31.56, 66.3645], [82.275, 87.5071, 88.7246, 82.287, 17.1733, 62.0229], [82.9928, 71.983, 94.9796, 77.3222, 22.8267, 60.4008], [89.9503, 69.5467, 88.1682, 92.1204, 29.5867, 57.8721], [71.5075, 54.5892, 71.4518, 63.1646, 77.44, 39.313], [85.5329, 73.966, 90.2307, 81.9667, 26.6533, 76.5744]], "total_test_time": 1063.009181022644, "total_train_time": 741.484941482544}
