{"base_model": "CLIP", "dataset": "data", "subset_size": 150, "image_encoder_name": "ViT-B-32", "optimizer": "AdamW", "batch_size": 32, "learning_rate": 0.001, "global_rounds": 200, "local_epochs": 1, "warm_up": 5, "seed": 1}
{"round": 0, "acc": [[85.6208, 76.9924, 90.2374, 78.8379, 24.6978, 61.0499], [84.8069, 79.0059, 89.672, 78.4869, 21.4978, 60.807], [84.7909, 77.3421, 89.9871, 77.772, 20.9778, 59.8169], [84.9026, 77.0348, 89.8619, 79.4878, 25.4933, 60.3587], [85.0303, 76.4731, 89.8921, 78.7989, 26.4978, 59.7048], [85.3016, 77.0136, 90.3453, 78.149, 24.8356, 64.0389]], "total_test_time": 0, "total_train_time": 0}
{"round": 1, "acc": [[87.2486, 77.5964, 90.3755, 78.331, 23.3022, 61.7971], [83.8493, 83.4782, 89.167, 78.5779, 20.1867, 60.9004], [84.4079, 76.1975, 92.1191, 76.4981, 21.8533, 62.563], [84.1207, 77.2679, 89.5296, 83.2445, 25.1511, 60.4334], [83.0514, 74.0992, 89.2447, 75.5492, 51.4444, 58.0049], [85.0303, 76.4731, 89.8317, 76.5371, 22.3733, 68.1674]], "total_test_time": 1141.242261648178, "total_train_time": 197.4544939994812}
{"round": 2, "acc": [[88.2381, 77.1301, 90.0647, 77.525, 22.7689, 62.1894], [81.6629, 84.6545, 88.4592, 76.9791, 14.7511, 60.1905], [83.7057, 75.4451, 92.5723, 74.7173, 21.0178, 60.9191], [83.594, 69.5528, 87.9715, 84.1804, 23.4933, 57.6126], [80.2426, 70.8669, 87.596, 71.9485, 59.0711, 54.8104], [83.3387, 73.2726, 88.0233, 71.5326, 17.88, 69.1948]], "total_test_time": 2281.7488079071045, "total_train_time": 394.6134600639343}
{"round": 3, "acc": [[88.7807, 76.9076, 89.2447, 75.1852, 19.8089, 60.7323], [81.3916, 84.9407, 87.4493, 75.8092, 14.2089, 58.9576], [83.0673, 74.6079, 92.7622, 73.4174, 19.4133, 59.6114], [82.7162, 66.2039, 87.1256, 84.8044, 24.5556, 55.0532], [78.8861, 68.5566, 85.8265, 69.8037, 62.8533, 52.5687], [79.7798, 68.5036, 86.5991, 65.8391, 13.3333, 69.886]], "total_test_time": 3416.767286300659, "total_train_time": 589.1876990795135}
{"round": 4, "acc": [[88.4935, 76.0386, 88.6491, 75.6402, 22.3289, 59.2004], [79.0776, 85.2374, 86.3228, 71.4806, 8.1067, 56.6972], [83.1152, 74.1522, 92.5205, 72.9234, 20.1289, 59.3873], [82.0938, 66.7126, 85.697, 85.0513, 24.5644, 52.0829], [76.572, 64.5613, 82.7147, 64.8642, 64.0089, 49.1126], [77.5455, 65.5362, 85.1921, 64.0582, 13.5511, 70.241]], "total_test_time": 4556.827527046204, "total_train_time": 784.9761791229248}
{"round": 5, "acc": [[88.4296, 75.1272, 87.7169, 70.9736, 17.3156, 59.2004], [80.3862, 84.7393, 85.8567, 73.0014, 12.7244, 56.417], [81.3916, 72.1916, 92.0587, 70.4667, 16.5511, 56.9027], [81.3597, 58.7855, 81.6487, 84.8304, 23.0178, 47.2819], [74.1302, 59.8453, 78.7354, 62.0824, 65.4711, 44.8907], [76.8433, 64.0314, 84.8036, 64.2272, 13.6533, 69.8674]], "total_test_time": 5697.4847276210785, "total_train_time": 981.872567653656}
{"round": 6, "acc": [[88.5094, 73.7283, 87.4104, 74.3403, 20.3467, 57.6499], [79.8755, 84.5697, 84.8986, 73.0534, 13.1733, 55.1653], [81.1044, 72.6791, 91.9076, 70.9996, 17.7822, 55.9873], [79.7159, 58.6689, 79.3742, 84.4664, 23.44, 42.5929], [70.8426, 56.0619, 74.6051, 58.2348, 66.1244, 40.6501], [73.4121, 62.7067, 83.7721, 60.7175, 11.9156, 69.9795]], "total_test_time": 6830.190164089203, "total_train_time": 1179.048544883728}
{"round": 16, "acc": [[88.1104, 72.2764, 85.5978, 72.8064, 17.4844, 54.9225], [77.3221, 83.2238, 82.2961, 68.6468, 9.0044, 51.5786], [79.1893, 69.521, 91.3681, 69.2968, 16.7511, 52.5873], [79.1254, 64.6142, 78.1398, 84.5444, 20.8844, 42.294], [60.2139, 39.5719, 55.1187, 46.8348, 67.9467, 24.2481], [70.332, 57.6621, 79.741, 56.5709, 12.16, 67.7564]], "total_test_time": 7972.685313940048, "total_train_time": 3156.424111843109}
