{"base_model": "CLIP", "dataset": "domainnet", "subset_size": 50, "image_encoder_name": "ViT-B-32", "optimizer": "AdamW", "batch_size": 32, "learning_rate": 0.001, "global_rounds": 200, "local_epochs": 1, "warm_up": 5, "seed": 1}
{"round": 0, "acc": [[86.2635, 90.0888, 90.1111, 55.2126, 40.173, 77.5819], [86.664, 90.2665, 89.7761, 51.6762, 34.7188, 76.7254], [86.4638, 90.3258, 89.7233, 53.2502, 36.6748, 76.5239], [85.7429, 89.8124, 90.2697, 55.0491, 38.6496, 76.4232], [86.1434, 89.6742, 90.2168, 56.3369, 40.8501, 75.6171], [85.6628, 89.8914, 90.1111, 54.7629, 39.8533, 79.3451]], "total_test_time": 0, "total_train_time": 0}
{"round": 1, "acc": [[88.2659, 91.5104, 90.0053, 54.354, 38.9505, 77.5819], [88.0256, 91.8065, 90.5517, 52.3917, 36.0918, 76.4736], [85.7429, 90.2863, 91.7857, 54.0065, 37.6904, 77.0277], [85.5427, 89.2794, 90.3226, 67.2527, 55.2191, 76.7758], [85.7429, 89.7532, 89.9877, 67.5797, 57.9462, 79.6474], [86.0633, 89.9309, 90.0405, 55.0899, 40.568, 80.6045]], "total_test_time": 187.75288105010986, "total_train_time": 64.0426332950592}
{"round": 2, "acc": [[89.8678, 91.8065, 89.8819, 54.9264, 39.4019, 78.2368], [89.1069, 92.7739, 90.9043, 51.0425, 33.9101, 75.7683], [85.5827, 90.3455, 92.5084, 54.9469, 39.1574, 77.6826], [85.9832, 88.6673, 90.1287, 73.5487, 64.1339, 75.869], [85.4626, 89.3978, 89.547, 73.9984, 67.7826, 81.1083], [86.5439, 89.9112, 89.9172, 55.0082, 40.4551, 82.7204]], "total_test_time": 383.4033315181732, "total_train_time": 115.94810509681702}
{"round": 3, "acc": [[90.0681, 91.4906, 89.7409, 54.1905, 38.5744, 78.1864], [88.9868, 92.9516, 91.2392, 46.7702, 29.5655, 75.9698], [85.4626, 89.773, 92.9667, 53.1071, 36.5244, 75.7683], [84.8618, 87.8381, 89.97, 75.3679, 67.1807, 74.5592], [84.5014, 88.7068, 88.93, 76.4513, 71.6005, 80.7557], [86.8242, 89.8322, 89.547, 55.2535, 40.6432, 83.3753]], "total_test_time": 574.9500150680542, "total_train_time": 165.90305280685425}
{"round": 4, "acc": [[90.2683, 91.7868, 89.4765, 54.354, 38.6496, 77.6826], [88.6664, 93.0503, 91.0277, 46.9338, 29.6596, 75.063], [84.141, 88.6278, 92.4202, 52.8414, 34.7, 74.2569], [81.0172, 84.9161, 88.7185, 77.7392, 69.9831, 73.0479], [83.5803, 87.6012, 88.1192, 76.0425, 72.8794, 80.3526], [86.664, 89.3978, 89.1592, 54.8446, 40.3987, 83.728]], "total_test_time": 767.1026062965393, "total_train_time": 215.22720193862915}
{"round": 5, "acc": [[90.3885, 91.3919, 89.2473, 51.8193, 35.6404, 76.8766], [88.2659, 92.4778, 90.8514, 46.9951, 29.4339, 75.3149], [84.4213, 88.7266, 92.6846, 52.0646, 34.5684, 74.8615], [81.4177, 84.7581, 87.8724, 78.4955, 69.6633, 71.6877], [82.3789, 87.0681, 86.85, 76.574, 73.9327, 79.0428], [86.3436, 88.924, 89.406, 53.3933, 38.8753, 82.7204]], "total_test_time": 960.5981779098511, "total_train_time": 264.42333221435547}
{"round": 15, "acc": [[91.1494, 90.8391, 88.2954, 50.5724, 35.0386, 76.272], [88.0657, 92.2804, 90.1463, 44.8078, 27.5343, 73.8539], [82.2587, 87.2458, 92.6318, 51.4513, 32.8381, 71.5869], [78.5743, 79.309, 83.3069, 80.0899, 70.3404, 65.5919], [73.2479, 79.5656, 80.0458, 75.0818, 74.7414, 74.005], [84.4614, 87.4235, 87.8724, 52.637, 38.1982, 82.7708]], "total_test_time": 1150.529458284378, "total_train_time": 760.6528162956238}
