{"base_model": "CLIP", "dataset": "domainnet", "subset_size": 50, "image_encoder_name": "ViT-B-32", "optimizer": "AdamW", "batch_size": 32, "learning_rate": 0.001, "global_rounds": 200, "local_epochs": 1, "warm_up": 5, "seed": 1}
{"round": 0, "acc": [[87.3548, 88.6635, 90.8106, 60.8618, 38.3709, 75.9186], [87.2688, 88.813, 90.6465, 57.8546, 32.6673, 75.571], [87.2688, 88.8984, 90.6301, 59.1786, 34.7165, 75.0745], [86.7097, 88.2579, 91.0568, 60.5027, 37.0902, 74.9255], [87.0968, 88.1939, 90.9583, 61.8268, 39.1564, 74.1311], [86.7957, 88.4073, 90.827, 60.7047, 37.6878, 78.004]], "total_test_time": 0, "total_train_time": 0}
{"round": 1, "acc": [[89.2043, 90.1153, 90.827, 60.0539, 37.1926, 75.8193], [88.2581, 90.585, 91.0732, 57.6077, 32.9406, 75.1241], [86.5376, 88.2792, 92.2875, 59.4479, 35.1605, 75.2731], [86.6237, 87.5747, 90.8763, 70.7361, 52.7664, 75.2234], [87.0108, 88.1512, 90.7778, 72.0601, 58.0601, 77.7557], [87.0108, 88.5568, 90.6958, 60.974, 38.0806, 79.4935]], "total_test_time": 189.19008898735046, "total_train_time": 665.4643175601959}
{"round": 2, "acc": [[90.4086, 90.5423, 90.745, 61.0862, 38.4221, 76.5144], [89.3333, 91.5243, 91.8773, 57.9668, 33.8798, 74.6276], [86.5376, 87.7242, 93.3541, 59.2908, 34.3921, 75.3724], [86.9247, 86.7208, 90.6958, 75.1571, 61.1339, 75.4717], [87.0538, 87.9377, 90.4332, 76.5709, 66.9399, 78.8977], [87.871, 88.45, 90.6794, 60.9964, 38.2172, 80.5859]], "total_test_time": 377.04212617874146, "total_train_time": 718.0446999073029}
{"round": 3, "acc": [[91.2258, 90.9693, 90.5809, 60.6373, 37.5171, 76.3158], [89.7634, 91.8446, 91.9265, 54.825, 28.7227, 75.0248], [85.1613, 86.4432, 93.6823, 60.7047, 35.3313, 73.3863], [86.3656, 85.9949, 90.7286, 78.1867, 65.9153, 73.7339], [85.5914, 86.9769, 89.5307, 77.3564, 70.2698, 78.8481], [87.914, 88.1085, 90.466, 60.9291, 39.0369, 81.5789]], "total_test_time": 564.8027141094208, "total_train_time": 770.1641538143158}
{"round": 4, "acc": [[91.2688, 90.8412, 90.3183, 60.8169, 37.2609, 75.1241], [88.9032, 91.9727, 91.6639, 54.982, 29.4911, 72.3932], [85.3333, 86.7421, 93.2228, 59.9417, 35.5362, 72.2443], [84.8602, 83.8173, 89.5471, 79.3761, 68.1352, 71.996], [85.0753, 86.614, 88.9892, 78.3214, 73.0191, 78.8481], [87.5269, 87.4253, 90.1214, 59.7397, 37.9269, 81.3307]], "total_test_time": 753.4247524738312, "total_train_time": 821.7533600330353}
{"round": 6, "acc": [[90.7527, 90.7558, 89.6291, 58.9991, 36.2705, 73.6842], [88.5161, 91.5457, 91.4014, 51.2792, 23.1216, 71.3505], [85.1183, 86.614, 93.6987, 59.807, 34.9556, 72.3932], [82.7957, 82.0453, 88.2836, 79.982, 69.1428, 69.5631], [82.3656, 83.433, 86.9544, 77.1768, 74.4706, 76.0179], [87.3978, 86.8915, 89.4158, 59.4704, 36.9365, 80.7845]], "total_test_time": 941.2962679862976, "total_train_time": 927.77308344841}
{"round": 16, "acc": [[91.0538, 90.3074, 89.3338, 58.1912, 34.1018, 72.7408], [87.2688, 91.3535, 90.9091, 50.0224, 21.0383, 69.712], [82.1935, 83.7746, 92.9111, 59.9417, 34.9385, 70.4568], [79.0108, 77.4125, 84.6734, 81.2388, 71.2944, 63.6544], [75.957, 77.3698, 81.4408, 75.2917, 75.8709, 72.3932], [86.1505, 85.4611, 88.5625, 59.807, 38.6954, 80.8838]], "total_test_time": 1129.358202457428, "total_train_time": 1455.311707496643}
