{"base_model": "CLIP", "dataset": "domainnet", "subset_size": 50, "image_encoder_name": "ViT-B-32", "optimizer": "AdamW", "batch_size": 32, "learning_rate": 0.001, "global_rounds": 200, "local_epochs": 1, "warm_up": 5, "seed": 1}
{"round": 0, "acc": [[85.3668, 90.9826, 89.552, 50.9012, 41.7695, 79.898], [85.5165, 91.1662, 89.266, 46.733, 36.7496, 79.0306], [85.5913, 91.258, 89.1325, 48.2726, 38.7367, 78.7755], [84.8054, 90.7071, 89.8189, 50.5633, 40.3263, 78.5204], [85.1422, 90.6152, 89.6663, 51.9902, 42.4388, 78.0612], [84.5808, 90.7805, 89.6092, 50.3192, 41.895, 81.1735]], "total_test_time": 0, "total_train_time": 0}
{"round": 1, "acc": [[87.4626, 92.1212, 89.3804, 49.3053, 40.3054, 79.898], [86.9386, 92.6722, 90.0286, 47.3526, 37.5444, 78.6735], [84.8054, 91.2397, 90.9056, 49.831, 40.3472, 79.2857], [84.5808, 90.1561, 89.9714, 65.1145, 56.599, 78.3673], [85.0674, 90.6152, 89.6092, 63.7814, 57.4357, 81.3265], [85.1048, 90.7805, 89.571, 50.6196, 42.8571, 82.0408]], "total_test_time": 205.05347847938538, "total_train_time": 71.70165491104126}
{"round": 2, "acc": [[88.735, 92.7456, 89.3613, 49.7371, 40.7237, 80.7653], [87.762, 93.3701, 90.9056, 45.306, 36.6869, 78.5714], [84.2066, 91.3499, 91.6873, 50.0376, 39.9916, 79.1837], [85.0299, 90.1928, 89.9714, 72.1367, 65.4675, 78.2653], [84.8428, 90.1928, 89.1897, 70.4469, 65.7603, 82.0408], [85.2171, 90.7622, 89.266, 50.6196, 43.0872, 83.5204]], "total_test_time": 393.87637543678284, "total_train_time": 122.43920469284058}
{"round": 3, "acc": [[89.7081, 92.3783, 88.9228, 48.1036, 38.9667, 81.2245], [87.7994, 93.4803, 90.8866, 42.4146, 31.918, 76.8878], [83.8698, 91.1478, 91.9352, 49.9249, 40.4727, 79.2347], [83.6078, 88.9256, 89.4185, 75.7416, 68.7931, 77.602], [83.6452, 89.899, 88.6749, 74.371, 70.0481, 81.9388], [85.6287, 90.3949, 89.2088, 49.7559, 41.9368, 84.8469]], "total_test_time": 582.3680341243744, "total_train_time": 172.66865873336792}
{"round": 4, "acc": [[89.3338, 92.1763, 88.5033, 49.1551, 39.9498, 79.949], [88.3234, 93.6272, 91.001, 44.6677, 34.909, 76.5306], [82.9341, 90.7071, 92.3356, 47.9534, 36.7287, 77.2449], [81.4746, 87.4747, 88.6559, 76.5678, 68.5631, 74.2857], [83.009, 89.3848, 88.0267, 74.7278, 71.324, 82.1939], [85.0674, 90.6336, 89.0181, 49.662, 42.3342, 85.0]], "total_test_time": 770.5248067378998, "total_train_time": 223.23080778121948}
{"round": 14, "acc": [[89.8578, 91.2397, 87.2641, 47.2963, 37.9628, 78.0102], [86.7889, 93.0028, 89.3994, 40.199, 31.5415, 73.9286], [83.1587, 89.899, 91.4204, 45.4187, 34.4279, 74.4388], [77.021, 81.5427, 83.2793, 78.5205, 68.7513, 67.9592], [73.9521, 83.4711, 80.7626, 76.8682, 75.1307, 76.6837], [83.5704, 88.3012, 87.4357, 49.5118, 42.397, 83.8265]], "total_test_time": 958.8316640853882, "total_train_time": 728.9979343414307}
