{"base_model": "CLIP", "dataset": "source", "subset_size": 10, "image_encoder_name": "ViT-B-32", "optimizer": "AdamW", "batch_size": 128, "learning_rate": 0.001, "global_rounds": 50, "local_epochs": 1, "warm_up": 5, "seed": 1}
{"round": 49, "acc": [[98.7013, 94.2197, 99.692, 97.9245, 87.3563], [97.7273, 94.2197, 99.4867, 95.8491, 82.7586], [98.0519, 93.9884, 99.692, 97.9245, 87.3563], [98.0519, 93.8728, 99.4867, 97.9245, 86.2069], [98.7013, 93.8728, 99.4867, 96.7925, 87.931]], "total_test_time": 0.00014495849609375, "total_train_time": 1390.1166877746582, "total_adapt_time": 432.5706596374512}
