{"base_model": "CLIP", "dataset": "data2", "subset_size": 10, "image_encoder_name": "ViT-B-32", "optimizer": "AdamW", "batch_size": 128, "learning_rate": 0.001, "global_rounds": 50, "local_epochs": 1, "warm_up": 5, "seed": 1}
{"round": 0, "own_acc": [0.9902597402597403, 0.9260115606936417, 0.997946611909651, 0.9773584905660377, 0.7166666666666667, 0.8850574712643678], "other_acc": [0.851348008904279, 0.8192771084337349, 0.799230085875037, 0.8620779900549594, 0.9586110136794107, 0.8565956428058416], "domain_acc": 0.9600091932888991}
