{"base_model": "CLIP", "dataset": "data2", "subset_size": 100, "image_encoder_name": "ViT-B-32", "optimizer": "AdamW", "batch_size": 128, "learning_rate": 0.001, "global_rounds": 50, "local_epochs": 1, "warm_up": 5, "seed": 1}
{"round": 0, "own_acc": [0.8884131656408885, 0.828617106314948, 0.9213339608686882, 0.8362536503963287, 0.30866666666666664, 0.7028963869811884], "other_acc": [0.6638883241851324, 0.6448638421191292, 0.5555153161309794, 0.6610589160920072, 0.8536112457586039, 0.6791016368481158], "domain_acc": 0.9576528911848026}
