{"base_model": "CLIP", "dataset": "domainnet", "subset_size": 50, "image_encoder_name": "ViT-B-32", "optimizer": "AdamW", "batch_size": 32, "learning_rate": 0.001, "global_rounds": 200, "local_epochs": 1, "warm_up": 10, "seed": 1}
{"round": 0, "acc": [[87.871, 89.1973, 91.1881, 60.7047, 37.0048, 76.2661], [87.871, 89.1973, 91.1881, 60.7047, 37.0048, 76.2661], [87.871, 89.1973, 91.1881, 60.7047, 37.0048, 76.2661], [87.871, 89.1973, 91.1881, 60.7047, 37.0048, 76.2661], [87.871, 89.1973, 91.1881, 60.7047, 37.0048, 76.2661], [87.871, 89.1973, 91.1881, 60.7047, 37.0048, 76.2661]], "total_test_time": 0, "total_train_time": 0}
{"round": 1, "acc": [[85.6344, 85.1623, 87.8077, 55.9919, 31.8135, 72.5919], [85.5054, 85.5892, 87.8897, 55.8124, 31.1475, 72.6415], [84.7742, 85.333, 88.0866, 56.0592, 31.4378, 72.2939], [84.6882, 84.9274, 87.7749, 58.842, 36.373, 72.4429], [85.0323, 85.0342, 87.6928, 59.1786, 37.6025, 72.6415], [85.2473, 85.1409, 87.7585, 56.351, 32.2234, 73.138]], "total_test_time": 161.89480757713318, "total_train_time": 52.29706835746765}
{"round": 2, "acc": [[85.6774, 85.5038, 87.8569, 56.1266, 32.0697, 72.6415], [85.7204, 85.9095, 88.0374, 55.6104, 31.4549, 72.6912], [84.4731, 84.7353, 88.4477, 56.2837, 31.8477, 71.996], [84.3871, 84.6926, 87.8897, 60.1436, 38.7124, 72.4926], [84.5161, 84.9061, 87.5287, 61.1535, 42.179, 73.1877], [85.2473, 85.2263, 87.742, 56.6876, 33.2992, 73.6842]], "total_test_time": 573.9972639083862, "total_train_time": 104.03772616386414}
{"round": 3, "acc": [[85.5914, 85.4398, 87.742, 56.0817, 32.5137, 72.6415], [85.5914, 85.9308, 88.0538, 55.2738, 31.1817, 72.6415], [84.0, 84.6072, 88.7758, 56.3061, 31.5745, 72.2939], [83.957, 84.2015, 87.66, 61.3106, 41.4447, 72.4429], [84.0, 84.7139, 87.2498, 63.8241, 46.4481, 73.4856], [84.7312, 85.1409, 87.6108, 56.8671, 33.7432, 73.9325]], "total_test_time": 984.2213459014893, "total_train_time": 155.8217511177063}
{"round": 4, "acc": [[85.8065, 85.4611, 87.7256, 56.7101, 33.1455, 72.7408], [85.5484, 85.8881, 88.1359, 54.7576, 29.8497, 72.2939], [84.2151, 84.3937, 88.5625, 55.9695, 30.7377, 72.4429], [83.871, 84.0521, 87.5451, 63.0835, 44.3648, 72.1946], [83.5699, 84.5004, 87.0692, 65.6418, 49.3682, 72.9394], [84.2581, 85.0555, 87.5615, 56.7325, 33.7773, 74.0318]], "total_test_time": 1391.637419462204, "total_train_time": 207.85423469543457}
{"round": 5, "acc": [[86.1075, 85.4184, 87.4631, 56.0592, 32.5649, 72.7905], [85.2903, 85.76, 88.021, 53.9497, 28.8593, 71.6981], [84.043, 84.2015, 88.4477, 56.9345, 32.377, 71.8967], [83.7849, 84.0094, 87.4138, 64.7666, 46.9092, 71.7974], [83.5699, 84.4364, 86.938, 66.2029, 50.7343, 73.138], [84.129, 84.842, 87.2169, 56.3734, 33.5895, 74.0814]], "total_test_time": 1800.268636226654, "total_train_time": 259.80309677124023}
{"round": 6, "acc": [[86.0215, 85.2263, 87.2169, 56.1041, 32.3941, 72.4429], [84.9892, 85.6533, 87.9225, 54.4434, 29.457, 71.4995], [83.871, 84.2869, 88.3984, 55.7675, 31.2329, 71.7974], [83.5269, 83.9667, 87.3974, 66.4722, 50.3415, 71.6981], [83.3118, 84.2869, 86.6098, 67.7738, 54.3033, 73.5353], [84.2581, 84.3937, 86.8559, 56.2388, 33.6749, 74.4786]], "total_test_time": 2206.6386065483093, "total_train_time": 311.5593054294586}
{"round": 16, "acc": [[86.9247, 85.6746, 87.0364, 56.7325, 33.0601, 72.3436], [85.8495, 86.6354, 88.1031, 53.8151, 27.6639, 70.2085], [84.3011, 85.1836, 89.4322, 57.9443, 34.0676, 71.003], [82.7097, 82.1093, 86.1175, 72.3968, 60.3996, 69.7617], [80.5591, 80.7643, 84.2796, 71.9928, 64.3272, 71.7478], [84.2151, 83.2195, 86.2652, 55.6104, 32.4454, 74.7766]], "total_test_time": 2613.10582447052, "total_train_time": 1019.0256905555725}
