{"base_model": "CLIP", "dataset": "domainnet", "subset_size": 50, "image_encoder_name": "ViT-B-32", "optimizer": "AdamW", "batch_size": 32, "learning_rate": 0.001, "global_rounds": 200, "local_epochs": 1, "warm_up": 10, "seed": 1}
{"round": 0, "acc": [[86.1527, 91.3499, 89.857, 50.3943, 40.7028, 79.949], [86.1527, 91.3499, 89.857, 50.3943, 40.7028, 79.949], [86.1527, 91.3499, 89.857, 50.3943, 40.7028, 79.949], [86.1527, 91.3499, 89.857, 50.3943, 40.7028, 79.949], [86.1527, 91.3499, 89.857, 50.3943, 40.7028, 79.949], [86.1527, 91.3499, 89.857, 50.3943, 40.7028, 79.949]], "total_test_time": 0, "total_train_time": 0}
{"round": 1, "acc": [[82.3728, 88.1726, 86.0439, 44.4424, 35.6411, 76.6327], [82.4102, 88.3196, 86.082, 44.1044, 35.1182, 76.4796], [81.3623, 88.0992, 86.1773, 44.4424, 35.4319, 76.0204], [81.3623, 87.9522, 85.9676, 48.8359, 40.3263, 75.9184], [81.8862, 87.9155, 85.8723, 48.742, 40.7028, 76.4796], [82.1482, 87.9155, 86.1392, 44.5738, 36.1222, 76.3265]], "total_test_time": 163.52492260932922, "total_train_time": 53.08934807777405}
{"round": 2, "acc": [[82.8219, 88.2094, 86.0057, 44.8367, 35.9967, 76.7347], [82.5973, 88.4665, 86.1773, 44.4987, 35.5992, 76.0204], [80.8757, 87.787, 86.5396, 44.3673, 35.913, 75.7653], [81.25, 87.7319, 85.8723, 51.7086, 43.6938, 75.9694], [81.3623, 87.7686, 85.7007, 50.8261, 43.4219, 76.5306], [81.9611, 87.8972, 85.9867, 44.9118, 36.6869, 76.9388]], "total_test_time": 589.3808403015137, "total_train_time": 105.52345132827759}
{"round": 3, "acc": [[83.1587, 88.0441, 85.9676, 45.306, 36.5405, 76.6327], [82.4476, 88.3379, 86.2536, 43.9354, 34.8463, 75.8163], [80.3892, 87.8972, 86.6921, 45.0432, 35.9757, 75.6122], [80.6886, 87.7319, 85.9295, 54.187, 46.2874, 75.6633], [80.9132, 87.4747, 85.3575, 54.3184, 46.4965, 76.3265], [81.8114, 87.7502, 85.796, 44.724, 37.0006, 76.9898]], "total_test_time": 1031.120390176773, "total_train_time": 164.05390977859497}
{"round": 4, "acc": [[83.1961, 88.0441, 85.8151, 46.3012, 37.5863, 76.3776], [82.747, 88.5399, 86.2154, 44.1419, 35.5156, 75.102], [80.8383, 87.787, 86.8446, 44.3485, 35.16, 75.1531], [80.6138, 87.3278, 85.7388, 56.3087, 48.2744, 75.3061], [80.8757, 87.5115, 85.1478, 57.454, 49.6549, 76.8367], [81.3623, 87.6217, 85.7388, 44.8554, 36.6241, 76.9388]], "total_test_time": 1456.2673790454865, "total_train_time": 215.730384349823}
{"round": 5, "acc": [[83.4207, 88.1359, 85.6435, 46.7142, 38.151, 76.6837], [82.1856, 88.4114, 85.9676, 45.1183, 36.5196, 74.7959], [80.3518, 87.8788, 86.7493, 44.1419, 34.658, 75.4592], [80.0524, 87.3095, 85.7769, 58.3552, 51.0144, 75.3061], [80.3892, 87.2176, 84.8999, 58.4679, 51.7465, 76.3776], [81.7365, 87.4931, 85.6435, 44.3673, 36.2267, 77.3469]], "total_test_time": 1871.9182488918304, "total_train_time": 267.44813227653503}
{"round": 6, "acc": [[83.4207, 88.1726, 85.3575, 46.0571, 37.5026, 76.2755], [82.3353, 88.4481, 85.7007, 44.4799, 35.1809, 74.3878], [80.4641, 87.8053, 86.368, 44.1607, 34.9718, 75.4592], [80.1272, 86.9421, 86.0248, 60.9651, 53.378, 75.5102], [80.0898, 87.3095, 84.8046, 60.1014, 53.6917, 76.3265], [81.4746, 87.1809, 85.1096, 43.0529, 35.7457, 77.1429]], "total_test_time": 2295.298784971237, "total_train_time": 319.34576416015625}
{"round": 16, "acc": [[84.5434, 88.0257, 85.2622, 47.653, 39.5106, 76.3265], [82.747, 89.1644, 86.4061, 45.2497, 35.7038, 74.0306], [80.9506, 87.9339, 87.6644, 44.1419, 34.1979, 75.5102], [78.2186, 85.0138, 84.0419, 69.2264, 63.104, 72.1429], [77.2829, 84.977, 82.4404, 67.1799, 61.7444, 75.3061], [80.5389, 86.6299, 84.7092, 42.9966, 35.0554, 78.3673]], "total_test_time": 2712.727406024933, "total_train_time": 844.500025510788}
