{"base_model": "CLIP", "dataset": "domainnet", "subset_size": 50, "image_encoder_name": "ViT-B-32", "optimizer": "AdamW", "batch_size": 32, "learning_rate": 0.001, "global_rounds": 200, "local_epochs": 1, "warm_up": 10, "seed": 1}
{"round": 0, "acc": [[87.0244, 90.5429, 90.4107, 54.906, 38.8565, 77.8841], [87.0244, 90.5429, 90.4107, 54.906, 38.8565, 77.8841], [87.0244, 90.5429, 90.4107, 54.906, 38.8565, 77.8841], [87.0244, 90.5429, 90.4107, 54.906, 38.8565, 77.8841], [87.0244, 90.5429, 90.4107, 54.906, 38.8565, 77.8841], [87.0244, 90.5429, 90.4107, 54.906, 38.8565, 77.8841]], "total_test_time": 0, "total_train_time": 0}
{"round": 1, "acc": [[83.7405, 87.2853, 86.7795, 49.7751, 34.0229, 74.6599], [83.6203, 87.3445, 86.9381, 49.7751, 33.7973, 74.7607], [82.8995, 87.0879, 87.0439, 49.6321, 34.0606, 74.4081], [83.0196, 86.8509, 86.6032, 53.8839, 39.2891, 74.5088], [83.2599, 86.9497, 86.568, 54.1496, 40.0226, 74.5592], [83.5402, 87.0286, 86.7971, 50.0613, 34.8693, 75.1134]], "total_test_time": 163.37071323394775, "total_train_time": 52.552175998687744}
{"round": 2, "acc": [[84.1009, 87.1668, 86.7442, 49.7751, 34.117, 74.6096], [83.8606, 87.5222, 86.9205, 49.7138, 34.6624, 74.3577], [82.6592, 86.7917, 87.3436, 49.9387, 34.1922, 73.6524], [82.4189, 86.6732, 86.7442, 55.6623, 42.2795, 74.1058], [82.8995, 86.7127, 86.5503, 56.3778, 43.7089, 75.063], [83.5402, 86.9694, 86.6385, 50.6746, 35.9601, 75.4156]], "total_test_time": 577.553346157074, "total_train_time": 104.82912087440491}
{"round": 3, "acc": [[84.4213, 87.2261, 86.568, 50.2249, 34.8129, 74.7103], [84.181, 87.5222, 87.0791, 49.7956, 34.6624, 74.3073], [82.6592, 87.0681, 87.2202, 50.4088, 34.0794, 72.9471], [82.3388, 86.5548, 86.709, 57.9518, 45.3639, 74.3073], [82.3388, 86.4956, 86.1449, 59.1783, 48.0346, 74.6599], [83.3801, 87.0484, 86.6032, 50.5519, 36.0354, 75.8186]], "total_test_time": 994.4619543552399, "total_train_time": 157.19222927093506}
{"round": 4, "acc": [[84.5414, 87.0484, 86.4798, 50.5315, 35.2078, 74.2569], [84.4213, 87.3643, 87.0968, 49.7751, 34.6436, 74.2569], [82.2187, 86.6338, 87.3436, 49.305, 33.045, 72.5441], [82.0985, 86.0809, 86.6208, 60.2208, 48.0158, 73.7531], [81.8983, 86.5153, 86.0215, 61.3451, 50.9874, 74.6599], [83.3801, 86.8707, 86.3741, 50.5928, 36.0166, 75.8186]], "total_test_time": 1409.8139567375183, "total_train_time": 209.5472285747528}
{"round": 5, "acc": [[85.3024, 87.1471, 86.4798, 51.2469, 36.3363, 74.2569], [84.3412, 87.305, 86.991, 49.3663, 33.5151, 73.1486], [82.3388, 86.5548, 87.3259, 50.2453, 33.6092, 72.6952], [82.1386, 86.1994, 86.6208, 61.7948, 50.4796, 73.9043], [81.9383, 86.2192, 85.81, 62.9395, 53.3195, 74.5088], [83.3, 86.8312, 86.3741, 50.7768, 36.2799, 76.1713]], "total_test_time": 1827.801302909851, "total_train_time": 261.713143825531}
{"round": 6, "acc": [[85.0621, 87.0681, 86.1802, 50.6132, 35.3583, 74.0554], [84.181, 87.4827, 86.9029, 49.1823, 33.3647, 73.2494], [82.2187, 86.535, 87.2025, 49.7138, 33.5151, 72.8967], [81.7381, 85.6663, 86.5151, 63.4505, 51.5704, 73.4509], [81.2976, 86.1204, 85.6337, 64.3704, 56.404, 74.8111], [82.8194, 86.5548, 86.1273, 50.1226, 35.9977, 75.869]], "total_test_time": 2240.2740395069122, "total_train_time": 314.073627948761}
{"round": 7, "acc": [[85.1422, 87.0484, 86.0215, 50.4088, 35.6216, 74.005], [84.2211, 87.6209, 86.8324, 49.1006, 33.3835, 73.2997], [82.3789, 86.4758, 87.0791, 50.2249, 33.7596, 73.0982], [81.9383, 85.4097, 86.1978, 64.4726, 54.2975, 73.2494], [81.1774, 85.8243, 85.4045, 64.6566, 56.1407, 74.2065], [82.8594, 86.1994, 86.092, 49.3868, 34.9445, 76.1209]], "total_test_time": 2655.813196659088, "total_train_time": 366.2738564014435}
{"round": 17, "acc": [[85.9832, 86.8707, 85.7747, 49.8569, 34.3239, 74.005], [85.4225, 88.5094, 87.4141, 50.6746, 35.7156, 74.2569], [82.8995, 86.8707, 88.2249, 51.5944, 35.6592, 72.5945], [80.9772, 84.0474, 84.7171, 72.2813, 64.3972, 71.4358], [79.4153, 83.7907, 83.7123, 70.8299, 64.9803, 73.602], [82.3789, 85.3899, 85.669, 50.0, 35.5087, 77.1788]], "total_test_time": 3079.1059370040894, "total_train_time": 890.4508783817291}
