{"base_model": "CLIP", "dataset": "data2", "subset_size": 100, "image_encoder_name": "ViT-B-32", "optimizer": "AdamW", "batch_size": 128, "learning_rate": 0.001, "global_rounds": 50, "local_epochs": 1, "warm_up": 5, "seed": 1}
{"round": 49, "acc": [[89.6173, 82.3341, 93.0814, 83.1665, 65.8533, 67.662], [88.4132, 83.4053, 92.8999, 83.6045, 61.34, 65.4822], [88.6005, 81.5508, 93.4512, 82.1026, 62.6533, 66.0794], [89.0822, 82.478, 92.8326, 84.0634, 66.8867, 66.0197], [88.6272, 82.1743, 92.8125, 83.7088, 68.2667, 66.0197], [88.2794, 81.279, 93.0007, 82.8953, 65.0133, 69.7223]], "total_test_time": 0.00019240379333496094, "total_train_time": 7474.709240436554, "total_adapt_time": 1194.2682526111603}
