{"base_model": "CLIP", "dataset": "data2", "subset_size": 10, "image_encoder_name": "ViT-B-32", "optimizer": "AdamW", "batch_size": 128, "learning_rate": 0.001, "global_rounds": 50, "local_epochs": 1, "warm_up": 5, "seed": 1}
{"round": 49, "acc": [[96.7532, 93.7572, 99.4867, 98.1132, 76.5333, 83.3333], [95.1299, 93.6416, 99.2813, 93.7736, 64.6, 79.3103], [95.7792, 92.8324, 99.692, 97.7358, 79.0, 79.3103], [98.3766, 92.4855, 99.4867, 97.5472, 83.3333, 86.2069], [73.3766, 73.2948, 86.961, 73.2075, 88.0, 43.1034], [97.0779, 91.3295, 99.5893, 97.3585, 79.5333, 83.3333]], "total_test_time": 0.000347137451171875, "total_train_time": 1171.0518083572388, "total_adapt_time": 513.1844801902771}
