{"base_model": "CLIP", "dataset": "source", "subset_size": 50, "image_encoder_name": "ViT-B-32", "optimizer": "AdamW", "batch_size": 128, "learning_rate": 0.001, "global_rounds": 50, "local_epochs": 1, "warm_up": 5, "seed": 1}
{"round": 49, "acc": [[91.7725, 82.7762, 92.4423, 87.2518, 61.2133], [87.3551, 84.9292, 90.5834, 83.5682, 50.0533], [88.9564, 80.7082, 94.4912, 85.8744, 55.24], [89.2877, 76.7989, 91.7775, 90.5189, 54.6267], [91.386, 82.2096, 91.9403, 86.451, 73.88]], "total_test_time": 0.00027251243591308594, "total_train_time": 3769.1044487953186, "total_adapt_time": 711.0518779754639}
