{"base_model": "CLIP", "dataset": "source", "subset_size": 10, "image_encoder_name": "ViT-B-32", "optimizer": "AdamW", "batch_size": 128, "learning_rate": 0.001, "global_rounds": 50, "local_epochs": 1, "warm_up": 5, "seed": 1}
{"round": 49, "acc": [[96.1039, 91.6763, 99.076, 96.4151, 87.0667], [95.1299, 92.8324, 99.2813, 96.2264, 86.9333], [95.7792, 92.948, 99.384, 96.6038, 88.3333], [96.4286, 90.7514, 99.076, 96.6038, 86.0667], [96.1039, 92.3699, 99.384, 95.4717, 88.6667]], "total_test_time": 0.0002567768096923828, "total_train_time": 954.9250116348267, "total_adapt_time": 2384.38178730011}
