{"base_model": "CLIP", "dataset": "data2", "subset_size": 100, "image_encoder_name": "ViT-B-16", "optimizer": "AdamW", "batch_size": 128, "learning_rate": 0.001, "global_rounds": 50, "local_epochs": 1, "warm_up": 5, "seed": 1}
{"round": 49, "acc": [[90.5539, 86.4908, 93.8681, 86.4414, 64.16, 73.8131], [89.8047, 87.3541, 93.7403, 86.1911, 61.4, 72.768], [90.0455, 85.7074, 94.2917, 84.8769, 61.0533, 72.2902], [90.4736, 86.4748, 93.7202, 87.2966, 65.06, 72.9173], [90.5539, 86.1231, 93.7067, 86.6708, 66.12, 72.35], [89.5906, 85.6914, 93.8546, 86.1702, 62.04, 76.3511]], "total_test_time": 0.00020623207092285156, "total_train_time": 32684.471645355225}
