{"base_model": "CLIP", "dataset": "data2", "subset_size": 10, "image_encoder_name": "ViT-B-16", "optimizer": "AdamW", "batch_size": 128, "learning_rate": 0.001, "global_rounds": 50, "local_epochs": 1, "warm_up": 5, "seed": 1}
{"round": 49, "acc": [[97.4026, 95.6069, 99.7947, 98.1132, 88.9333, 89.0805], [97.7273, 95.6069, 99.7947, 98.4906, 87.2, 87.931], [97.4026, 94.9133, 99.7947, 98.8679, 88.4667, 90.8046], [97.0779, 95.7225, 99.7947, 98.4906, 90.1333, 88.5057], [96.7532, 95.8382, 99.7947, 97.9245, 90.2667, 89.0805], [97.7273, 95.6069, 99.7947, 98.6792, 88.4, 90.8046]], "total_test_time": 0.00021529197692871094, "total_train_time": 3075.693285226822}
