{"base_model": "CLIP", "dataset": "data2", "subset_size": 10, "image_encoder_name": "ViT-B-32", "optimizer": "AdamW", "batch_size": 128, "learning_rate": 0.001, "global_rounds": 50, "local_epochs": 1, "warm_up": 5, "seed": 1}
{"round": 49, "acc": [[98.7013, 94.4509, 99.692, 97.3585, 90.4667, 85.6322], [97.4026, 94.9133, 99.7947, 97.3585, 88.3333, 86.2069], [98.0519, 94.3353, 99.692, 97.3585, 89.4667, 87.3563], [98.3766, 94.6821, 99.5893, 97.5472, 90.8, 86.7816], [98.0519, 94.104, 99.5893, 96.9811, 91.6, 85.6322], [98.3766, 93.6416, 99.692, 97.7358, 90.0, 86.7816]], "total_test_time": 0.00017309188842773438, "total_train_time": 1070.4661040306091}
