{"base_model": "CLIP", "dataset": "data2", "subset_size": 100, "image_encoder_name": "ViT-B-32", "optimizer": "AdamW", "batch_size": 128, "learning_rate": 0.001, "global_rounds": 50, "local_epochs": 1, "warm_up": 5, "seed": 1}
{"round": 49, "acc": [[89.7779, 82.3821, 93.1352, 83.0622, 65.6733, 67.6321], [88.7075, 83.6291, 92.7116, 83.3959, 61.52, 65.4822], [88.9216, 81.6467, 93.6059, 82.1652, 62.7267, 66.1391], [89.1357, 82.526, 92.7587, 83.9174, 67.0867, 65.6315], [89.0286, 82.0464, 92.8528, 83.8757, 68.3733, 65.9003], [88.7343, 81.4229, 93.0075, 82.791, 64.98, 69.9015]], "total_test_time": 0.00020551681518554688, "total_train_time": 7443.359414815903}
