{"base_model": "CLIP", "dataset": "domainnet", "subset_size": 10, "image_encoder_name": "ViT-B-32", "optimizer": "AdamW", "batch_size": 32, "learning_rate": 0.001, "global_rounds": 200, "local_epochs": 1, "warm_up": 10, "seed": 1}
{"round": 0, "acc": [[98.0519, 89.711, 98.768, 96.6038, 48.2, 80.4598], [95.4545, 92.6012, 99.692, 93.3962, 55.3333, 79.3103], [97.0779, 90.8671, 99.692, 95.6604, 50.0667, 87.3563], [96.7532, 90.4046, 99.692, 97.7358, 57.4667, 78.7356], [89.9351, 75.8382, 89.0144, 83.5849, 84.8, 58.6207], [97.4026, 88.3237, 99.1786, 96.6038, 49.8667, 88.5057]], "total_test_time": 0, "total_train_time": 0}
{"round": 1, "acc": [[97.4026, 81.8497, 96.9199, 93.9623, 56.2667, 71.8391], [89.9351, 92.3699, 97.7413, 88.8679, 47.1333, 67.2414], [88.961, 84.5087, 98.6653, 82.4528, 52.0667, 73.5632], [95.7792, 89.5954, 99.076, 96.9811, 54.7333, 83.3333], [88.3117, 72.6012, 83.2649, 85.4717, 85.3333, 60.9195], [93.1818, 82.8902, 99.076, 93.0189, 47.2, 89.0805]], "total_test_time": 62.886351108551025, "total_train_time": 37.686766147613525}
