{"base_model": "CLIP", "dataset": "domainnet", "subset_size": 50, "image_encoder_name": "convnext_base", "optimizer": "AdamW", "batch_size": 32, "learning_rate": 0.001, "global_rounds": 200, "local_epochs": 1, "warm_up": 10, "seed": 1}
{"round": 0, "acc": [[90.2816, 83.1445, 92.4695, 86.8674, 31.6, 74.4275], [90.2816, 83.1445, 92.4695, 86.8674, 31.6, 74.4275], [90.2816, 83.1445, 92.4695, 86.8674, 31.6, 74.4275], [90.2816, 83.1445, 92.4695, 86.8674, 31.6, 74.4275], [90.2816, 83.1445, 92.4695, 86.8674, 31.6, 74.4275], [90.2816, 83.1445, 92.4695, 86.8674, 31.6, 74.4275]], "total_test_time": 0, "total_train_time": 0}
{"round": 1, "acc": [[90.4473, 83.4561, 92.7815, 86.8994, 32.8133, 75.1431], [90.4473, 83.4561, 92.7815, 86.8994, 32.8133, 75.1431], [90.4473, 83.4561, 92.7815, 86.8994, 32.8133, 75.1431], [90.4473, 83.4561, 92.7815, 86.8994, 32.8133, 75.1431], [90.4473, 83.4561, 92.7815, 86.8994, 32.8133, 75.1431], [90.4473, 83.4561, 92.7815, 86.8994, 32.8133, 75.1431]], "total_test_time": 907.965017080307, "total_train_time": 268.1227355003357}
{"round": 2, "acc": [[90.5025, 83.6261, 92.8223, 87.1236, 33.4933, 75.334], [90.5025, 83.6261, 92.8223, 87.1236, 33.4933, 75.334], [90.5025, 83.6261, 92.8223, 87.1236, 33.4933, 75.334], [90.5025, 83.6261, 92.8223, 87.1236, 33.4933, 75.334], [90.5025, 83.6261, 92.8223, 87.1236, 33.4933, 75.334], [90.5025, 83.6261, 92.8223, 87.1236, 33.4933, 75.334]], "total_test_time": 1815.6148929595947, "total_train_time": 536.2572913169861}
{"round": 3, "acc": [[90.7786, 83.7677, 92.9172, 87.3158, 34.3333, 75.5248], [90.7786, 83.7677, 92.9172, 87.3158, 34.3333, 75.5248], [90.7786, 83.7677, 92.9172, 87.3158, 34.3333, 75.5248], [90.7786, 83.7677, 92.9172, 87.3158, 34.3333, 75.5248], [90.7786, 83.7677, 92.9172, 87.3158, 34.3333, 75.5248], [90.7786, 83.7677, 92.9172, 87.3158, 34.3333, 75.5248]], "total_test_time": 2723.0515716075897, "total_train_time": 804.4269902706146}
{"round": 4, "acc": [[91.1099, 83.8244, 92.9579, 87.508, 34.96, 75.5725], [91.1099, 83.8244, 92.9579, 87.508, 34.96, 75.5725], [91.1099, 83.8244, 92.9579, 87.508, 34.96, 75.5725], [91.1099, 83.8244, 92.9579, 87.508, 34.96, 75.5725], [91.1099, 83.8244, 92.9579, 87.508, 34.96, 75.5725], [91.1099, 83.8244, 92.9579, 87.508, 34.96, 75.5725]], "total_test_time": 3630.9131186008453, "total_train_time": 1072.1943807601929}
{"round": 5, "acc": [[91.1099, 84.051, 92.9579, 87.7002, 34.9333, 75.5725], [91.1099, 84.051, 92.9579, 87.7002, 34.9333, 75.5725], [91.1099, 84.051, 92.9579, 87.7002, 34.9333, 75.5725], [91.1099, 84.051, 92.9579, 87.7002, 34.9333, 75.5725], [91.1099, 84.051, 92.9579, 87.7002, 34.9333, 75.5725], [91.1099, 84.051, 92.9579, 87.7002, 34.9333, 75.5725]], "total_test_time": 4538.6019740104675, "total_train_time": 1339.8844933509827}
{"round": 6, "acc": [[90.8338, 84.051, 93.0122, 87.8924, 34.8, 75.5248], [90.8338, 84.051, 93.0122, 87.8924, 34.8, 75.5248], [90.8338, 84.051, 93.0122, 87.8924, 34.8, 75.5248], [90.8338, 84.051, 93.0122, 87.8924, 34.8, 75.5248], [90.8338, 84.051, 93.0122, 87.8924, 34.8, 75.5248], [90.8338, 84.051, 93.0122, 87.8924, 34.8, 75.5248]], "total_test_time": 5446.322713136673, "total_train_time": 1607.6898875236511}
{"round": 7, "acc": [[91.1099, 84.0227, 93.0801, 87.7002, 35.4533, 75.8111], [91.1099, 84.0227, 93.0801, 87.7002, 35.4533, 75.8111], [91.1099, 84.0227, 93.0801, 87.7002, 35.4533, 75.8111], [91.1099, 84.0227, 93.0801, 87.7002, 35.4533, 75.8111], [91.1099, 84.0227, 93.0801, 87.7002, 35.4533, 75.8111], [91.1099, 84.0227, 93.0801, 87.7002, 35.4533, 75.8111]], "total_test_time": 6353.712642908096, "total_train_time": 1875.5261209011078}
{"round": 10, "acc": [[90.889, 84.051, 93.0122, 87.9564, 35.28, 75.9542], [90.889, 84.051, 93.0122, 87.9564, 35.28, 75.9542], [90.889, 84.051, 93.0122, 87.9564, 35.28, 75.9542], [90.889, 84.051, 93.0122, 87.9564, 35.28, 75.9542], [90.889, 84.051, 93.0122, 87.9564, 35.28, 75.9542], [90.889, 84.051, 93.0122, 87.9564, 35.28, 75.9542]], "total_test_time": 7261.211347579956, "total_train_time": 2679.3307490348816}
{"round": 11, "acc": [[91.1099, 84.0227, 93.0936, 88.0525, 35.6667, 76.0973], [91.1099, 84.0227, 93.0936, 88.0525, 35.6667, 76.0973], [91.1099, 84.0227, 93.0936, 88.0525, 35.6667, 76.0973], [91.1099, 84.0227, 93.0936, 88.0525, 35.6667, 76.0973], [91.1099, 84.0227, 93.0936, 88.0525, 35.6667, 76.0973], [91.1099, 84.0227, 93.0936, 88.0525, 35.6667, 76.0973]], "total_test_time": 8168.442693948746, "total_train_time": 2947.2662744522095}
{"round": 21, "acc": [[91.0547, 84.221, 93.0393, 88.1166, 35.4267, 76.3836], [91.0547, 84.221, 93.0393, 88.1166, 35.4267, 76.3836], [91.0547, 84.221, 93.0393, 88.1166, 35.4267, 76.3836], [91.0547, 84.221, 93.0393, 88.1166, 35.4267, 76.3836], [91.0547, 84.221, 93.0393, 88.1166, 35.4267, 76.3836], [91.0547, 84.221, 93.0393, 88.1166, 35.4267, 76.3836]], "total_test_time": 9075.782536506653, "total_train_time": 5626.775326490402}
