{"base_model": "CLIP", "dataset": "office", "subset_size": 100, "image_encoder_name": "convnext_base", "optimizer": "AdamW", "batch_size": 32, "learning_rate": 0.001, "global_rounds": 200, "local_epochs": 1, "warm_up": 10, "seed": 1}
{"round": 0, "acc": [[72.2273, 92.8061, 91.8488, 82.6264], [72.2273, 92.8061, 91.8488, 82.6264], [72.2273, 92.8061, 91.8488, 82.6264], [72.2273, 92.8061, 91.8488, 82.6264]], "total_test_time": 0, "total_train_time": 0}
{"round": 1, "acc": [[72.8182, 93.0295, 92.031, 82.5449], [72.8182, 93.0295, 92.031, 82.5449], [72.8182, 93.0295, 92.031, 82.5449], [72.8182, 93.0295, 92.031, 82.5449]], "total_test_time": 2137.1253094673157, "total_train_time": 415.1216034889221}
{"round": 2, "acc": [[73.2727, 93.1635, 92.122, 82.5449], [73.2727, 93.1635, 92.122, 82.5449], [73.2727, 93.1635, 92.122, 82.5449], [73.2727, 93.1635, 92.122, 82.5449]], "total_test_time": 4322.636857509613, "total_train_time": 829.8283402919769}
{"round": 3, "acc": [[74.1364, 93.521, 92.0765, 82.8711], [74.1364, 93.521, 92.0765, 82.8711], [74.1364, 93.521, 92.0765, 82.8711], [74.1364, 93.521, 92.0765, 82.8711]], "total_test_time": 6502.602473974228, "total_train_time": 1243.2086310386658}
{"round": 4, "acc": [[75.2727, 93.655, 92.3497, 82.3817], [75.2727, 93.655, 92.3497, 82.3817], [75.2727, 93.655, 92.3497, 82.3817], [75.2727, 93.655, 92.3497, 82.3817]], "total_test_time": 8685.949890613556, "total_train_time": 1658.712812423706}
{"round": 5, "acc": [[75.8636, 93.6997, 92.3042, 82.708], [75.8636, 93.6997, 92.3042, 82.708], [75.8636, 93.6997, 92.3042, 82.708], [75.8636, 93.6997, 92.3042, 82.708]], "total_test_time": 10871.770532608032, "total_train_time": 2075.4356169700623}
{"round": 6, "acc": [[75.2727, 94.1019, 92.2587, 82.9527], [75.2727, 94.1019, 92.2587, 82.9527], [75.2727, 94.1019, 92.2587, 82.9527], [75.2727, 94.1019, 92.2587, 82.9527]], "total_test_time": 13056.234730005264, "total_train_time": 2489.892795562744}
{"round": 16, "acc": [[72.0909, 91.2869, 84.0619, 70.4731], [72.0909, 91.2869, 84.0619, 70.4731], [72.0909, 91.2869, 84.0619, 70.4731], [72.0909, 91.2869, 84.0619, 70.4731]], "total_test_time": 15239.366843700409, "total_train_time": 6637.584501743317}
