{"base_model": "CLIP", "dataset": "PACS", "subset_size": 7, "image_encoder_name": "convnext_base", "optimizer": "AdamW", "batch_size": 32, "learning_rate": 0.001, "global_rounds": 200, "local_epochs": 1, "warm_up": 10, "seed": 1}
{"round": 0, "acc": [[99.7605, 76.1394, 96.2891, 98.3362], [99.7605, 76.1394, 96.2891, 98.3362], [99.7605, 76.1394, 96.2891, 98.3362], [99.7605, 76.1394, 96.2891, 98.3362]], "total_test_time": 0, "total_train_time": 0}
{"round": 1, "acc": [[99.7605, 81.5013, 96.4355, 98.4215], [99.7605, 81.5013, 96.4355, 98.4215], [99.7605, 81.5013, 96.4355, 98.4215], [99.7605, 81.5013, 96.4355, 98.4215]], "total_test_time": 94.63044333457947, "total_train_time": 21.99609088897705}
{"round": 2, "acc": [[99.8204, 84.9866, 96.3867, 98.4642], [99.8204, 84.9866, 96.3867, 98.4642], [99.8204, 84.9866, 96.3867, 98.4642], [99.8204, 84.9866, 96.3867, 98.4642]], "total_test_time": 188.29322409629822, "total_train_time": 42.71857285499573}
{"round": 3, "acc": [[99.8204, 87.1314, 96.6797, 98.5495], [99.8204, 87.1314, 96.6797, 98.5495], [99.8204, 87.1314, 96.6797, 98.5495], [99.8204, 87.1314, 96.6797, 98.5495]], "total_test_time": 281.8222007751465, "total_train_time": 63.521862745285034}
{"round": 4, "acc": [[99.8204, 88.7399, 97.5098, 98.6775], [99.8204, 88.7399, 97.5098, 98.6775], [99.8204, 88.7399, 97.5098, 98.6775], [99.8204, 88.7399, 97.5098, 98.6775]], "total_test_time": 375.1424312591553, "total_train_time": 84.20773935317993}
{"round": 5, "acc": [[99.8204, 90.0804, 97.5098, 98.7628], [99.8204, 90.0804, 97.5098, 98.7628], [99.8204, 90.0804, 97.5098, 98.7628], [99.8204, 90.0804, 97.5098, 98.7628]], "total_test_time": 468.24562525749207, "total_train_time": 104.85962152481079}
{"round": 7, "acc": [[99.8204, 90.3485, 97.8027, 98.8055], [99.8204, 90.3485, 97.8027, 98.8055], [99.8204, 90.3485, 97.8027, 98.8055], [99.8204, 90.3485, 97.8027, 98.8055]], "total_test_time": 561.6442165374756, "total_train_time": 146.1816487312317}
{"round": 9, "acc": [[99.8204, 91.4209, 97.9492, 99.1041], [99.8204, 91.4209, 97.9492, 99.1041], [99.8204, 91.4209, 97.9492, 99.1041], [99.8204, 91.4209, 97.9492, 99.1041]], "total_test_time": 654.9842739105225, "total_train_time": 187.49680495262146}
{"round": 12, "acc": [[99.8802, 93.0295, 97.7051, 98.9761], [99.8802, 93.0295, 97.7051, 98.9761], [99.8802, 93.0295, 97.7051, 98.9761], [99.8802, 93.0295, 97.7051, 98.9761]], "total_test_time": 748.7886912822723, "total_train_time": 249.59272527694702}
{"round": 14, "acc": [[99.9401, 90.8847, 98.3398, 99.1041], [99.9401, 90.8847, 98.3398, 99.1041], [99.9401, 90.8847, 98.3398, 99.1041], [99.9401, 90.8847, 98.3398, 99.1041]], "total_test_time": 842.3500320911407, "total_train_time": 290.842990398407}
{"round": 16, "acc": [[100.0, 91.9571, 98.291, 99.1468], [100.0, 91.9571, 98.291, 99.1468], [100.0, 91.9571, 98.291, 99.1468], [100.0, 91.9571, 98.291, 99.1468]], "total_test_time": 935.8926062583923, "total_train_time": 332.21530866622925}
{"round": 18, "acc": [[100.0, 93.2976, 98.1445, 99.1894], [100.0, 93.2976, 98.1445, 99.1894], [100.0, 93.2976, 98.1445, 99.1894], [100.0, 93.2976, 98.1445, 99.1894]], "total_test_time": 1029.7686483860016, "total_train_time": 373.6680955886841}
{"round": 22, "acc": [[100.0, 93.0295, 98.6328, 99.0614], [100.0, 93.0295, 98.6328, 99.0614], [100.0, 93.0295, 98.6328, 99.0614], [100.0, 93.0295, 98.6328, 99.0614]], "total_test_time": 1123.5817680358887, "total_train_time": 456.52382802963257}
{"round": 24, "acc": [[100.0, 93.0295, 98.5352, 99.1468], [100.0, 93.0295, 98.5352, 99.1468], [100.0, 93.0295, 98.5352, 99.1468], [100.0, 93.0295, 98.5352, 99.1468]], "total_test_time": 1216.9242944717407, "total_train_time": 498.0350110530853}
{"round": 25, "acc": [[99.9401, 93.5657, 98.6328, 99.1894], [99.9401, 93.5657, 98.6328, 99.1894], [99.9401, 93.5657, 98.6328, 99.1894], [99.9401, 93.5657, 98.6328, 99.1894]], "total_test_time": 1310.6221461296082, "total_train_time": 518.7307398319244}
{"round": 31, "acc": [[100.0, 93.0295, 98.4375, 99.1894], [100.0, 93.0295, 98.4375, 99.1894], [100.0, 93.0295, 98.4375, 99.1894], [100.0, 93.0295, 98.4375, 99.1894]], "total_test_time": 1404.0875794887543, "total_train_time": 643.1370310783386}
{"round": 32, "acc": [[99.9401, 92.7614, 98.6816, 99.2321], [99.9401, 92.7614, 98.6816, 99.2321], [99.9401, 92.7614, 98.6816, 99.2321], [99.9401, 92.7614, 98.6816, 99.2321]], "total_test_time": 1497.3179790973663, "total_train_time": 663.931804895401}
{"round": 42, "acc": [[100.0, 93.0295, 98.7793, 99.0614], [100.0, 93.0295, 98.7793, 99.0614], [100.0, 93.0295, 98.7793, 99.0614], [100.0, 93.0295, 98.7793, 99.0614]], "total_test_time": 1590.6852905750275, "total_train_time": 870.8325567245483}
