{"base_model": "CLIP", "dataset": "adaptiope", "subset_size": 10, "image_encoder_name": "nllb-clip-base", "optimizer": "AdamW", "batch_size": 32, "learning_rate": 0.001, "global_rounds": 200, "local_epochs": 1, "warm_up": 10, "seed": 1}
{"round": 0, "acc": [[5.2, 6.2, 7.2], [5.2, 6.2, 7.2], [5.2, 6.2, 7.2]], "total_test_time": 0, "total_train_time": 0}
{"round": 1, "acc": [[6.2, 7.8, 9.8], [6.2, 7.8, 9.8], [6.2, 7.8, 9.8]], "total_test_time": 13.113821029663086, "total_train_time": 3.6344234943389893}
{"round": 2, "acc": [[11.8, 9.8, 17.6], [11.8, 9.8, 17.6], [11.8, 9.8, 17.6]], "total_test_time": 25.95314073562622, "total_train_time": 7.134164810180664}
{"round": 3, "acc": [[32.0, 24.4, 36.8], [32.0, 24.4, 36.8], [32.0, 24.4, 36.8]], "total_test_time": 39.08842349052429, "total_train_time": 10.686515808105469}
{"round": 4, "acc": [[53.6, 44.2, 50.6], [53.6, 44.2, 50.6], [53.6, 44.2, 50.6]], "total_test_time": 52.19576048851013, "total_train_time": 14.442537069320679}
{"round": 5, "acc": [[80.6, 74.2, 82.8], [80.6, 74.2, 82.8], [80.6, 74.2, 82.8]], "total_test_time": 65.31730246543884, "total_train_time": 18.16092610359192}
{"round": 6, "acc": [[93.0, 89.2, 90.6], [93.0, 89.2, 90.6], [93.0, 89.2, 90.6]], "total_test_time": 78.49527359008789, "total_train_time": 21.88643527030945}
{"round": 7, "acc": [[96.6, 94.0, 93.4], [96.6, 94.0, 93.4], [96.6, 94.0, 93.4]], "total_test_time": 91.59099841117859, "total_train_time": 25.49617886543274}
{"round": 8, "acc": [[97.2, 94.8, 94.2], [97.2, 94.8, 94.2], [97.2, 94.8, 94.2]], "total_test_time": 105.12415599822998, "total_train_time": 29.109394788742065}
{"round": 9, "acc": [[97.2, 96.2, 95.2], [97.2, 96.2, 95.2], [97.2, 96.2, 95.2]], "total_test_time": 118.23261141777039, "total_train_time": 32.660062074661255}
{"round": 10, "acc": [[97.2, 96.4, 96.2], [97.2, 96.4, 96.2], [97.2, 96.4, 96.2]], "total_test_time": 131.41570043563843, "total_train_time": 36.228633880615234}
{"round": 11, "acc": [[97.2, 96.6, 96.8], [97.2, 96.6, 96.8], [97.2, 96.6, 96.8]], "total_test_time": 144.5553102493286, "total_train_time": 39.794668197631836}
{"round": 12, "acc": [[97.2, 96.8, 97.6], [97.2, 96.8, 97.6], [97.2, 96.8, 97.6]], "total_test_time": 158.0535135269165, "total_train_time": 43.42640209197998}
{"round": 13, "acc": [[97.2, 96.8, 97.6], [97.2, 96.8, 97.6], [97.2, 96.8, 97.6]], "total_test_time": 171.3063201904297, "total_train_time": 47.06506419181824}
{"round": 14, "acc": [[97.0, 96.6, 98.0], [97.0, 96.6, 98.0], [97.0, 96.6, 98.0]], "total_test_time": 184.45916390419006, "total_train_time": 50.60726475715637}
{"round": 15, "acc": [[97.0, 96.6, 97.8], [97.0, 96.6, 97.8], [97.0, 96.6, 97.8]], "total_test_time": 197.95517802238464, "total_train_time": 54.268664836883545}
{"round": 16, "acc": [[96.8, 96.6, 98.6], [96.8, 96.6, 98.6], [96.8, 96.6, 98.6]], "total_test_time": 211.25410223007202, "total_train_time": 57.85345506668091}
{"round": 17, "acc": [[96.8, 96.6, 98.0], [96.8, 96.6, 98.0], [96.8, 96.6, 98.0]], "total_test_time": 224.73886728286743, "total_train_time": 61.688491106033325}
{"round": 18, "acc": [[96.8, 96.6, 98.6], [96.8, 96.6, 98.6], [96.8, 96.6, 98.6]], "total_test_time": 238.47719430923462, "total_train_time": 65.29258394241333}
{"round": 19, "acc": [[96.8, 96.6, 98.8], [96.8, 96.6, 98.8], [96.8, 96.6, 98.8]], "total_test_time": 251.91919445991516, "total_train_time": 69.00809407234192}
{"round": 20, "acc": [[97.0, 96.6, 98.8], [97.0, 96.6, 98.8], [97.0, 96.6, 98.8]], "total_test_time": 265.1748971939087, "total_train_time": 73.13602900505066}
