{"base_model": "CLIP", "dataset": "domainnet", "subset_size": 50, "image_encoder_name": "RN101", "optimizer": "AdamW", "batch_size": 32, "learning_rate": 0.001, "global_rounds": 200, "local_epochs": 1, "warm_up": 10, "seed": 1}
{"round": 0, "acc": [[35.8366, 53.881, 71.7775, 44.3946, 6.7333, 32.2996], [35.8366, 53.881, 71.7775, 44.3946, 6.7333, 32.2996], [35.8366, 53.881, 71.7775, 44.3946, 6.7333, 32.2996], [35.8366, 53.881, 71.7775, 44.3946, 6.7333, 32.2996], [35.8366, 53.881, 71.7775, 44.3946, 6.7333, 32.2996], [35.8366, 53.881, 71.7775, 44.3946, 6.7333, 32.2996]], "total_test_time": 0, "total_train_time": 0}
{"round": 3, "acc": [[35.5605, 36.9972, 57.1777, 35.0416, 5.1467, 25.0954], [38.7079, 49.2918, 69.213, 40.3267, 6.92, 28.626], [40.8614, 49.83, 70.4885, 41.704, 6.52, 30.4389], [32.6891, 36.9122, 54.3284, 36.451, 7.3733, 21.708], [2.2087, 1.2748, 1.2076, 6.9827, 7.36, 0.7634], [34.5665, 32.6062, 54.6676, 30.6855, 6.32, 22.6145]], "total_test_time": 416.0431492328644, "total_train_time": 353.0426936149597}
{"round": 4, "acc": [[36.72, 38.2436, 58.4939, 35.6823, 5.52, 25.5725], [38.4318, 49.9433, 69.6744, 40.7111, 7.12, 28.5782], [41.0823, 50.3116, 70.6242, 42.4087, 6.9733, 30.5821], [33.0756, 37.8754, 55.8616, 36.1307, 7.56, 21.5172], [2.1535, 1.3881, 1.384, 6.5983, 7.9733, 0.7156], [37.217, 35.9207, 57.3677, 33.376, 6.1733, 24.3321]], "total_test_time": 835.4488186836243, "total_train_time": 469.08485674858093}
{"round": 5, "acc": [[37.8244, 38.2153, 59.1316, 36.1627, 5.8533, 26.0973], [38.8183, 51.1615, 70.1085, 40.9673, 7.2533, 29.2462], [42.0762, 51.3598, 71.289, 42.3126, 6.7067, 31.7748], [32.91, 37.6487, 55.8209, 36.0666, 7.7733, 21.8034], [2.0983, 1.3881, 1.2483, 6.5983, 8.6667, 0.7156], [36.444, 35.8924, 57.3541, 32.7675, 7.24, 24.5229]], "total_test_time": 1253.6995220184326, "total_train_time": 585.1624705791473}
{"round": 6, "acc": [[39.3705, 39.915, 60.3528, 37.2197, 5.7867, 26.5267], [39.8675, 51.5014, 70.8141, 41.7681, 7.3467, 29.0076], [41.8553, 51.9547, 72.0488, 43.1454, 7.3867, 31.9179], [33.7383, 37.6204, 55.4274, 36.8994, 7.96, 21.4218], [2.1535, 1.4731, 1.2754, 6.3421, 8.8267, 0.6202], [37.4931, 36.2323, 58.5346, 33.4721, 6.8533, 24.7137]], "total_test_time": 1674.4801580905914, "total_train_time": 703.4638731479645}
{"round": 7, "acc": [[39.2049, 39.6317, 60.1085, 37.6041, 5.9333, 26.2882], [39.5914, 51.813, 70.9769, 41.8642, 7.2533, 29.4847], [41.6897, 51.2465, 71.4111, 42.4087, 7.2533, 31.584], [34.8426, 40.0567, 57.5305, 38.3728, 8.0133, 22.7576], [2.3192, 1.4448, 1.3569, 6.8225, 9.1067, 0.6202], [37.9348, 36.0057, 57.6119, 32.6714, 6.8133, 24.9523]], "total_test_time": 2093.4683125019073, "total_train_time": 819.798269033432}
{"round": 8, "acc": [[38.8736, 39.4334, 60.0678, 37.3479, 5.8667, 26.5744], [40.9166, 52.153, 71.3297, 42.3126, 7.4267, 29.771], [42.021, 52.2946, 72.1981, 43.1454, 6.6667, 32.3473], [36.0022, 39.6317, 57.6391, 38.0205, 8.3467, 22.2328], [2.2087, 1.4731, 1.2754, 6.7265, 9.7333, 0.9065], [38.984, 36.7989, 58.8602, 34.1768, 6.8667, 25.6679]], "total_test_time": 2511.514096260071, "total_train_time": 935.9914238452911}
{"round": 9, "acc": [[38.6527, 40.3966, 61.0991, 38.0525, 5.8, 26.6698], [41.0271, 52.5496, 71.5197, 42.8892, 7.4267, 30.8206], [42.5179, 52.6346, 72.0624, 43.5939, 7.16, 32.9676], [35.8918, 40.5099, 58.1682, 38.4689, 8.2, 23.3779], [2.0983, 1.1898, 1.2076, 7.0788, 9.2267, 0.8111], [39.2601, 36.8555, 59.0638, 33.6003, 6.96, 25.4294]], "total_test_time": 2930.003582239151, "total_train_time": 1053.2930364608765}
{"round": 12, "acc": [[40.8614, 41.1048, 61.8996, 38.5971, 6.1333, 27.4332], [40.8062, 53.1445, 71.9132, 42.8251, 7.48, 30.7729], [44.1745, 53.5127, 73.2022, 44.2345, 7.3867, 33.9218], [35.7813, 39.6317, 58.0326, 38.7892, 8.5867, 23.0916], [2.1535, 1.3031, 1.194, 6.9186, 10.68, 0.8111], [38.4318, 37.2238, 58.8602, 33.8885, 7.68, 26.479]], "total_test_time": 3358.2193553447723, "total_train_time": 1400.9690845012665}
{"round": 15, "acc": [[40.6405, 40.1416, 60.4478, 38.2767, 6.0133, 26.9561], [41.8001, 53.3428, 71.8453, 43.4337, 7.5733, 30.8206], [44.0088, 53.1445, 73.4871, 44.747, 7.2, 33.6832], [37.2722, 40.9065, 60.2849, 39.5259, 8.4533, 23.6164], [2.0983, 1.3598, 1.1533, 6.9186, 10.2933, 0.8111], [38.7079, 37.2238, 58.711, 33.4721, 7.3467, 25.2863]], "total_test_time": 3776.532778739929, "total_train_time": 1749.5965921878815}
{"round": 25, "acc": [[40.3092, 40.4533, 61.0855, 37.9564, 6.2, 27.4809], [41.5792, 53.5977, 71.8589, 44.0423, 7.7067, 30.8683], [43.0701, 52.6346, 72.6866, 44.2024, 7.52, 33.1107], [35.947, 40.7082, 58.711, 38.9814, 8.6267, 23.4256], [2.3744, 1.4164, 1.2347, 7.1108, 10.7333, 0.9065], [39.3153, 38.272, 58.8331, 34.1768, 7.2667, 26.1927]], "total_test_time": 4200.807275772095, "total_train_time": 2912.492560863495}
