{"base_model": "CLIP", "dataset": "PACS", "subset_size": 7, "image_encoder_name": "RN50", "optimizer": "AdamW", "batch_size": 32, "learning_rate": 0.001, "global_rounds": 200, "local_epochs": 1, "warm_up": 10, "seed": 1}
{"round": 0, "acc": [[11.1377, 22.5201, 14.1602, 14.8891], [11.1377, 22.5201, 14.1602, 14.8891], [11.1377, 22.5201, 14.1602, 14.8891], [11.1377, 22.5201, 14.1602, 14.8891]], "total_test_time": 0, "total_train_time": 0}
{"round": 1, "acc": [[22.3952, 20.1072, 19.1895, 16.3823], [13.7126, 26.8097, 13.916, 19.1126], [20.0, 18.7668, 22.5098, 17.0648], [17.2455, 20.3753, 17.6758, 22.2696]], "total_test_time": 21.280272960662842, "total_train_time": 5.834663391113281}
{"round": 2, "acc": [[66.6467, 26.2735, 35.3516, 23.3362], [44.1916, 32.9759, 24.5117, 48.5922], [64.012, 25.7373, 52.002, 27.8584], [57.1257, 27.3458, 35.6934, 54.4369]], "total_test_time": 42.16118335723877, "total_train_time": 10.673566102981567}
