{"base_model": "CLIP", "dataset": "office", "subset_size": 100, "image_encoder_name": "RN50", "optimizer": "AdamW", "batch_size": 32, "learning_rate": 0.001, "global_rounds": 200, "local_epochs": 1, "warm_up": 10, "seed": 1}
{"round": 0, "acc": [[53.8931, 81.982, 83.0275, 72.7023], [54.3511, 81.9069, 82.3394, 74.3484], [54.5802, 81.0811, 82.4159, 72.7023], [54.4275, 81.7568, 83.0275, 73.9369]], "total_test_time": 0, "total_train_time": 0}
{"round": 10, "acc": [[46.7176, 68.4685, 57.7982, 39.7805], [48.9313, 81.4565, 68.3486, 52.9492], [48.1679, 80.7808, 74.0061, 61.7284], [48.9313, 81.8318, 77.2171, 65.8436]], "total_test_time": 90.37432408332825, "total_train_time": 228.71654438972473}
