{"base_model": "CLIP", "dataset": "domainnet", "subset_size": 50, "image_encoder_name": "RN50", "optimizer": "AdamW", "batch_size": 32, "learning_rate": 0.001, "global_rounds": 200, "local_epochs": 1, "warm_up": 10, "seed": 1}
{"round": 0, "acc": [[37.0514, 52.7195, 70.5834, 42.7931, 6.0667, 27.6718], [37.0514, 52.7195, 70.5834, 42.7931, 6.0667, 27.6718], [37.0514, 52.7195, 70.5834, 42.7931, 6.0667, 27.6718], [37.0514, 52.7195, 70.5834, 42.7931, 6.0667, 27.6718], [37.0514, 52.7195, 70.5834, 42.7931, 6.0667, 27.6718], [37.0514, 52.7195, 70.5834, 42.7931, 6.0667, 27.6718]], "total_test_time": 0, "total_train_time": 0}
{"round": 2, "acc": [[34.3457, 36.034, 57.1642, 33.2159, 4.6533, 23.4256], [36.6096, 50.0567, 68.9417, 39.9103, 5.1733, 26.7176], [38.9288, 50.085, 70.2035, 39.3658, 6.56, 27.6718], [33.9591, 37.6771, 56.9199, 34.5291, 5.3867, 19.3702], [2.5953, 1.5014, 2.7137, 7.7835, 7.2267, 2.7195], [35.0635, 33.2295, 55.0204, 31.1339, 5.6267, 23.521]], "total_test_time": 335.0290746688843, "total_train_time": 180.67214488983154}
{"round": 3, "acc": [[36.9961, 37.2521, 57.9104, 35.3299, 4.68, 23.3779], [38.487, 51.1048, 69.9593, 40.8072, 5.72, 27.8626], [40.3644, 50.2833, 71.1126, 39.8142, 6.6533, 28.3874], [34.18, 38.272, 56.9471, 36.6752, 5.9733, 19.8473], [2.7609, 1.4448, 2.7951, 8.3921, 8.08, 2.8626], [36.4992, 36.0057, 57.6119, 33.376, 6.1733, 25.5248]], "total_test_time": 686.9304940700531, "total_train_time": 273.1500482559204}
{"round": 4, "acc": [[37.1066, 38.1586, 59.5387, 35.5221, 4.8133, 24.8092], [38.6527, 51.813, 70.5834, 41.4158, 5.5867, 28.626], [41.9658, 51.5014, 72.1845, 39.9744, 6.72, 29.6279], [35.1187, 38.9518, 57.0963, 37.3799, 6.56, 20.1336], [3.1474, 1.4164, 2.8765, 8.296, 9.0667, 2.8149], [36.2231, 36.0057, 58.1818, 33.6963, 6.5467, 25.9542]], "total_test_time": 1023.0640215873718, "total_train_time": 363.13583421707153}
{"round": 5, "acc": [[38.5422, 38.8385, 60.3392, 36.9955, 5.0267, 24.5706], [39.4257, 52.8329, 71.1262, 42.5048, 6.2533, 28.7691], [41.9105, 51.898, 72.2252, 41.0955, 6.52, 30.0573], [35.1739, 39.2068, 57.3677, 37.9564, 6.88, 20.2767], [2.8161, 1.3881, 2.8358, 7.9116, 9.4533, 2.7672], [37.8796, 37.3371, 58.8195, 34.0487, 6.6533, 26.5267]], "total_test_time": 1358.3611278533936, "total_train_time": 453.42283487319946}
{"round": 15, "acc": [[40.4197, 39.3768, 61.3976, 38.0205, 5.3733, 26.0973], [41.7449, 53.4278, 72.0624, 43.2415, 6.1333, 29.5802], [45.1132, 53.9093, 73.9756, 43.2095, 6.9067, 31.2023], [40.4197, 42.153, 61.2483, 40.5189, 7.76, 22.0897], [3.2579, 1.2465, 3.175, 9.2889, 11.0667, 2.7195], [39.7018, 39.2068, 61.3161, 36.2268, 6.9067, 27.4809]], "total_test_time": 1704.1136376857758, "total_train_time": 1353.7271976470947}
