{"base_model": "CLIP", "dataset": "domainnet", "subset_size": 50, "image_encoder_name": "RN50x4", "optimizer": "AdamW", "batch_size": 32, "learning_rate": 0.001, "global_rounds": 200, "local_epochs": 1, "warm_up": 10, "seed": 1}
{"round": 0, "acc": [[85.8642, 80.4533, 91.5468, 83.0878, 25.68, 74.7137], [85.8642, 80.4533, 91.5468, 83.0878, 25.68, 74.7137], [85.8642, 80.4533, 91.5468, 83.0878, 25.68, 74.7137], [85.8642, 80.4533, 91.5468, 83.0878, 25.68, 74.7137], [85.8642, 80.4533, 91.5468, 83.0878, 25.68, 74.7137], [85.8642, 80.4533, 91.5468, 83.0878, 25.68, 74.7137]], "total_test_time": 0, "total_train_time": 0}
{"round": 10, "acc": [[70.4583, 59.3201, 84.5862, 67.5529, 13.44, 69.7042], [79.3484, 74.7592, 90.3528, 79.9808, 21.1067, 73.8073], [80.5632, 77.1105, 90.5156, 80.2691, 24.9333, 74.0935], [71.4522, 65.3824, 85.536, 71.3004, 17.6533, 68.7023], [6.4605, 2.6912, 5.6038, 18.802, 10.5733, 8.1107], [79.1828, 70.3683, 88.3446, 78.3152, 17.96, 70.4676]], "total_test_time": 933.0870935916901, "total_train_time": 3149.5625677108765}
