{"base_model": "CLIP", "dataset": "office", "subset_size": 100, "image_encoder_name": "RN50", "optimizer": "AdamW", "batch_size": 32, "learning_rate": 0.001, "global_rounds": 200, "local_epochs": 1, "warm_up": 10, "seed": 1}
{"round": 0, "acc": [[52.5909, 81.5013, 83.0146, 72.4307], [52.5909, 81.5013, 83.0146, 72.4307], [52.5909, 81.5013, 83.0146, 72.4307], [52.5909, 81.5013, 83.0146, 72.4307]], "total_test_time": 0, "total_train_time": 0}
{"round": 10, "acc": [[39.9545, 64.5666, 52.3224, 37.9282], [45.2727, 77.2118, 65.9381, 50.7341], [43.9091, 78.5523, 72.9508, 61.093], [42.4545, 80.9651, 75.3643, 64.4372]], "total_test_time": 1246.615628004074, "total_train_time": 2753.185084581375}
