{"base_model": "CLIP", "dataset": "data", "subset_size": 150, "image_encoder_name": "ViT-B-32", "optimizer": "AdamW", "batch_size": 32, "learning_rate": 0.001, "global_rounds": 200, "local_epochs": 1, "warm_up": 10, "seed": 1}
{"round": 0, "acc": [[85.4612, 78.2853, 90.3884, 79.5528, 24.6844, 62.0213], [85.4612, 78.2853, 90.3884, 79.5528, 24.6844, 62.0213], [85.4612, 78.2853, 90.3884, 79.5528, 24.6844, 62.0213], [85.4612, 78.2853, 90.3884, 79.5528, 24.6844, 62.0213], [85.4612, 78.2853, 90.3884, 79.5528, 24.6844, 62.0213], [85.4612, 78.2853, 90.3884, 79.5528, 24.6844, 62.0213]], "total_test_time": 0, "total_train_time": 0}
{"round": 1, "acc": [[85.7485, 79.1437, 90.7121, 80.0078, 25.2756, 63.1608], [85.7485, 79.1437, 90.7121, 80.0078, 25.2756, 63.1608], [85.7485, 79.1437, 90.7121, 80.0078, 25.2756, 63.1608], [85.7485, 79.1437, 90.7121, 80.0078, 25.2756, 63.1608], [85.7485, 79.1437, 90.7121, 80.0078, 25.2756, 63.1608], [85.7485, 79.1437, 90.7121, 80.0078, 25.2756, 63.1608]], "total_test_time": 1115.014410018921, "total_train_time": 196.48769736289978}
{"round": 2, "acc": [[85.8762, 79.4616, 90.7898, 80.2678, 26.0089, 63.5158], [85.8762, 79.4616, 90.7898, 80.2678, 26.0089, 63.5158], [85.8762, 79.4616, 90.7898, 80.2678, 26.0089, 63.5158], [85.8762, 79.4616, 90.7898, 80.2678, 26.0089, 63.5158], [85.8762, 79.4616, 90.7898, 80.2678, 26.0089, 63.5158], [85.8762, 79.4616, 90.7898, 80.2678, 26.0089, 63.5158]], "total_test_time": 2243.588075876236, "total_train_time": 393.11693692207336}
{"round": 3, "acc": [[86.1315, 79.7054, 90.8934, 80.4368, 26.3822, 63.8147], [86.1315, 79.7054, 90.8934, 80.4368, 26.3822, 63.8147], [86.1315, 79.7054, 90.8934, 80.4368, 26.3822, 63.8147], [86.1315, 79.7054, 90.8934, 80.4368, 26.3822, 63.8147], [86.1315, 79.7054, 90.8934, 80.4368, 26.3822, 63.8147], [86.1315, 79.7054, 90.8934, 80.4368, 26.3822, 63.8147]], "total_test_time": 3378.214042663574, "total_train_time": 590.4337248802185}
{"round": 4, "acc": [[86.1953, 79.7372, 90.9193, 80.4888, 26.8267, 64.0015], [86.1953, 79.7372, 90.9193, 80.4888, 26.8267, 64.0015], [86.1953, 79.7372, 90.9193, 80.4888, 26.8267, 64.0015], [86.1953, 79.7372, 90.9193, 80.4888, 26.8267, 64.0015], [86.1953, 79.7372, 90.9193, 80.4888, 26.8267, 64.0015], [86.1953, 79.7372, 90.9193, 80.4888, 26.8267, 64.0015]], "total_test_time": 4500.146079540253, "total_train_time": 787.0661196708679}
{"round": 6, "acc": [[86.3071, 79.9703, 91.0099, 80.5148, 27.1511, 64.263], [86.3071, 79.9703, 91.0099, 80.5148, 27.1511, 64.263], [86.3071, 79.9703, 91.0099, 80.5148, 27.1511, 64.263], [86.3071, 79.9703, 91.0099, 80.5148, 27.1511, 64.263], [86.3071, 79.9703, 91.0099, 80.5148, 27.1511, 64.263], [86.3071, 79.9703, 91.0099, 80.5148, 27.1511, 64.263]], "total_test_time": 5627.538298845291, "total_train_time": 1180.085170507431}
{"round": 7, "acc": [[86.339, 80.0127, 91.0445, 80.4498, 27.0933, 64.3564], [86.339, 80.0127, 91.0445, 80.4498, 27.0933, 64.3564], [86.339, 80.0127, 91.0445, 80.4498, 27.0933, 64.3564], [86.339, 80.0127, 91.0445, 80.4498, 27.0933, 64.3564], [86.339, 80.0127, 91.0445, 80.4498, 27.0933, 64.3564], [86.339, 80.0127, 91.0445, 80.4498, 27.0933, 64.3564]], "total_test_time": 6748.651301622391, "total_train_time": 1374.335372686386}
{"round": 12, "acc": [[86.3709, 80.0445, 91.0876, 80.6187, 27.2311, 64.4872], [86.3709, 80.0445, 91.0876, 80.6187, 27.2311, 64.4872], [86.3709, 80.0445, 91.0876, 80.6187, 27.2311, 64.4872], [86.3709, 80.0445, 91.0876, 80.6187, 27.2311, 64.4872], [86.3709, 80.0445, 91.0876, 80.6187, 27.2311, 64.4872], [86.3709, 80.0445, 91.0876, 80.6187, 27.2311, 64.4872]], "total_test_time": 7866.898522615433, "total_train_time": 2360.1728456020355}
{"round": 14, "acc": [[86.3709, 80.0763, 91.066, 80.5538, 27.3689, 64.4872], [86.3709, 80.0763, 91.066, 80.5538, 27.3689, 64.4872], [86.3709, 80.0763, 91.066, 80.5538, 27.3689, 64.4872], [86.3709, 80.0763, 91.066, 80.5538, 27.3689, 64.4872], [86.3709, 80.0763, 91.066, 80.5538, 27.3689, 64.4872], [86.3709, 80.0763, 91.066, 80.5538, 27.3689, 64.4872]], "total_test_time": 8997.512845516205, "total_train_time": 2752.0236303806305}
{"round": 24, "acc": [[86.4986, 80.1399, 91.0962, 80.6967, 27.4622, 64.6367], [86.4986, 80.1399, 91.0962, 80.6967, 27.4622, 64.6367], [86.4986, 80.1399, 91.0962, 80.6967, 27.4622, 64.6367], [86.4986, 80.1399, 91.0962, 80.6967, 27.4622, 64.6367], [86.4986, 80.1399, 91.0962, 80.6967, 27.4622, 64.6367], [86.4986, 80.1399, 91.0962, 80.6967, 27.4622, 64.6367]], "total_test_time": 10120.93050980568, "total_train_time": 4727.159061908722}
