{"base_model": "CLIP", "dataset": "data", "subset_size": 100, "image_encoder_name": "ViT-B-32", "optimizer": "AdamW", "batch_size": 32, "learning_rate": 0.001, "global_rounds": 200, "local_epochs": 1, "warm_up": 10, "seed": 1}
{"round": 0, "acc": [[88.0921, 82.462, 92.2208, 83.5419, 28.2667, 67.6023], [88.0921, 82.462, 92.2208, 83.5419, 28.2667, 67.6023], [88.0921, 82.462, 92.2208, 83.5419, 28.2667, 67.6023], [88.0921, 82.462, 92.2208, 83.5419, 28.2667, 67.6023], [88.0921, 82.462, 92.2208, 83.5419, 28.2667, 67.6023], [88.0921, 82.462, 92.2208, 83.5419, 28.2667, 67.6023]], "total_test_time": 0, "total_train_time": 0}
{"round": 1, "acc": [[88.547, 82.7338, 92.4763, 83.98, 28.8867, 68.3488], [88.547, 82.7338, 92.4763, 83.98, 28.8867, 68.3488], [88.547, 82.7338, 92.4763, 83.98, 28.8867, 68.3488], [88.547, 82.7338, 92.4763, 83.98, 28.8867, 68.3488], [88.547, 82.7338, 92.4763, 83.98, 28.8867, 68.3488], [88.547, 82.7338, 92.4763, 83.98, 28.8867, 68.3488]], "total_test_time": 645.5725698471069, "total_train_time": 130.76379895210266}
{"round": 2, "acc": [[88.7343, 82.8937, 92.604, 84.2511, 29.46, 68.5279], [88.7343, 82.8937, 92.604, 84.2511, 29.46, 68.5279], [88.7343, 82.8937, 92.604, 84.2511, 29.46, 68.5279], [88.7343, 82.8937, 92.604, 84.2511, 29.46, 68.5279], [88.7343, 82.8937, 92.604, 84.2511, 29.46, 68.5279], [88.7343, 82.8937, 92.604, 84.2511, 29.46, 68.5279]], "total_test_time": 1290.0302765369415, "total_train_time": 259.73063373565674}
{"round": 3, "acc": [[88.8681, 83.0376, 92.5637, 84.3346, 29.86, 68.8265], [88.8681, 83.0376, 92.5637, 84.3346, 29.86, 68.8265], [88.8681, 83.0376, 92.5637, 84.3346, 29.86, 68.8265], [88.8681, 83.0376, 92.5637, 84.3346, 29.86, 68.8265], [88.8681, 83.0376, 92.5637, 84.3346, 29.86, 68.8265], [88.8681, 83.0376, 92.5637, 84.3346, 29.86, 68.8265]], "total_test_time": 1943.6023616790771, "total_train_time": 390.3513123989105}
{"round": 4, "acc": [[88.8948, 83.2934, 92.604, 84.418, 30.1, 69.0355], [88.8948, 83.2934, 92.604, 84.418, 30.1, 69.0355], [88.8948, 83.2934, 92.604, 84.418, 30.1, 69.0355], [88.8948, 83.2934, 92.604, 84.418, 30.1, 69.0355], [88.8948, 83.2934, 92.604, 84.418, 30.1, 69.0355], [88.8948, 83.2934, 92.604, 84.418, 30.1, 69.0355]], "total_test_time": 2595.043473005295, "total_train_time": 520.1957788467407}
{"round": 5, "acc": [[88.9216, 83.4053, 92.6444, 84.5849, 30.3733, 69.0654], [88.9216, 83.4053, 92.6444, 84.5849, 30.3733, 69.0654], [88.9216, 83.4053, 92.6444, 84.5849, 30.3733, 69.0654], [88.9216, 83.4053, 92.6444, 84.5849, 30.3733, 69.0654], [88.9216, 83.4053, 92.6444, 84.5849, 30.3733, 69.0654], [88.9216, 83.4053, 92.6444, 84.5849, 30.3733, 69.0654]], "total_test_time": 3245.094465494156, "total_train_time": 649.4061675071716}
{"round": 6, "acc": [[89.0554, 83.6611, 92.6646, 84.6683, 30.54, 69.0953], [89.0554, 83.6611, 92.6646, 84.6683, 30.54, 69.0953], [89.0554, 83.6611, 92.6646, 84.6683, 30.54, 69.0953], [89.0554, 83.6611, 92.6646, 84.6683, 30.54, 69.0953], [89.0554, 83.6611, 92.6646, 84.6683, 30.54, 69.0953], [89.0554, 83.6611, 92.6646, 84.6683, 30.54, 69.0953]], "total_test_time": 3893.344570159912, "total_train_time": 779.0443329811096}
{"round": 7, "acc": [[89.0019, 83.5811, 92.678, 84.5432, 30.5733, 69.2446], [89.0019, 83.5811, 92.678, 84.5432, 30.5733, 69.2446], [89.0019, 83.5811, 92.678, 84.5432, 30.5733, 69.2446], [89.0019, 83.5811, 92.678, 84.5432, 30.5733, 69.2446], [89.0019, 83.5811, 92.678, 84.5432, 30.5733, 69.2446], [89.0019, 83.5811, 92.678, 84.5432, 30.5733, 69.2446]], "total_test_time": 4532.14120388031, "total_train_time": 908.0818333625793}
{"round": 8, "acc": [[89.0286, 83.6451, 92.7116, 84.6266, 30.7, 69.1848], [89.0286, 83.6451, 92.7116, 84.6266, 30.7, 69.1848], [89.0286, 83.6451, 92.7116, 84.6266, 30.7, 69.1848], [89.0286, 83.6451, 92.7116, 84.6266, 30.7, 69.1848], [89.0286, 83.6451, 92.7116, 84.6266, 30.7, 69.1848], [89.0286, 83.6451, 92.7116, 84.6266, 30.7, 69.1848]], "total_test_time": 5175.069156169891, "total_train_time": 1036.7055497169495}
{"round": 18, "acc": [[89.0286, 83.757, 92.752, 84.7518, 30.5667, 69.364], [89.0286, 83.757, 92.752, 84.7518, 30.5667, 69.364], [89.0286, 83.757, 92.752, 84.7518, 30.5667, 69.364], [89.0286, 83.757, 92.752, 84.7518, 30.5667, 69.364], [89.0286, 83.757, 92.752, 84.7518, 30.5667, 69.364], [89.0286, 83.757, 92.752, 84.7518, 30.5667, 69.364]], "total_test_time": 5820.161946296692, "total_train_time": 2324.922525405884}
