{"base_model": "CLIP", "dataset": "data", "subset_size": 50, "image_encoder_name": "ViT-B-16", "optimizer": "AdamW", "batch_size": 32, "learning_rate": 0.001, "global_rounds": 200, "local_epochs": 1, "warm_up": 10, "seed": 1}
{"round": 0, "acc": [[91.6621, 86.9122, 93.6364, 89.0135, 34.1867, 75.4294], [91.6621, 86.9122, 93.6364, 89.0135, 34.1867, 75.4294], [91.6621, 86.9122, 93.6364, 89.0135, 34.1867, 75.4294], [91.6621, 86.9122, 93.6364, 89.0135, 34.1867, 75.4294], [91.6621, 86.9122, 93.6364, 89.0135, 34.1867, 75.4294], [91.6621, 86.9122, 93.6364, 89.0135, 34.1867, 75.4294]], "total_test_time": 0, "total_train_time": 0}
{"round": 1, "acc": [[91.7725, 87.0822, 93.7585, 89.1736, 35.0933, 75.5725], [91.7725, 87.0822, 93.7585, 89.1736, 35.0933, 75.5725], [91.7725, 87.0822, 93.7585, 89.1736, 35.0933, 75.5725], [91.7725, 87.0822, 93.7585, 89.1736, 35.0933, 75.5725], [91.7725, 87.0822, 93.7585, 89.1736, 35.0933, 75.5725], [91.7725, 87.0822, 93.7585, 89.1736, 35.0933, 75.5725]], "total_test_time": 898.8435206413269, "total_train_time": 260.40997195243835}
{"round": 2, "acc": [[91.8829, 87.4504, 93.8399, 89.2377, 35.4667, 76.0973], [91.8829, 87.4504, 93.8399, 89.2377, 35.4667, 76.0973], [91.8829, 87.4504, 93.8399, 89.2377, 35.4667, 76.0973], [91.8829, 87.4504, 93.8399, 89.2377, 35.4667, 76.0973], [91.8829, 87.4504, 93.8399, 89.2377, 35.4667, 76.0973], [91.8829, 87.4504, 93.8399, 89.2377, 35.4667, 76.0973]], "total_test_time": 1789.8619194030762, "total_train_time": 520.0886578559875}
{"round": 3, "acc": [[91.9934, 87.5921, 93.8535, 89.2697, 35.6533, 76.0973], [91.9934, 87.5921, 93.8535, 89.2697, 35.6533, 76.0973], [91.9934, 87.5921, 93.8535, 89.2697, 35.6533, 76.0973], [91.9934, 87.5921, 93.8535, 89.2697, 35.6533, 76.0973], [91.9934, 87.5921, 93.8535, 89.2697, 35.6533, 76.0973], [91.9934, 87.5921, 93.8535, 89.2697, 35.6533, 76.0973]], "total_test_time": 2685.5361959934235, "total_train_time": 775.9580509662628}
{"round": 4, "acc": [[92.3247, 87.6204, 93.9077, 89.3338, 36.2667, 76.2882], [92.3247, 87.6204, 93.9077, 89.3338, 36.2667, 76.2882], [92.3247, 87.6204, 93.9077, 89.3338, 36.2667, 76.2882], [92.3247, 87.6204, 93.9077, 89.3338, 36.2667, 76.2882], [92.3247, 87.6204, 93.9077, 89.3338, 36.2667, 76.2882], [92.3247, 87.6204, 93.9077, 89.3338, 36.2667, 76.2882]], "total_test_time": 3571.8712747097015, "total_train_time": 1035.9307608604431}
{"round": 5, "acc": [[92.2695, 87.7054, 93.9756, 89.3017, 35.8933, 76.2882], [92.2695, 87.7054, 93.9756, 89.3017, 35.8933, 76.2882], [92.2695, 87.7054, 93.9756, 89.3017, 35.8933, 76.2882], [92.2695, 87.7054, 93.9756, 89.3017, 35.8933, 76.2882], [92.2695, 87.7054, 93.9756, 89.3017, 35.8933, 76.2882], [92.2695, 87.7054, 93.9756, 89.3017, 35.8933, 76.2882]], "total_test_time": 4466.059046030045, "total_train_time": 1291.8033697605133}
{"round": 7, "acc": [[92.3799, 87.847, 94.0163, 89.3978, 35.9067, 76.6221], [92.3799, 87.847, 94.0163, 89.3978, 35.9067, 76.6221], [92.3799, 87.847, 94.0163, 89.3978, 35.9067, 76.6221], [92.3799, 87.847, 94.0163, 89.3978, 35.9067, 76.6221], [92.3799, 87.847, 94.0163, 89.3978, 35.9067, 76.6221], [92.3799, 87.847, 94.0163, 89.3978, 35.9067, 76.6221]], "total_test_time": 5361.95149064064, "total_train_time": 1807.8073372840881}
{"round": 9, "acc": [[92.4903, 87.7904, 94.0977, 89.4619, 35.92, 76.8607], [92.4903, 87.7904, 94.0977, 89.4619, 35.92, 76.8607], [92.4903, 87.7904, 94.0977, 89.4619, 35.92, 76.8607], [92.4903, 87.7904, 94.0977, 89.4619, 35.92, 76.8607], [92.4903, 87.7904, 94.0977, 89.4619, 35.92, 76.8607], [92.4903, 87.7904, 94.0977, 89.4619, 35.92, 76.8607]], "total_test_time": 6243.997298955917, "total_train_time": 2321.011645555496}
{"round": 12, "acc": [[92.4903, 87.8187, 94.0163, 89.4939, 36.1467, 76.7653], [92.4903, 87.8187, 94.0163, 89.4939, 36.1467, 76.7653], [92.4903, 87.8187, 94.0163, 89.4939, 36.1467, 76.7653], [92.4903, 87.8187, 94.0163, 89.4939, 36.1467, 76.7653], [92.4903, 87.8187, 94.0163, 89.4939, 36.1467, 76.7653], [92.4903, 87.8187, 94.0163, 89.4939, 36.1467, 76.7653]], "total_test_time": 7127.836278915405, "total_train_time": 3090.313957929611}
{"round": 19, "acc": [[92.6008, 87.7904, 94.057, 89.59, 36.5867, 76.813], [92.6008, 87.7904, 94.057, 89.59, 36.5867, 76.813], [92.6008, 87.7904, 94.057, 89.59, 36.5867, 76.813], [92.6008, 87.7904, 94.057, 89.59, 36.5867, 76.813], [92.6008, 87.7904, 94.057, 89.59, 36.5867, 76.813], [92.6008, 87.7904, 94.057, 89.59, 36.5867, 76.813]], "total_test_time": 8013.488934278488, "total_train_time": 4904.55974817276}
{"round": 20, "acc": [[92.3799, 87.7337, 94.0706, 89.5259, 36.5467, 76.6698], [92.3799, 87.7337, 94.0706, 89.5259, 36.5467, 76.6698], [92.3799, 87.7337, 94.0706, 89.5259, 36.5467, 76.6698], [92.3799, 87.7337, 94.0706, 89.5259, 36.5467, 76.6698], [92.3799, 87.7337, 94.0706, 89.5259, 36.5467, 76.6698], [92.3799, 87.7337, 94.0706, 89.5259, 36.5467, 76.6698]], "total_test_time": 8911.825330495834, "total_train_time": 5164.470026731491}
{"round": 21, "acc": [[92.4351, 87.762, 94.0163, 89.5259, 36.52, 76.7653], [92.4351, 87.762, 94.0163, 89.5259, 36.52, 76.7653], [92.4351, 87.762, 94.0163, 89.5259, 36.52, 76.7653], [92.4351, 87.762, 94.0163, 89.5259, 36.52, 76.7653], [92.4351, 87.762, 94.0163, 89.5259, 36.52, 76.7653], [92.4351, 87.762, 94.0163, 89.5259, 36.52, 76.7653]], "total_test_time": 9811.301001548767, "total_train_time": 5424.449632406235}
{"round": 23, "acc": [[92.6008, 87.9887, 94.0841, 89.558, 36.8, 76.7653], [92.6008, 87.9887, 94.0841, 89.558, 36.8, 76.7653], [92.6008, 87.9887, 94.0841, 89.558, 36.8, 76.7653], [92.6008, 87.9887, 94.0841, 89.558, 36.8, 76.7653], [92.6008, 87.9887, 94.0841, 89.558, 36.8, 76.7653], [92.6008, 87.9887, 94.0841, 89.558, 36.8, 76.7653]], "total_test_time": 10700.073024749756, "total_train_time": 5943.262576341629}
{"round": 33, "acc": [[92.3799, 87.8187, 94.0163, 89.3978, 36.2, 76.9561], [92.3799, 87.8187, 94.0163, 89.3978, 36.2, 76.9561], [92.3799, 87.8187, 94.0163, 89.3978, 36.2, 76.9561], [92.3799, 87.8187, 94.0163, 89.3978, 36.2, 76.9561], [92.3799, 87.8187, 94.0163, 89.3978, 36.2, 76.9561], [92.3799, 87.8187, 94.0163, 89.3978, 36.2, 76.9561]], "total_test_time": 11598.28994846344, "total_train_time": 8520.901624202728}
{"round": 43, "acc": [[92.6008, 87.762, 94.057, 89.4619, 36.5733, 76.7653], [92.6008, 87.762, 94.057, 89.4619, 36.5733, 76.7653], [92.6008, 87.762, 94.057, 89.4619, 36.5733, 76.7653], [92.6008, 87.762, 94.057, 89.4619, 36.5733, 76.7653], [92.6008, 87.762, 94.057, 89.4619, 36.5733, 76.7653], [92.6008, 87.762, 94.057, 89.4619, 36.5733, 76.7653]], "total_test_time": 12495.72538638115, "total_train_time": 11096.176866531372}
