{"base_model": "CLIP", "dataset": "domainnet", "subset_size": 100, "image_encoder_name": "ViT-B-16", "optimizer": "AdamW", "batch_size": 32, "learning_rate": 0.001, "global_rounds": 200, "local_epochs": 1, "warm_up": 10, "seed": 1}
{"round": 0, "acc": [[88.9751, 85.3237, 92.7183, 85.0021, 27.3267, 72.5888], [88.9751, 85.3237, 92.7183, 85.0021, 27.3267, 72.5888], [88.9751, 85.3237, 92.7183, 85.0021, 27.3267, 72.5888], [88.9751, 85.3237, 92.7183, 85.0021, 27.3267, 72.5888], [88.9751, 85.3237, 92.7183, 85.0021, 27.3267, 72.5888], [88.9751, 85.3237, 92.7183, 85.0021, 27.3267, 72.5888]], "total_test_time": 0, "total_train_time": 0}
{"round": 1, "acc": [[89.1624, 85.6115, 92.9873, 85.4193, 28.0067, 73.2756], [89.1624, 85.6115, 92.9873, 85.4193, 28.0067, 73.2756], [89.1624, 85.6115, 92.9873, 85.4193, 28.0067, 73.2756], [89.1624, 85.6115, 92.9873, 85.4193, 28.0067, 73.2756], [89.1624, 85.6115, 92.9873, 85.4193, 28.0067, 73.2756], [89.1624, 85.6115, 92.9873, 85.4193, 28.0067, 73.2756]], "total_test_time": 1126.8754334449768, "total_train_time": 315.11063957214355}
{"round": 2, "acc": [[89.3765, 85.8513, 93.0814, 85.5236, 28.4267, 73.5145], [89.3765, 85.8513, 93.0814, 85.5236, 28.4267, 73.5145], [89.3765, 85.8513, 93.0814, 85.5236, 28.4267, 73.5145], [89.3765, 85.8513, 93.0814, 85.5236, 28.4267, 73.5145], [89.3765, 85.8513, 93.0814, 85.5236, 28.4267, 73.5145], [89.3765, 85.8513, 93.0814, 85.5236, 28.4267, 73.5145]], "total_test_time": 2254.323737859726, "total_train_time": 629.8365960121155}
{"round": 3, "acc": [[89.3765, 86.0432, 93.1688, 85.5236, 29.0, 73.8728], [89.3765, 86.0432, 93.1688, 85.5236, 29.0, 73.8728], [89.3765, 86.0432, 93.1688, 85.5236, 29.0, 73.8728], [89.3765, 86.0432, 93.1688, 85.5236, 29.0, 73.8728], [89.3765, 86.0432, 93.1688, 85.5236, 29.0, 73.8728], [89.3765, 86.0432, 93.1688, 85.5236, 29.0, 73.8728]], "total_test_time": 3384.7921607494354, "total_train_time": 944.9327244758606}
{"round": 4, "acc": [[89.5906, 86.0272, 93.2226, 85.607, 29.02, 73.9922], [89.5906, 86.0272, 93.2226, 85.607, 29.02, 73.9922], [89.5906, 86.0272, 93.2226, 85.607, 29.02, 73.9922], [89.5906, 86.0272, 93.2226, 85.607, 29.02, 73.9922], [89.5906, 86.0272, 93.2226, 85.607, 29.02, 73.9922], [89.5906, 86.0272, 93.2226, 85.607, 29.02, 73.9922]], "total_test_time": 4515.26211309433, "total_train_time": 1260.6371765136719}
{"round": 5, "acc": [[89.6173, 86.1551, 93.2966, 85.6696, 29.5267, 74.261], [89.6173, 86.1551, 93.2966, 85.6696, 29.5267, 74.261], [89.6173, 86.1551, 93.2966, 85.6696, 29.5267, 74.261], [89.6173, 86.1551, 93.2966, 85.6696, 29.5267, 74.261], [89.6173, 86.1551, 93.2966, 85.6696, 29.5267, 74.261], [89.6173, 86.1551, 93.2966, 85.6696, 29.5267, 74.261]], "total_test_time": 5646.199388504028, "total_train_time": 1576.1789300441742}
{"round": 6, "acc": [[89.6441, 86.219, 93.3436, 85.6696, 29.4533, 74.4401], [89.6441, 86.219, 93.3436, 85.6696, 29.4533, 74.4401], [89.6441, 86.219, 93.3436, 85.6696, 29.4533, 74.4401], [89.6441, 86.219, 93.3436, 85.6696, 29.4533, 74.4401], [89.6441, 86.219, 93.3436, 85.6696, 29.4533, 74.4401], [89.6441, 86.219, 93.3436, 85.6696, 29.4533, 74.4401]], "total_test_time": 6770.639087200165, "total_train_time": 1890.348034620285}
{"round": 7, "acc": [[89.6441, 86.203, 93.3436, 85.7113, 29.6867, 74.47], [89.6441, 86.203, 93.3436, 85.7113, 29.6867, 74.47], [89.6441, 86.203, 93.3436, 85.7113, 29.6867, 74.47], [89.6441, 86.203, 93.3436, 85.7113, 29.6867, 74.47], [89.6441, 86.203, 93.3436, 85.7113, 29.6867, 74.47], [89.6441, 86.203, 93.3436, 85.7113, 29.6867, 74.47]], "total_test_time": 7890.518906593323, "total_train_time": 2204.1128375530243}
{"round": 17, "acc": [[89.7511, 86.283, 93.3436, 85.8573, 29.86, 74.1117], [89.7511, 86.283, 93.3436, 85.8573, 29.86, 74.1117], [89.7511, 86.283, 93.3436, 85.8573, 29.86, 74.1117], [89.7511, 86.283, 93.3436, 85.8573, 29.86, 74.1117], [89.7511, 86.283, 93.3436, 85.8573, 29.86, 74.1117], [89.7511, 86.283, 93.3436, 85.8573, 29.86, 74.1117]], "total_test_time": 9009.240628242493, "total_train_time": 5340.600950241089}
{"round": 19, "acc": [[89.9385, 86.4109, 93.3773, 85.9616, 29.68, 74.1415], [89.9385, 86.4109, 93.3773, 85.9616, 29.68, 74.1415], [89.9385, 86.4109, 93.3773, 85.9616, 29.68, 74.1415], [89.9385, 86.4109, 93.3773, 85.9616, 29.68, 74.1415], [89.9385, 86.4109, 93.3773, 85.9616, 29.68, 74.1415], [89.9385, 86.4109, 93.3773, 85.9616, 29.68, 74.1415]], "total_test_time": 10127.274407625198, "total_train_time": 5968.120571136475}
{"round": 20, "acc": [[89.7779, 86.3309, 93.3773, 85.8573, 29.9067, 74.2013], [89.7779, 86.3309, 93.3773, 85.8573, 29.9067, 74.2013], [89.7779, 86.3309, 93.3773, 85.8573, 29.9067, 74.2013], [89.7779, 86.3309, 93.3773, 85.8573, 29.9067, 74.2013], [89.7779, 86.3309, 93.3773, 85.8573, 29.9067, 74.2013], [89.7779, 86.3309, 93.3773, 85.8573, 29.9067, 74.2013]], "total_test_time": 11246.25154209137, "total_train_time": 6281.886279344559}
{"round": 21, "acc": [[89.8849, 86.3309, 93.384, 85.899, 30.1067, 74.4401], [89.8849, 86.3309, 93.384, 85.899, 30.1067, 74.4401], [89.8849, 86.3309, 93.384, 85.899, 30.1067, 74.4401], [89.8849, 86.3309, 93.384, 85.899, 30.1067, 74.4401], [89.8849, 86.3309, 93.384, 85.899, 30.1067, 74.4401], [89.8849, 86.3309, 93.384, 85.899, 30.1067, 74.4401]], "total_test_time": 12366.729969263077, "total_train_time": 6595.97131228447}
{"round": 22, "acc": [[89.8582, 86.3629, 93.4176, 85.8573, 30.2733, 74.47], [89.8582, 86.3629, 93.4176, 85.8573, 30.2733, 74.47], [89.8582, 86.3629, 93.4176, 85.8573, 30.2733, 74.47], [89.8582, 86.3629, 93.4176, 85.8573, 30.2733, 74.47], [89.8582, 86.3629, 93.4176, 85.8573, 30.2733, 74.47], [89.8582, 86.3629, 93.4176, 85.8573, 30.2733, 74.47]], "total_test_time": 13488.227175712585, "total_train_time": 6909.919154405594}
{"round": 23, "acc": [[89.8849, 86.267, 93.3504, 86.0451, 30.2667, 74.2908], [89.8849, 86.267, 93.3504, 86.0451, 30.2667, 74.2908], [89.8849, 86.267, 93.3504, 86.0451, 30.2667, 74.2908], [89.8849, 86.267, 93.3504, 86.0451, 30.2667, 74.2908], [89.8849, 86.267, 93.3504, 86.0451, 30.2667, 74.2908], [89.8849, 86.267, 93.3504, 86.0451, 30.2667, 74.2908]], "total_test_time": 14606.874069929123, "total_train_time": 7224.100286483765}
{"round": 33, "acc": [[89.7244, 86.3469, 93.3571, 85.8156, 29.78, 74.3207], [89.7244, 86.3469, 93.3571, 85.8156, 29.78, 74.3207], [89.7244, 86.3469, 93.3571, 85.8156, 29.78, 74.3207], [89.7244, 86.3469, 93.3571, 85.8156, 29.78, 74.3207], [89.7244, 86.3469, 93.3571, 85.8156, 29.78, 74.3207], [89.7244, 86.3469, 93.3571, 85.8156, 29.78, 74.3207]], "total_test_time": 15728.954684019089, "total_train_time": 10371.09850859642}
