{"base_model": "CLIP", "dataset": "data", "subset_size": 50, "image_encoder_name": "ViT-B-32", "optimizer": "AdamW", "batch_size": 32, "learning_rate": 0.001, "global_rounds": 200, "local_epochs": 1, "warm_up": 10, "seed": 1}
{"round": 0, "acc": [[90.6129, 83.2011, 93.2022, 87.8283, 33.8267, 69.6565], [90.6129, 83.2011, 93.2022, 87.8283, 33.8267, 69.6565], [90.6129, 83.2011, 93.2022, 87.8283, 33.8267, 69.6565], [90.6129, 83.2011, 93.2022, 87.8283, 33.8267, 69.6565], [90.6129, 83.2011, 93.2022, 87.8283, 33.8267, 69.6565], [90.6129, 83.2011, 93.2022, 87.8283, 33.8267, 69.6565]], "total_test_time": 0, "total_train_time": 0}
{"round": 1, "acc": [[90.7786, 83.1445, 93.3107, 87.9244, 35.0667, 70.3721], [90.7786, 83.1445, 93.3107, 87.9244, 35.0667, 70.3721], [90.7786, 83.1445, 93.3107, 87.9244, 35.0667, 70.3721], [90.7786, 83.1445, 93.3107, 87.9244, 35.0667, 70.3721], [90.7786, 83.1445, 93.3107, 87.9244, 35.0667, 70.3721], [90.7786, 83.1445, 93.3107, 87.9244, 35.0667, 70.3721]], "total_test_time": 293.05671215057373, "total_train_time": 71.97281575202942}
{"round": 2, "acc": [[91.0547, 83.1445, 93.3921, 87.9885, 36.12, 70.8492], [91.0547, 83.1445, 93.3921, 87.9885, 36.12, 70.8492], [91.0547, 83.1445, 93.3921, 87.9885, 36.12, 70.8492], [91.0547, 83.1445, 93.3921, 87.9885, 36.12, 70.8492], [91.0547, 83.1445, 93.3921, 87.9885, 36.12, 70.8492], [91.0547, 83.1445, 93.3921, 87.9885, 36.12, 70.8492]], "total_test_time": 587.7942306995392, "total_train_time": 141.5676727294922}
{"round": 3, "acc": [[91.1651, 83.3994, 93.4735, 88.1486, 36.6667, 71.0878], [91.1651, 83.3994, 93.4735, 88.1486, 36.6667, 71.0878], [91.1651, 83.3994, 93.4735, 88.1486, 36.6667, 71.0878], [91.1651, 83.3994, 93.4735, 88.1486, 36.6667, 71.0878], [91.1651, 83.3994, 93.4735, 88.1486, 36.6667, 71.0878], [91.1651, 83.3994, 93.4735, 88.1486, 36.6667, 71.0878]], "total_test_time": 880.8794190883636, "total_train_time": 210.78985261917114}
{"round": 4, "acc": [[91.386, 83.5694, 93.5414, 88.2767, 36.7733, 71.3263], [91.386, 83.5694, 93.5414, 88.2767, 36.7733, 71.3263], [91.386, 83.5694, 93.5414, 88.2767, 36.7733, 71.3263], [91.386, 83.5694, 93.5414, 88.2767, 36.7733, 71.3263], [91.386, 83.5694, 93.5414, 88.2767, 36.7733, 71.3263], [91.386, 83.5694, 93.5414, 88.2767, 36.7733, 71.3263]], "total_test_time": 1168.7360155582428, "total_train_time": 278.7047607898712}
{"round": 5, "acc": [[91.386, 83.5411, 93.5685, 88.4369, 37.0933, 71.4218], [91.386, 83.5411, 93.5685, 88.4369, 37.0933, 71.4218], [91.386, 83.5411, 93.5685, 88.4369, 37.0933, 71.4218], [91.386, 83.5411, 93.5685, 88.4369, 37.0933, 71.4218], [91.386, 83.5411, 93.5685, 88.4369, 37.0933, 71.4218], [91.386, 83.5411, 93.5685, 88.4369, 37.0933, 71.4218]], "total_test_time": 1459.7742502689362, "total_train_time": 346.9011104106903}
{"round": 6, "acc": [[91.4412, 83.6544, 93.5685, 88.2447, 37.5467, 71.5649], [91.4412, 83.6544, 93.5685, 88.2447, 37.5467, 71.5649], [91.4412, 83.6544, 93.5685, 88.2447, 37.5467, 71.5649], [91.4412, 83.6544, 93.5685, 88.2447, 37.5467, 71.5649], [91.4412, 83.6544, 93.5685, 88.2447, 37.5467, 71.5649], [91.4412, 83.6544, 93.5685, 88.2447, 37.5467, 71.5649]], "total_test_time": 1748.9896125793457, "total_train_time": 414.6157763004303}
{"round": 7, "acc": [[91.8277, 83.7677, 93.5142, 88.4369, 37.8, 71.708], [91.8277, 83.7677, 93.5142, 88.4369, 37.8, 71.708], [91.8277, 83.7677, 93.5142, 88.4369, 37.8, 71.708], [91.8277, 83.7677, 93.5142, 88.4369, 37.8, 71.708], [91.8277, 83.7677, 93.5142, 88.4369, 37.8, 71.708], [91.8277, 83.7677, 93.5142, 88.4369, 37.8, 71.708]], "total_test_time": 2037.3239018917084, "total_train_time": 484.04246759414673}
{"round": 8, "acc": [[91.7725, 83.9093, 93.555, 88.4689, 37.8667, 71.8034], [91.7725, 83.9093, 93.555, 88.4689, 37.8667, 71.8034], [91.7725, 83.9093, 93.555, 88.4689, 37.8667, 71.8034], [91.7725, 83.9093, 93.555, 88.4689, 37.8667, 71.8034], [91.7725, 83.9093, 93.555, 88.4689, 37.8667, 71.8034], [91.7725, 83.9093, 93.555, 88.4689, 37.8667, 71.8034]], "total_test_time": 2331.549401283264, "total_train_time": 553.7790114879608}
{"round": 9, "acc": [[91.8277, 84.051, 93.6092, 88.533, 38.3333, 71.8989], [91.8277, 84.051, 93.6092, 88.533, 38.3333, 71.8989], [91.8277, 84.051, 93.6092, 88.533, 38.3333, 71.8989], [91.8277, 84.051, 93.6092, 88.533, 38.3333, 71.8989], [91.8277, 84.051, 93.6092, 88.533, 38.3333, 71.8989], [91.8277, 84.051, 93.6092, 88.533, 38.3333, 71.8989]], "total_test_time": 2625.234056711197, "total_train_time": 622.4371025562286}
{"round": 16, "acc": [[91.7725, 83.9943, 93.555, 88.4689, 38.12, 72.1374], [91.7725, 83.9943, 93.555, 88.4689, 38.12, 72.1374], [91.7725, 83.9943, 93.555, 88.4689, 38.12, 72.1374], [91.7725, 83.9943, 93.555, 88.4689, 38.12, 72.1374], [91.7725, 83.9943, 93.555, 88.4689, 38.12, 72.1374], [91.7725, 83.9943, 93.555, 88.4689, 38.12, 72.1374]], "total_test_time": 2919.399722099304, "total_train_time": 1109.8266234397888}
{"round": 26, "acc": [[91.8829, 83.9093, 93.6364, 88.6291, 37.6133, 72.376], [91.8829, 83.9093, 93.6364, 88.6291, 37.6133, 72.376], [91.8829, 83.9093, 93.6364, 88.6291, 37.6133, 72.376], [91.8829, 83.9093, 93.6364, 88.6291, 37.6133, 72.376], [91.8829, 83.9093, 93.6364, 88.6291, 37.6133, 72.376], [91.8829, 83.9093, 93.6364, 88.6291, 37.6133, 72.376]], "total_test_time": 3211.189271211624, "total_train_time": 1805.819760799408}
