{"base_model": "CLIP", "dataset": "domainnet", "subset_size": 150, "image_encoder_name": "ViT-B-32", "optimizer": "AdamW", "batch_size": 32, "learning_rate": 0.001, "global_rounds": 200, "local_epochs": 1, "warm_up": 10, "seed": 1}
{"round": 0, "acc": [[85.4612, 78.2853, 90.3884, 79.5528, 24.6844, 62.0213], [85.4612, 78.2853, 90.3884, 79.5528, 24.6844, 62.0213], [85.4612, 78.2853, 90.3884, 79.5528, 24.6844, 62.0213], [85.4612, 78.2853, 90.3884, 79.5528, 24.6844, 62.0213], [85.4612, 78.2853, 90.3884, 79.5528, 24.6844, 62.0213], [85.4612, 78.2853, 90.3884, 79.5528, 24.6844, 62.0213]], "total_test_time": 0, "total_train_time": 0}
{"round": 1, "acc": [[85.7325, 79.1755, 90.6819, 79.9818, 25.3111, 63.1982], [85.7325, 79.1755, 90.6819, 79.9818, 25.3111, 63.1982], [85.7325, 79.1755, 90.6819, 79.9818, 25.3111, 63.1982], [85.7325, 79.1755, 90.6819, 79.9818, 25.3111, 63.1982], [85.7325, 79.1755, 90.6819, 79.9818, 25.3111, 63.1982], [85.7325, 79.1755, 90.6819, 79.9818, 25.3111, 63.1982]], "total_test_time": 1231.0009977817535, "total_train_time": 225.03667569160461}
{"round": 2, "acc": [[85.9081, 79.4086, 90.8028, 80.3198, 25.9689, 63.6466], [85.9081, 79.4086, 90.8028, 80.3198, 25.9689, 63.6466], [85.9081, 79.4086, 90.8028, 80.3198, 25.9689, 63.6466], [85.9081, 79.4086, 90.8028, 80.3198, 25.9689, 63.6466], [85.9081, 79.4086, 90.8028, 80.3198, 25.9689, 63.6466], [85.9081, 79.4086, 90.8028, 80.3198, 25.9689, 63.6466]], "total_test_time": 2471.09237909317, "total_train_time": 453.4506402015686}
{"round": 3, "acc": [[86.0836, 79.7054, 90.915, 80.3588, 26.4089, 63.7773], [86.0836, 79.7054, 90.915, 80.3588, 26.4089, 63.7773], [86.0836, 79.7054, 90.915, 80.3588, 26.4089, 63.7773], [86.0836, 79.7054, 90.915, 80.3588, 26.4089, 63.7773], [86.0836, 79.7054, 90.915, 80.3588, 26.4089, 63.7773], [86.0836, 79.7054, 90.915, 80.3588, 26.4089, 63.7773]], "total_test_time": 3722.101993083954, "total_train_time": 678.0807478427887}
{"round": 4, "acc": [[86.2592, 79.7902, 90.9495, 80.5408, 26.7556, 63.9641], [86.2592, 79.7902, 90.9495, 80.5408, 26.7556, 63.9641], [86.2592, 79.7902, 90.9495, 80.5408, 26.7556, 63.9641], [86.2592, 79.7902, 90.9495, 80.5408, 26.7556, 63.9641], [86.2592, 79.7902, 90.9495, 80.5408, 26.7556, 63.9641], [86.2592, 79.7902, 90.9495, 80.5408, 26.7556, 63.9641]], "total_test_time": 4973.893387079239, "total_train_time": 902.3343245983124}
{"round": 5, "acc": [[86.2273, 79.9491, 91.0229, 80.5018, 26.8533, 64.1883], [86.2273, 79.9491, 91.0229, 80.5018, 26.8533, 64.1883], [86.2273, 79.9491, 91.0229, 80.5018, 26.8533, 64.1883], [86.2273, 79.9491, 91.0229, 80.5018, 26.8533, 64.1883], [86.2273, 79.9491, 91.0229, 80.5018, 26.8533, 64.1883], [86.2273, 79.9491, 91.0229, 80.5018, 26.8533, 64.1883]], "total_test_time": 6235.2639372348785, "total_train_time": 1127.6542477607727}
{"round": 6, "acc": [[86.3868, 79.9915, 91.0574, 80.6447, 27.0178, 64.3004], [86.3868, 79.9915, 91.0574, 80.6447, 27.0178, 64.3004], [86.3868, 79.9915, 91.0574, 80.6447, 27.0178, 64.3004], [86.3868, 79.9915, 91.0574, 80.6447, 27.0178, 64.3004], [86.3868, 79.9915, 91.0574, 80.6447, 27.0178, 64.3004], [86.3868, 79.9915, 91.0574, 80.6447, 27.0178, 64.3004]], "total_test_time": 7494.633977174759, "total_train_time": 1352.6453611850739}
{"round": 7, "acc": [[86.4507, 79.9915, 91.0617, 80.6317, 27.1022, 64.207], [86.4507, 79.9915, 91.0617, 80.6317, 27.1022, 64.207], [86.4507, 79.9915, 91.0617, 80.6317, 27.1022, 64.207], [86.4507, 79.9915, 91.0617, 80.6317, 27.1022, 64.207], [86.4507, 79.9915, 91.0617, 80.6317, 27.1022, 64.207], [86.4507, 79.9915, 91.0617, 80.6317, 27.1022, 64.207]], "total_test_time": 8772.25469326973, "total_train_time": 1577.266337633133}
{"round": 15, "acc": [[86.5145, 80.1929, 91.0358, 80.7227, 27.1956, 64.4872], [86.5145, 80.1929, 91.0358, 80.7227, 27.1956, 64.4872], [86.5145, 80.1929, 91.0358, 80.7227, 27.1956, 64.4872], [86.5145, 80.1929, 91.0358, 80.7227, 27.1956, 64.4872], [86.5145, 80.1929, 91.0358, 80.7227, 27.1956, 64.4872], [86.5145, 80.1929, 91.0358, 80.7227, 27.1956, 64.4872]], "total_test_time": 10063.344804525375, "total_train_time": 3372.806975841522}
{"round": 16, "acc": [[86.4507, 80.0127, 91.0445, 80.6187, 27.5467, 64.6553], [86.4507, 80.0127, 91.0445, 80.6187, 27.5467, 64.6553], [86.4507, 80.0127, 91.0445, 80.6187, 27.5467, 64.6553], [86.4507, 80.0127, 91.0445, 80.6187, 27.5467, 64.6553], [86.4507, 80.0127, 91.0445, 80.6187, 27.5467, 64.6553], [86.4507, 80.0127, 91.0445, 80.6187, 27.5467, 64.6553]], "total_test_time": 11357.968616485596, "total_train_time": 3598.0137963294983}
{"round": 17, "acc": [[86.3868, 80.1081, 91.1049, 80.6187, 27.5022, 64.5059], [86.3868, 80.1081, 91.1049, 80.6187, 27.5022, 64.5059], [86.3868, 80.1081, 91.1049, 80.6187, 27.5022, 64.5059], [86.3868, 80.1081, 91.1049, 80.6187, 27.5022, 64.5059], [86.3868, 80.1081, 91.1049, 80.6187, 27.5022, 64.5059], [86.3868, 80.1081, 91.1049, 80.6187, 27.5022, 64.5059]], "total_test_time": 12653.22321343422, "total_train_time": 3824.614285469055}
{"round": 27, "acc": [[86.4666, 80.2247, 91.148, 80.7097, 27.2178, 64.4312], [86.4666, 80.2247, 91.148, 80.7097, 27.2178, 64.4312], [86.4666, 80.2247, 91.148, 80.7097, 27.2178, 64.4312], [86.4666, 80.2247, 91.148, 80.7097, 27.2178, 64.4312], [86.4666, 80.2247, 91.148, 80.7097, 27.2178, 64.4312], [86.4666, 80.2247, 91.148, 80.7097, 27.2178, 64.4312]], "total_test_time": 13958.44473195076, "total_train_time": 6086.082998514175}
