{"base_model": "CLIP", "dataset": "domainnet", "subset_size": 100, "image_encoder_name": "ViT-B-32", "optimizer": "AdamW", "batch_size": 32, "learning_rate": 0.001, "global_rounds": 200, "local_epochs": 1, "warm_up": 10, "seed": 1}
{"round": 0, "acc": [[88.0921, 82.462, 92.2208, 83.5419, 28.2667, 67.6023], [88.0921, 82.462, 92.2208, 83.5419, 28.2667, 67.6023], [88.0921, 82.462, 92.2208, 83.5419, 28.2667, 67.6023], [88.0921, 82.462, 92.2208, 83.5419, 28.2667, 67.6023], [88.0921, 82.462, 92.2208, 83.5419, 28.2667, 67.6023], [88.0921, 82.462, 92.2208, 83.5419, 28.2667, 67.6023]], "total_test_time": 0, "total_train_time": 0}
{"round": 1, "acc": [[88.547, 82.7178, 92.4763, 84.0217, 28.8333, 68.3189], [88.547, 82.7178, 92.4763, 84.0217, 28.8333, 68.3189], [88.547, 82.7178, 92.4763, 84.0217, 28.8333, 68.3189], [88.547, 82.7178, 92.4763, 84.0217, 28.8333, 68.3189], [88.547, 82.7178, 92.4763, 84.0217, 28.8333, 68.3189], [88.547, 82.7178, 92.4763, 84.0217, 28.8333, 68.3189]], "total_test_time": 677.9587452411652, "total_train_time": 138.90884709358215}
{"round": 2, "acc": [[88.6272, 82.8777, 92.5973, 84.272, 29.42, 68.6474], [88.6272, 82.8777, 92.5973, 84.272, 29.42, 68.6474], [88.6272, 82.8777, 92.5973, 84.272, 29.42, 68.6474], [88.6272, 82.8777, 92.5973, 84.272, 29.42, 68.6474], [88.6272, 82.8777, 92.5973, 84.272, 29.42, 68.6474], [88.6272, 82.8777, 92.5973, 84.272, 29.42, 68.6474]], "total_test_time": 1355.4885423183441, "total_train_time": 279.0405650138855}
{"round": 3, "acc": [[88.8413, 83.1015, 92.5973, 84.3972, 30.0, 68.7369], [88.8413, 83.1015, 92.5973, 84.3972, 30.0, 68.7369], [88.8413, 83.1015, 92.5973, 84.3972, 30.0, 68.7369], [88.8413, 83.1015, 92.5973, 84.3972, 30.0, 68.7369], [88.8413, 83.1015, 92.5973, 84.3972, 30.0, 68.7369], [88.8413, 83.1015, 92.5973, 84.3972, 30.0, 68.7369]], "total_test_time": 2034.0174612998962, "total_train_time": 417.74505949020386}
{"round": 4, "acc": [[88.9216, 83.2454, 92.6646, 84.3763, 30.1467, 68.8862], [88.9216, 83.2454, 92.6646, 84.3763, 30.1467, 68.8862], [88.9216, 83.2454, 92.6646, 84.3763, 30.1467, 68.8862], [88.9216, 83.2454, 92.6646, 84.3763, 30.1467, 68.8862], [88.9216, 83.2454, 92.6646, 84.3763, 30.1467, 68.8862], [88.9216, 83.2454, 92.6646, 84.3763, 30.1467, 68.8862]], "total_test_time": 2711.500069618225, "total_train_time": 556.6666874885559}
{"round": 5, "acc": [[89.0019, 83.4852, 92.678, 84.4806, 30.24, 68.7967], [89.0019, 83.4852, 92.678, 84.4806, 30.24, 68.7967], [89.0019, 83.4852, 92.678, 84.4806, 30.24, 68.7967], [89.0019, 83.4852, 92.678, 84.4806, 30.24, 68.7967], [89.0019, 83.4852, 92.678, 84.4806, 30.24, 68.7967], [89.0019, 83.4852, 92.678, 84.4806, 30.24, 68.7967]], "total_test_time": 3388.4089901447296, "total_train_time": 695.8740923404694}
{"round": 6, "acc": [[88.9751, 83.4053, 92.6713, 84.6058, 30.4067, 69.0057], [88.9751, 83.4053, 92.6713, 84.6058, 30.4067, 69.0057], [88.9751, 83.4053, 92.6713, 84.6058, 30.4067, 69.0057], [88.9751, 83.4053, 92.6713, 84.6058, 30.4067, 69.0057], [88.9751, 83.4053, 92.6713, 84.6058, 30.4067, 69.0057], [88.9751, 83.4053, 92.6713, 84.6058, 30.4067, 69.0057]], "total_test_time": 4066.2917132377625, "total_train_time": 834.916393995285}
{"round": 7, "acc": [[89.0822, 83.5492, 92.6646, 84.6683, 30.6667, 69.1848], [89.0822, 83.5492, 92.6646, 84.6683, 30.6667, 69.1848], [89.0822, 83.5492, 92.6646, 84.6683, 30.6667, 69.1848], [89.0822, 83.5492, 92.6646, 84.6683, 30.6667, 69.1848], [89.0822, 83.5492, 92.6646, 84.6683, 30.6667, 69.1848], [89.0822, 83.5492, 92.6646, 84.6683, 30.6667, 69.1848]], "total_test_time": 4744.440056800842, "total_train_time": 973.3092978000641}
{"round": 15, "acc": [[89.0019, 83.4852, 92.752, 84.5849, 30.7267, 69.5431], [89.0019, 83.4852, 92.752, 84.5849, 30.7267, 69.5431], [89.0019, 83.4852, 92.752, 84.5849, 30.7267, 69.5431], [89.0019, 83.4852, 92.752, 84.5849, 30.7267, 69.5431], [89.0019, 83.4852, 92.752, 84.5849, 30.7267, 69.5431], [89.0019, 83.4852, 92.752, 84.5849, 30.7267, 69.5431]], "total_test_time": 5420.361055612564, "total_train_time": 2083.474243402481}
{"round": 16, "acc": [[89.0286, 83.6451, 92.7452, 84.6266, 30.9133, 69.364], [89.0286, 83.6451, 92.7452, 84.6266, 30.9133, 69.364], [89.0286, 83.6451, 92.7452, 84.6266, 30.9133, 69.364], [89.0286, 83.6451, 92.7452, 84.6266, 30.9133, 69.364], [89.0286, 83.6451, 92.7452, 84.6266, 30.9133, 69.364], [89.0286, 83.6451, 92.7452, 84.6266, 30.9133, 69.364]], "total_test_time": 6097.144978046417, "total_train_time": 2222.0527398586273}
{"round": 26, "acc": [[89.0554, 83.725, 92.7654, 84.6683, 30.8067, 69.3938], [89.0554, 83.725, 92.7654, 84.6683, 30.8067, 69.3938], [89.0554, 83.725, 92.7654, 84.6683, 30.8067, 69.3938], [89.0554, 83.725, 92.7654, 84.6683, 30.8067, 69.3938], [89.0554, 83.725, 92.7654, 84.6683, 30.8067, 69.3938], [89.0554, 83.725, 92.7654, 84.6683, 30.8067, 69.3938]], "total_test_time": 6774.629891395569, "total_train_time": 3610.1356127262115}
{"round": 35, "acc": [[89.1089, 83.741, 92.7183, 84.7101, 31.0, 69.4536], [89.1089, 83.741, 92.7183, 84.7101, 31.0, 69.4536], [89.1089, 83.741, 92.7183, 84.7101, 31.0, 69.4536], [89.1089, 83.741, 92.7183, 84.7101, 31.0, 69.4536], [89.1089, 83.741, 92.7183, 84.7101, 31.0, 69.4536], [89.1089, 83.741, 92.7183, 84.7101, 31.0, 69.4536]], "total_test_time": 7452.56715631485, "total_train_time": 4860.925663948059}
{"round": 41, "acc": [[89.1089, 83.773, 92.7318, 84.6475, 31.0133, 69.4834], [89.1089, 83.773, 92.7318, 84.6475, 31.0133, 69.4834], [89.1089, 83.773, 92.7318, 84.6475, 31.0133, 69.4834], [89.1089, 83.773, 92.7318, 84.6475, 31.0133, 69.4834], [89.1089, 83.773, 92.7318, 84.6475, 31.0133, 69.4834], [89.1089, 83.773, 92.7318, 84.6475, 31.0133, 69.4834]], "total_test_time": 8130.179129123688, "total_train_time": 5694.452300786972}
{"round": 49, "acc": [[89.0554, 83.693, 92.752, 84.7726, 31.28, 69.4834], [89.0554, 83.693, 92.752, 84.7726, 31.28, 69.4834], [89.0554, 83.693, 92.752, 84.7726, 31.28, 69.4834], [89.0554, 83.693, 92.752, 84.7726, 31.28, 69.4834], [89.0554, 83.693, 92.752, 84.7726, 31.28, 69.4834], [89.0554, 83.693, 92.752, 84.7726, 31.28, 69.4834]], "total_test_time": 8810.81164598465, "total_train_time": 6812.390938043594}
{"round": 59, "acc": [[89.1357, 83.709, 92.7116, 84.6266, 30.8667, 69.4834], [89.1357, 83.709, 92.7116, 84.6266, 30.8667, 69.4834], [89.1357, 83.709, 92.7116, 84.6266, 30.8667, 69.4834], [89.1357, 83.709, 92.7116, 84.6266, 30.8667, 69.4834], [89.1357, 83.709, 92.7116, 84.6266, 30.8667, 69.4834], [89.1357, 83.709, 92.7116, 84.6266, 30.8667, 69.4834]], "total_test_time": 9489.311078310013, "total_train_time": 8206.358067512512}
