{"base_model": "CLIP", "dataset": "domainnet", "subset_size": 50, "image_encoder_name": "ViT-B-32", "optimizer": "AdamW", "batch_size": 32, "learning_rate": 0.001, "global_rounds": 200, "local_epochs": 1, "warm_up": 10, "seed": 1}
{"round": 0, "acc": [[90.6129, 83.2011, 93.2022, 87.8283, 33.8267, 69.6565], [90.6129, 83.2011, 93.2022, 87.8283, 33.8267, 69.6565], [90.6129, 83.2011, 93.2022, 87.8283, 33.8267, 69.6565], [90.6129, 83.2011, 93.2022, 87.8283, 33.8267, 69.6565], [90.6129, 83.2011, 93.2022, 87.8283, 33.8267, 69.6565], [90.6129, 83.2011, 93.2022, 87.8283, 33.8267, 69.6565]], "total_test_time": 0, "total_train_time": 0}
{"round": 1, "acc": [[90.7786, 83.1728, 93.3107, 87.9564, 35.0533, 70.4198], [90.7786, 83.1728, 93.3107, 87.9564, 35.0533, 70.4198], [90.7786, 83.1728, 93.3107, 87.9564, 35.0533, 70.4198], [90.7786, 83.1728, 93.3107, 87.9564, 35.0533, 70.4198], [90.7786, 83.1728, 93.3107, 87.9564, 35.0533, 70.4198], [90.7786, 83.1728, 93.3107, 87.9564, 35.0533, 70.4198]], "total_test_time": 200.50126433372498, "total_train_time": 46.625396490097046}
{"round": 2, "acc": [[90.889, 83.1445, 93.4193, 88.0205, 36.0667, 70.8492], [90.889, 83.1445, 93.4193, 88.0205, 36.0667, 70.8492], [90.889, 83.1445, 93.4193, 88.0205, 36.0667, 70.8492], [90.889, 83.1445, 93.4193, 88.0205, 36.0667, 70.8492], [90.889, 83.1445, 93.4193, 88.0205, 36.0667, 70.8492], [90.889, 83.1445, 93.4193, 88.0205, 36.0667, 70.8492]], "total_test_time": 381.11368894577026, "total_train_time": 92.94189882278442}
{"round": 3, "acc": [[91.2755, 83.2295, 93.4735, 88.2447, 36.6933, 71.0401], [91.2755, 83.2295, 93.4735, 88.2447, 36.6933, 71.0401], [91.2755, 83.2295, 93.4735, 88.2447, 36.6933, 71.0401], [91.2755, 83.2295, 93.4735, 88.2447, 36.6933, 71.0401], [91.2755, 83.2295, 93.4735, 88.2447, 36.6933, 71.0401], [91.2755, 83.2295, 93.4735, 88.2447, 36.6933, 71.0401]], "total_test_time": 562.2530901432037, "total_train_time": 139.40694451332092}
{"round": 4, "acc": [[91.2203, 83.4561, 93.4871, 88.3088, 37.16, 71.2786], [91.2203, 83.4561, 93.4871, 88.3088, 37.16, 71.2786], [91.2203, 83.4561, 93.4871, 88.3088, 37.16, 71.2786], [91.2203, 83.4561, 93.4871, 88.3088, 37.16, 71.2786], [91.2203, 83.4561, 93.4871, 88.3088, 37.16, 71.2786], [91.2203, 83.4561, 93.4871, 88.3088, 37.16, 71.2786]], "total_test_time": 742.1799428462982, "total_train_time": 185.75390219688416}
{"round": 6, "acc": [[91.7173, 83.6544, 93.5007, 88.565, 37.7467, 71.4695], [91.7173, 83.6544, 93.5007, 88.565, 37.7467, 71.4695], [91.7173, 83.6544, 93.5007, 88.565, 37.7467, 71.4695], [91.7173, 83.6544, 93.5007, 88.565, 37.7467, 71.4695], [91.7173, 83.6544, 93.5007, 88.565, 37.7467, 71.4695], [91.7173, 83.6544, 93.5007, 88.565, 37.7467, 71.4695]], "total_test_time": 922.4190392494202, "total_train_time": 278.4661810398102}
{"round": 12, "acc": [[91.6621, 84.051, 93.5414, 88.5971, 37.8267, 72.1851], [91.6621, 84.051, 93.5414, 88.5971, 37.8267, 72.1851], [91.6621, 84.051, 93.5414, 88.5971, 37.8267, 72.1851], [91.6621, 84.051, 93.5414, 88.5971, 37.8267, 72.1851], [91.6621, 84.051, 93.5414, 88.5971, 37.8267, 72.1851], [91.6621, 84.051, 93.5414, 88.5971, 37.8267, 72.1851]], "total_test_time": 1102.0966022014618, "total_train_time": 559.1031067371368}
{"round": 21, "acc": [[91.7725, 83.8527, 93.6364, 88.533, 37.88, 72.0897], [91.7725, 83.8527, 93.6364, 88.533, 37.88, 72.0897], [91.7725, 83.8527, 93.6364, 88.533, 37.88, 72.0897], [91.7725, 83.8527, 93.6364, 88.533, 37.88, 72.0897], [91.7725, 83.8527, 93.6364, 88.533, 37.88, 72.0897], [91.7725, 83.8527, 93.6364, 88.533, 37.88, 72.0897]], "total_test_time": 1281.372967004776, "total_train_time": 977.6461803913116}
{"round": 25, "acc": [[91.9382, 83.9377, 93.5957, 88.7572, 38.2933, 72.1374], [91.9382, 83.9377, 93.5957, 88.7572, 38.2933, 72.1374], [91.9382, 83.9377, 93.5957, 88.7572, 38.2933, 72.1374], [91.9382, 83.9377, 93.5957, 88.7572, 38.2933, 72.1374], [91.9382, 83.9377, 93.5957, 88.7572, 38.2933, 72.1374], [91.9382, 83.9377, 93.5957, 88.7572, 38.2933, 72.1374]], "total_test_time": 1461.3645918369293, "total_train_time": 1163.397233247757}
{"round": 35, "acc": [[91.9382, 83.881, 93.5685, 88.5971, 38.0267, 72.1374], [91.9382, 83.881, 93.5685, 88.5971, 38.0267, 72.1374], [91.9382, 83.881, 93.5685, 88.5971, 38.0267, 72.1374], [91.9382, 83.881, 93.5685, 88.5971, 38.0267, 72.1374], [91.9382, 83.881, 93.5685, 88.5971, 38.0267, 72.1374], [91.9382, 83.881, 93.5685, 88.5971, 38.0267, 72.1374]], "total_test_time": 1641.4592959880829, "total_train_time": 1628.8785328865051}
