{"base_model": "CLIP", "dataset": "data", "subset_size": 10, "image_encoder_name": "ViT-B-32", "optimizer": "AdamW", "batch_size": 32, "learning_rate": 0.001, "global_rounds": 200, "local_epochs": 1, "warm_up": 10, "seed": 1}
{"round": 0, "acc": [[98.7013, 91.7919, 99.384, 96.6038, 56.6667, 83.3333], [98.7013, 91.7919, 99.384, 96.6038, 56.6667, 83.3333], [98.7013, 91.7919, 99.384, 96.6038, 56.6667, 83.3333], [98.7013, 91.7919, 99.384, 96.6038, 56.6667, 83.3333], [98.7013, 91.7919, 99.384, 96.6038, 56.6667, 83.3333], [98.7013, 91.7919, 99.384, 96.6038, 56.6667, 83.3333]], "total_test_time": 0, "total_train_time": 0}
{"round": 1, "acc": [[98.3766, 92.1387, 99.4867, 96.6038, 57.0667, 83.3333], [98.3766, 92.1387, 99.4867, 96.6038, 57.0667, 83.3333], [98.3766, 92.1387, 99.4867, 96.6038, 57.0667, 83.3333], [98.3766, 92.1387, 99.4867, 96.6038, 57.0667, 83.3333], [98.3766, 92.1387, 99.4867, 96.6038, 57.0667, 83.3333], [98.3766, 92.1387, 99.4867, 96.6038, 57.0667, 83.3333]], "total_test_time": 59.23111319541931, "total_train_time": 14.612178802490234}
{"round": 2, "acc": [[98.7013, 92.0231, 99.692, 96.6038, 57.8, 83.908], [98.7013, 92.0231, 99.692, 96.6038, 57.8, 83.908], [98.7013, 92.0231, 99.692, 96.6038, 57.8, 83.908], [98.7013, 92.0231, 99.692, 96.6038, 57.8, 83.908], [98.7013, 92.0231, 99.692, 96.6038, 57.8, 83.908], [98.7013, 92.0231, 99.692, 96.6038, 57.8, 83.908]], "total_test_time": 122.76882815361023, "total_train_time": 29.505606651306152}
{"round": 3, "acc": [[98.3766, 92.1387, 99.692, 96.7925, 59.1333, 84.4828], [98.3766, 92.1387, 99.692, 96.7925, 59.1333, 84.4828], [98.3766, 92.1387, 99.692, 96.7925, 59.1333, 84.4828], [98.3766, 92.1387, 99.692, 96.7925, 59.1333, 84.4828], [98.3766, 92.1387, 99.692, 96.7925, 59.1333, 84.4828], [98.3766, 92.1387, 99.692, 96.7925, 59.1333, 84.4828]], "total_test_time": 182.97062754631042, "total_train_time": 44.18486952781677}
{"round": 4, "acc": [[98.3766, 92.2543, 99.692, 96.7925, 61.8667, 86.2069], [98.3766, 92.2543, 99.692, 96.7925, 61.8667, 86.2069], [98.3766, 92.2543, 99.692, 96.7925, 61.8667, 86.2069], [98.3766, 92.2543, 99.692, 96.7925, 61.8667, 86.2069], [98.3766, 92.2543, 99.692, 96.7925, 61.8667, 86.2069], [98.3766, 92.2543, 99.692, 96.7925, 61.8667, 86.2069]], "total_test_time": 243.05101037025452, "total_train_time": 58.633779525756836}
{"round": 5, "acc": [[98.3766, 92.8324, 99.692, 97.1698, 62.8667, 86.7816], [98.3766, 92.8324, 99.692, 97.1698, 62.8667, 86.7816], [98.3766, 92.8324, 99.692, 97.1698, 62.8667, 86.7816], [98.3766, 92.8324, 99.692, 97.1698, 62.8667, 86.7816], [98.3766, 92.8324, 99.692, 97.1698, 62.8667, 86.7816], [98.3766, 92.8324, 99.692, 97.1698, 62.8667, 86.7816]], "total_test_time": 302.72961831092834, "total_train_time": 73.34919548034668}
{"round": 6, "acc": [[98.7013, 92.7168, 99.7947, 97.3585, 64.0, 86.7816], [98.7013, 92.7168, 99.7947, 97.3585, 64.0, 86.7816], [98.7013, 92.7168, 99.7947, 97.3585, 64.0, 86.7816], [98.7013, 92.7168, 99.7947, 97.3585, 64.0, 86.7816], [98.7013, 92.7168, 99.7947, 97.3585, 64.0, 86.7816], [98.7013, 92.7168, 99.7947, 97.3585, 64.0, 86.7816]], "total_test_time": 362.24380350112915, "total_train_time": 88.0680205821991}
{"round": 7, "acc": [[98.3766, 93.1792, 99.7947, 96.9811, 65.3333, 86.2069], [98.3766, 93.1792, 99.7947, 96.9811, 65.3333, 86.2069], [98.3766, 93.1792, 99.7947, 96.9811, 65.3333, 86.2069], [98.3766, 93.1792, 99.7947, 96.9811, 65.3333, 86.2069], [98.3766, 93.1792, 99.7947, 96.9811, 65.3333, 86.2069], [98.3766, 93.1792, 99.7947, 96.9811, 65.3333, 86.2069]], "total_test_time": 422.64498138427734, "total_train_time": 102.39732503890991}
{"round": 9, "acc": [[98.7013, 93.4104, 99.7947, 97.7358, 65.7333, 86.7816], [98.7013, 93.4104, 99.7947, 97.7358, 65.7333, 86.7816], [98.7013, 93.4104, 99.7947, 97.7358, 65.7333, 86.7816], [98.7013, 93.4104, 99.7947, 97.7358, 65.7333, 86.7816], [98.7013, 93.4104, 99.7947, 97.7358, 65.7333, 86.7816], [98.7013, 93.4104, 99.7947, 97.7358, 65.7333, 86.7816]], "total_test_time": 481.74715209007263, "total_train_time": 131.96175837516785}
{"round": 10, "acc": [[98.7013, 92.7168, 99.692, 97.1698, 66.9333, 87.931], [98.7013, 92.7168, 99.692, 97.1698, 66.9333, 87.931], [98.7013, 92.7168, 99.692, 97.1698, 66.9333, 87.931], [98.7013, 92.7168, 99.692, 97.1698, 66.9333, 87.931], [98.7013, 92.7168, 99.692, 97.1698, 66.9333, 87.931], [98.7013, 92.7168, 99.692, 97.1698, 66.9333, 87.931]], "total_test_time": 541.6632664203644, "total_train_time": 146.86763620376587}
{"round": 11, "acc": [[98.3766, 93.0636, 99.7947, 96.9811, 67.2667, 86.2069], [98.3766, 93.0636, 99.7947, 96.9811, 67.2667, 86.2069], [98.3766, 93.0636, 99.7947, 96.9811, 67.2667, 86.2069], [98.3766, 93.0636, 99.7947, 96.9811, 67.2667, 86.2069], [98.3766, 93.0636, 99.7947, 96.9811, 67.2667, 86.2069], [98.3766, 93.0636, 99.7947, 96.9811, 67.2667, 86.2069]], "total_test_time": 600.3942556381226, "total_train_time": 161.31950759887695}
{"round": 13, "acc": [[99.026, 93.0636, 99.692, 97.5472, 68.6667, 87.3563], [99.026, 93.0636, 99.692, 97.5472, 68.6667, 87.3563], [99.026, 93.0636, 99.692, 97.5472, 68.6667, 87.3563], [99.026, 93.0636, 99.692, 97.5472, 68.6667, 87.3563], [99.026, 93.0636, 99.692, 97.5472, 68.6667, 87.3563], [99.026, 93.0636, 99.692, 97.5472, 68.6667, 87.3563]], "total_test_time": 662.0077736377716, "total_train_time": 191.08876514434814}
{"round": 14, "acc": [[98.7013, 93.526, 99.7947, 97.9245, 70.4667, 86.7816], [98.7013, 93.526, 99.7947, 97.9245, 70.4667, 86.7816], [98.7013, 93.526, 99.7947, 97.9245, 70.4667, 86.7816], [98.7013, 93.526, 99.7947, 97.9245, 70.4667, 86.7816], [98.7013, 93.526, 99.7947, 97.9245, 70.4667, 86.7816], [98.7013, 93.526, 99.7947, 97.9245, 70.4667, 86.7816]], "total_test_time": 722.2172112464905, "total_train_time": 205.7935631275177}
{"round": 24, "acc": [[97.7273, 92.948, 99.8973, 97.3585, 71.6667, 87.931], [97.7273, 92.948, 99.8973, 97.3585, 71.6667, 87.931], [97.7273, 92.948, 99.8973, 97.3585, 71.6667, 87.931], [97.7273, 92.948, 99.8973, 97.3585, 71.6667, 87.931], [97.7273, 92.948, 99.8973, 97.3585, 71.6667, 87.931], [97.7273, 92.948, 99.8973, 97.3585, 71.6667, 87.931]], "total_test_time": 781.2117450237274, "total_train_time": 351.2996165752411}
{"round": 26, "acc": [[98.0519, 92.948, 99.5893, 97.9245, 74.2, 89.6552], [98.0519, 92.948, 99.5893, 97.9245, 74.2, 89.6552], [98.0519, 92.948, 99.5893, 97.9245, 74.2, 89.6552], [98.0519, 92.948, 99.5893, 97.9245, 74.2, 89.6552], [98.0519, 92.948, 99.5893, 97.9245, 74.2, 89.6552], [98.0519, 92.948, 99.5893, 97.9245, 74.2, 89.6552]], "total_test_time": 840.6767184734344, "total_train_time": 380.36823177337646}
{"round": 28, "acc": [[97.7273, 93.6416, 99.5893, 98.3019, 74.7333, 90.8046], [97.7273, 93.6416, 99.5893, 98.3019, 74.7333, 90.8046], [97.7273, 93.6416, 99.5893, 98.3019, 74.7333, 90.8046], [97.7273, 93.6416, 99.5893, 98.3019, 74.7333, 90.8046], [97.7273, 93.6416, 99.5893, 98.3019, 74.7333, 90.8046], [97.7273, 93.6416, 99.5893, 98.3019, 74.7333, 90.8046]], "total_test_time": 899.8602170944214, "total_train_time": 409.0416250228882}
{"round": 29, "acc": [[97.7273, 91.4451, 99.4867, 97.7358, 76.4667, 87.931], [97.7273, 91.4451, 99.4867, 97.7358, 76.4667, 87.931], [97.7273, 91.4451, 99.4867, 97.7358, 76.4667, 87.931], [97.7273, 91.4451, 99.4867, 97.7358, 76.4667, 87.931], [97.7273, 91.4451, 99.4867, 97.7358, 76.4667, 87.931], [97.7273, 91.4451, 99.4867, 97.7358, 76.4667, 87.931]], "total_test_time": 958.9988741874695, "total_train_time": 423.69812536239624}
{"round": 30, "acc": [[98.3766, 92.7168, 99.692, 98.1132, 79.2667, 88.5057], [98.3766, 92.7168, 99.692, 98.1132, 79.2667, 88.5057], [98.3766, 92.7168, 99.692, 98.1132, 79.2667, 88.5057], [98.3766, 92.7168, 99.692, 98.1132, 79.2667, 88.5057], [98.3766, 92.7168, 99.692, 98.1132, 79.2667, 88.5057], [98.3766, 92.7168, 99.692, 98.1132, 79.2667, 88.5057]], "total_test_time": 1018.2387857437134, "total_train_time": 438.2253324985504}
{"round": 31,