{"base_model": "CLIP", "dataset": "office", "subset_size": 10, "image_encoder_name": "ViT-B-32", "optimizer": "AdamW", "batch_size": 32, "learning_rate": 0.001, "global_rounds": 200, "local_epochs": 1, "warm_up": 10, "seed": 1}
{"round": 0, "acc": [[79.4656, 93.4685, 92.2018, 86.8313], [79.2366, 93.7688, 92.2783, 86.6941], [79.542, 93.7688, 92.5841, 86.0082], [79.6947, 94.0691, 92.4312, 85.8711]], "total_test_time": 0, "total_train_time": 0}
{"round": 1, "acc": [[80.3817, 94.2192, 92.4312, 86.2826], [80.0763, 94.1441, 92.0489, 86.5569], [79.9237, 94.4444, 92.3547, 86.4198], [80.0, 93.994, 92.5841, 86.4198]], "total_test_time": 89.5304503440857, "total_train_time": 20.827351331710815}
{"round": 2, "acc": [[80.7634, 94.5946, 92.3547, 85.3224], [80.687, 94.7447, 92.4312, 85.1852], [81.0687, 94.6697, 92.4312, 85.4595], [81.0687, 94.4444, 92.8135, 86.6941]], "total_test_time": 179.72009086608887, "total_train_time": 40.489176511764526}
{"round": 3, "acc": [[82.3664, 94.2943, 92.8899, 86.0082], [82.0611, 94.7447, 93.1957, 86.5569], [82.2901, 94.6697, 92.9664, 84.9108], [81.7557, 94.6697, 92.9664, 86.2826]], "total_test_time": 268.7009963989258, "total_train_time": 61.15423512458801}
{"round": 4, "acc": [[82.6718, 94.8949, 93.0428, 85.3224], [82.8244, 95.1952, 92.6606, 86.2826], [83.2824, 95.1952, 92.5841, 85.3224], [82.8244, 95.1201, 92.6606, 85.048]], "total_test_time": 356.8310980796814, "total_train_time": 81.42846155166626}
{"round": 5, "acc": [[84.1221, 95.9459, 92.737, 86.2826], [83.6641, 95.8709, 92.8899, 86.8313], [84.0458, 95.7958, 92.8899, 86.6941], [83.3588, 95.5706, 93.1957, 86.8313]], "total_test_time": 444.6302433013916, "total_train_time": 102.97517967224121}
{"round": 6, "acc": [[84.8855, 95.7207, 93.1193, 86.2826], [83.9695, 96.1712, 92.9664, 86.9684], [83.6641, 95.7207, 93.2722, 85.7339], [84.0458, 95.6456, 92.737, 85.5967]], "total_test_time": 534.88303565979, "total_train_time": 123.72840666770935}
{"round": 16, "acc": [[81.7557, 93.5435, 86.8502, 78.0521], [81.145, 93.4685, 87.156, 77.915], [81.9847, 93.3934, 86.8502, 78.738], [81.8321, 94.0691, 87.0795, 78.6008]], "total_test_time": 624.6139349937439, "total_train_time": 329.2550528049469}
