{"base_model": "CLIP", "dataset": "domainnet", "subset_size": 50, "image_encoder_name": "ViT-B-32", "optimizer": "AdamW", "batch_size": 32, "learning_rate": 0.001, "global_rounds": 200, "local_epochs": 1, "warm_up": 10, "seed": 1}
{"round": 0, "acc": [[90.6129, 83.2011, 93.2022, 87.8283, 33.8267, 69.6565], [90.6129, 83.2011, 93.2022, 87.8283, 33.8267, 69.6565], [90.6129, 83.2011, 93.2022, 87.8283, 33.8267, 69.6565], [90.6129, 83.2011, 93.2022, 87.8283, 33.8267, 69.6565], [90.6129, 83.2011, 93.2022, 87.8283, 33.8267, 69.6565], [90.6129, 83.2011, 93.2022, 87.8283, 33.8267, 69.6565]], "total_test_time": 0, "total_train_time": 0}
{"round": 1, "acc": [[90.7786, 83.1445, 93.3107, 87.9244, 35.0933, 70.3721], [90.7786, 83.1445, 93.3107, 87.9244, 35.0933, 70.3721], [90.7786, 83.1445, 93.3107, 87.9244, 35.0933, 70.3721], [90.7786, 83.1445, 93.3107, 87.9244, 35.0933, 70.3721], [90.7786, 83.1445, 93.3107, 87.9244, 35.0933, 70.3721], [90.7786, 83.1445, 93.3107, 87.9244, 35.0933, 70.3721]], "total_test_time": 334.19082951545715, "total_train_time": 81.26490116119385}
{"round": 2, "acc": [[90.7786, 83.1161, 93.4193, 88.0205, 35.9733, 70.8969], [90.7786, 83.1161, 93.4193, 88.0205, 35.9733, 70.8969], [90.7786, 83.1161, 93.4193, 88.0205, 35.9733, 70.8969], [90.7786, 83.1161, 93.4193, 88.0205, 35.9733, 70.8969], [90.7786, 83.1161, 93.4193, 88.0205, 35.9733, 70.8969], [90.7786, 83.1161, 93.4193, 88.0205, 35.9733, 70.8969]], "total_test_time": 669.6358144283295, "total_train_time": 161.55484580993652}
{"round": 3, "acc": [[91.1651, 83.2295, 93.4464, 88.2447, 36.6, 71.0401], [91.1651, 83.2295, 93.4464, 88.2447, 36.6, 71.0401], [91.1651, 83.2295, 93.4464, 88.2447, 36.6, 71.0401], [91.1651, 83.2295, 93.4464, 88.2447, 36.6, 71.0401], [91.1651, 83.2295, 93.4464, 88.2447, 36.6, 71.0401], [91.1651, 83.2295, 93.4464, 88.2447, 36.6, 71.0401]], "total_test_time": 1005.8263142108917, "total_train_time": 241.90044522285461}
{"round": 4, "acc": [[91.2755, 83.5411, 93.4735, 88.3088, 37.2, 71.2786], [91.2755, 83.5411, 93.4735, 88.3088, 37.2, 71.2786], [91.2755, 83.5411, 93.4735, 88.3088, 37.2, 71.2786], [91.2755, 83.5411, 93.4735, 88.3088, 37.2, 71.2786], [91.2755, 83.5411, 93.4735, 88.3088, 37.2, 71.2786], [91.2755, 83.5411, 93.4735, 88.3088, 37.2, 71.2786]], "total_test_time": 1341.8300075531006, "total_train_time": 322.6909589767456}
{"round": 6, "acc": [[91.7173, 83.6544, 93.5414, 88.565, 37.4667, 71.5172], [91.7173, 83.6544, 93.5414, 88.565, 37.4667, 71.5172], [91.7173, 83.6544, 93.5414, 88.565, 37.4667, 71.5172], [91.7173, 83.6544, 93.5414, 88.565, 37.4667, 71.5172], [91.7173, 83.6544, 93.5414, 88.565, 37.4667, 71.5172], [91.7173, 83.6544, 93.5414, 88.565, 37.4667, 71.5172]], "total_test_time": 1676.997973203659, "total_train_time": 483.3523962497711}
{"round": 11, "acc": [[91.6068, 83.8527, 93.5957, 88.6611, 37.3733, 72.3282], [91.6068, 83.8527, 93.5957, 88.6611, 37.3733, 72.3282], [91.6068, 83.8527, 93.5957, 88.6611, 37.3733, 72.3282], [91.6068, 83.8527, 93.5957, 88.6611, 37.3733, 72.3282], [91.6068, 83.8527, 93.5957, 88.6611, 37.3733, 72.3282], [91.6068, 83.8527, 93.5957, 88.6611, 37.3733, 72.3282]], "total_test_time": 2012.6242098808289, "total_train_time": 885.9249198436737}
{"round": 12, "acc": [[91.6621, 83.881, 93.6228, 88.565, 37.6933, 72.1851], [91.6621, 83.881, 93.6228, 88.565, 37.6933, 72.1851], [91.6621, 83.881, 93.6228, 88.565, 37.6933, 72.1851], [91.6621, 83.881, 93.6228, 88.565, 37.6933, 72.1851], [91.6621, 83.881, 93.6228, 88.565, 37.6933, 72.1851], [91.6621, 83.881, 93.6228, 88.565, 37.6933, 72.1851]], "total_test_time": 2347.670625925064, "total_train_time": 966.7018384933472}
{"round": 18, "acc": [[91.7173, 83.9377, 93.6635, 88.4049, 37.8667, 71.9466], [91.7173, 83.9377, 93.6635, 88.4049, 37.8667, 71.9466], [91.7173, 83.9377, 93.6635, 88.4049, 37.8667, 71.9466], [91.7173, 83.9377, 93.6635, 88.4049, 37.8667, 71.9466], [91.7173, 83.9377, 93.6635, 88.4049, 37.8667, 71.9466], [91.7173, 83.9377, 93.6635, 88.4049, 37.8667, 71.9466]], "total_test_time": 2683.4292759895325, "total_train_time": 1450.4340860843658}
{"round": 23, "acc": [[91.7725, 83.966, 93.6771, 88.6611, 37.9467, 72.042], [91.7725, 83.966, 93.6771, 88.6611, 37.9467, 72.042], [91.7725, 83.966, 93.6771, 88.6611, 37.9467, 72.042], [91.7725, 83.966, 93.6771, 88.6611, 37.9467, 72.042], [91.7725, 83.966, 93.6771, 88.6611, 37.9467, 72.042], [91.7725, 83.966, 93.6771, 88.6611, 37.9467, 72.042]], "total_test_time": 3018.6188378334045, "total_train_time": 1852.7990515232086}
{"round": 24, "acc": [[91.8277, 83.9093, 93.6771, 88.5971, 38.2133, 72.3282], [91.8277, 83.9093, 93.6771, 88.5971, 38.2133, 72.3282], [91.8277, 83.9093, 93.6771, 88.5971, 38.2133, 72.3282], [91.8277, 83.9093, 93.6771, 88.5971, 38.2133, 72.3282], [91.8277, 83.9093, 93.6771, 88.5971, 38.2133, 72.3282], [91.8277, 83.9093, 93.6771, 88.5971, 38.2133, 72.3282]], "total_test_time": 3354.2808978557587, "total_train_time": 1933.5159330368042}
{"round": 34, "acc": [[91.7725, 83.8527, 93.6228, 88.6931, 37.84, 72.4714], [91.7725, 83.8527, 93.6228, 88.6931, 37.84, 72.4714], [91.7725, 83.8527, 93.6228, 88.6931, 37.84, 72.4714], [91.7725, 83.8527, 93.6228, 88.6931, 37.84, 72.4714], [91.7725, 83.8527, 93.6228, 88.6931, 37.84, 72.4714], [91.7725, 83.8527, 93.6228, 88.6931, 37.84, 72.4714]], "total_test_time": 3691.4747664928436, "total_train_time": 2738.6514892578125}
