{"base_model": "CLIP", "dataset": "domainnet", "subset_size": 100, "image_encoder_name": "ViT-B-32", "optimizer": "AdamW", "batch_size": 32, "learning_rate": 0.001, "global_rounds": 200, "local_epochs": 1, "warm_up": 10, "seed": 1}
{"round": 0, "acc": [[88.0921, 82.462, 92.2208, 83.5419, 28.2667, 67.6023], [88.0921, 82.462, 92.2208, 83.5419, 28.2667, 67.6023], [88.0921, 82.462, 92.2208, 83.5419, 28.2667, 67.6023], [88.0921, 82.462, 92.2208, 83.5419, 28.2667, 67.6023], [88.0921, 82.462, 92.2208, 83.5419, 28.2667, 67.6023], [88.0921, 82.462, 92.2208, 83.5419, 28.2667, 67.6023]], "total_test_time": 0, "total_train_time": 0}
{"round": 1, "acc": [[88.5202, 82.7338, 92.4763, 84.0217, 28.8733, 68.3189], [88.5202, 82.7338, 92.4763, 84.0217, 28.8733, 68.3189], [88.5202, 82.7338, 92.4763, 84.0217, 28.8733, 68.3189], [88.5202, 82.7338, 92.4763, 84.0217, 28.8733, 68.3189], [88.5202, 82.7338, 92.4763, 84.0217, 28.8733, 68.3189], [88.5202, 82.7338, 92.4763, 84.0217, 28.8733, 68.3189]], "total_test_time": 392.83471393585205, "total_train_time": 88.81817173957825}
{"round": 2, "acc": [[88.654, 82.8937, 92.5906, 84.2303, 29.4, 68.6175], [88.654, 82.8937, 92.5906, 84.2303, 29.4, 68.6175], [88.654, 82.8937, 92.5906, 84.2303, 29.4, 68.6175], [88.654, 82.8937, 92.5906, 84.2303, 29.4, 68.6175], [88.654, 82.8937, 92.5906, 84.2303, 29.4, 68.6175], [88.654, 82.8937, 92.5906, 84.2303, 29.4, 68.6175]], "total_test_time": 785.8734984397888, "total_train_time": 177.65206336975098}
{"round": 3, "acc": [[88.8146, 83.1175, 92.5906, 84.4389, 29.78, 68.7369], [88.8146, 83.1175, 92.5906, 84.4389, 29.78, 68.7369], [88.8146, 83.1175, 92.5906, 84.4389, 29.78, 68.7369], [88.8146, 83.1175, 92.5906, 84.4389, 29.78, 68.7369], [88.8146, 83.1175, 92.5906, 84.4389, 29.78, 68.7369], [88.8146, 83.1175, 92.5906, 84.4389, 29.78, 68.7369]], "total_test_time": 1178.1101069450378, "total_train_time": 266.33878684043884}
{"round": 4, "acc": [[88.8413, 83.2614, 92.6713, 84.3972, 30.0, 68.9161], [88.8413, 83.2614, 92.6713, 84.3972, 30.0, 68.9161], [88.8413, 83.2614, 92.6713, 84.3972, 30.0, 68.9161], [88.8413, 83.2614, 92.6713, 84.3972, 30.0, 68.9161], [88.8413, 83.2614, 92.6713, 84.3972, 30.0, 68.9161], [88.8413, 83.2614, 92.6713, 84.3972, 30.0, 68.9161]], "total_test_time": 1569.6472141742706, "total_train_time": 355.08443427085876}
{"round": 5, "acc": [[88.8948, 83.4213, 92.6444, 84.5223, 30.1533, 68.8564], [88.8948, 83.4213, 92.6444, 84.5223, 30.1533, 68.8564], [88.8948, 83.4213, 92.6444, 84.5223, 30.1533, 68.8564], [88.8948, 83.4213, 92.6444, 84.5223, 30.1533, 68.8564], [88.8948, 83.4213, 92.6444, 84.5223, 30.1533, 68.8564], [88.8948, 83.4213, 92.6444, 84.5223, 30.1533, 68.8564]], "total_test_time": 1959.3288152217865, "total_train_time": 443.6819417476654}
{"round": 6, "acc": [[88.9751, 83.4532, 92.6982, 84.5849, 30.4, 68.9758], [88.9751, 83.4532, 92.6982, 84.5849, 30.4, 68.9758], [88.9751, 83.4532, 92.6982, 84.5849, 30.4, 68.9758], [88.9751, 83.4532, 92.6982, 84.5849, 30.4, 68.9758], [88.9751, 83.4532, 92.6982, 84.5849, 30.4, 68.9758], [88.9751, 83.4532, 92.6982, 84.5849, 30.4, 68.9758]], "total_test_time": 2351.435412168503, "total_train_time": 532.086302280426}
{"round": 7, "acc": [[89.0822, 83.5651, 92.6713, 84.5223, 30.62, 69.0654], [89.0822, 83.5651, 92.6713, 84.5223, 30.62, 69.0654], [89.0822, 83.5651, 92.6713, 84.5223, 30.62, 69.0654], [89.0822, 83.5651, 92.6713, 84.5223, 30.62, 69.0654], [89.0822, 83.5651, 92.6713, 84.5223, 30.62, 69.0654], [89.0822, 83.5651, 92.6713, 84.5223, 30.62, 69.0654]], "total_test_time": 2743.613629579544, "total_train_time": 620.8422272205353}
{"round": 15, "acc": [[88.9484, 83.5811, 92.7183, 84.564, 30.46, 69.5431], [88.9484, 83.5811, 92.7183, 84.564, 30.46, 69.5431], [88.9484, 83.5811, 92.7183, 84.564, 30.46, 69.5431], [88.9484, 83.5811, 92.7183, 84.564, 30.46, 69.5431], [88.9484, 83.5811, 92.7183, 84.564, 30.46, 69.5431], [88.9484, 83.5811, 92.7183, 84.564, 30.46, 69.5431]], "total_test_time": 3134.31693315506, "total_train_time": 1329.2945177555084}
{"round": 16, "acc": [[89.0554, 83.5811, 92.7049, 84.5849, 30.7333, 69.3341], [89.0554, 83.5811, 92.7049, 84.5849, 30.7333, 69.3341], [89.0554, 83.5811, 92.7049, 84.5849, 30.7333, 69.3341], [89.0554, 83.5811, 92.7049, 84.5849, 30.7333, 69.3341], [89.0554, 83.5811, 92.7049, 84.5849, 30.7333, 69.3341], [89.0554, 83.5811, 92.7049, 84.5849, 30.7333, 69.3341]], "total_test_time": 3525.678158521652, "total_train_time": 1417.762172460556}
{"round": 20, "acc": [[89.1357, 83.5971, 92.7251, 84.6892, 30.8467, 69.3938], [89.1357, 83.5971, 92.7251, 84.6892, 30.8467, 69.3938], [89.1357, 83.5971, 92.7251, 84.6892, 30.8467, 69.3938], [89.1357, 83.5971, 92.7251, 84.6892, 30.8467, 69.3938], [89.1357, 83.5971, 92.7251, 84.6892, 30.8467, 69.3938], [89.1357, 83.5971, 92.7251, 84.6892, 30.8467, 69.3938]], "total_test_time": 3917.6945428848267, "total_train_time": 1771.8721537590027}
{"round": 24, "acc": [[88.9484, 83.8209, 92.8058, 84.4389, 30.84, 69.6029], [88.9484, 83.8209, 92.8058, 84.4389, 30.84, 69.6029], [88.9484, 83.8209, 92.8058, 84.4389, 30.84, 69.6029], [88.9484, 83.8209, 92.8058, 84.4389, 30.84, 69.6029], [88.9484, 83.8209, 92.8058, 84.4389, 30.84, 69.6029], [88.9484, 83.8209, 92.8058, 84.4389, 30.84, 69.6029]], "total_test_time": 4307.642856121063, "total_train_time": 2126.0530178546906}
{"round": 26, "acc": [[89.1357, 83.757, 92.6578, 84.6892, 30.84, 69.4237], [89.1357, 83.757, 92.6578, 84.6892, 30.84, 69.4237], [89.1357, 83.757, 92.6578, 84.6892, 30.84, 69.4237], [89.1357, 83.757, 92.6578, 84.6892, 30.84, 69.4237], [89.1357, 83.757, 92.6578, 84.6892, 30.84, 69.4237], [89.1357, 83.757, 92.6578, 84.6892, 30.84, 69.4237]], "total_test_time": 4698.217183589935, "total_train_time": 2303.318212032318}
{"round": 31, "acc": [[89.0286, 83.6611, 92.7049, 84.4389, 30.8267, 69.4834], [89.0286, 83.6611, 92.7049, 84.4389, 30.8267, 69.4834], [89.0286, 83.6611, 92.7049, 84.4389, 30.8267, 69.4834], [89.0286, 83.6611, 92.7049, 84.4389, 30.8267, 69.4834], [89.0286, 83.6611, 92.7049, 84.4389, 30.8267, 69.4834], [89.0286, 83.6611, 92.7049, 84.4389, 30.8267, 69.4834]], "total_test_time": 5089.964933156967, "total_train_time": 2746.8835434913635}
{"round": 37, "acc": [[89.1089, 83.6771, 92.6847, 84.5432, 30.8733, 69.5133], [89.1089, 83.6771, 92.6847, 84.5432, 30.8733, 69.5133], [89.1089, 83.6771, 92.6847, 84.5432, 30.8733, 69.5133], [89.1089, 83.6771, 92.6847, 84.5432, 30.8733, 69.5133], [89.1089, 83.6771, 92.6847, 84.5432, 30.8733, 69.5133], [89.1089, 83.6771, 92.6847, 84.5432, 30.8733, 69.5133]], "total_test_time": 5481.733607053757, "total_train_time": 3278.8525083065033}
{"round": 45, "acc": [[89.1624, 83.6611, 92.7251, 84.7101, 31.0733, 69.6029], [89.1624, 83.6611, 92.7251, 84.7101, 31.0733, 69.6029], [89.1624, 83.6611, 92.7251, 84.7101, 31.0733, 69.6029], [89.1624, 83.6611, 92.7251, 84.7101, 31.0733, 69.6029], [89.1624, 83.6611, 92.7251, 84.7101, 31.0733, 69.6029], [89.1624, 83.6611, 92.7251, 84.7101, 31.0733, 69.6029]], "total_test_time": 5873.157822847366, "total_train_time": 3987.0934278964996}
{"round": 54, "acc": [[89.1892, 83.8529, 92.7318, 84.5432, 31.0867, 69.573], [89.1892, 83.8529, 92.7318, 84.5432, 31.0867, 69.573], [89.1892, 83.8529, 92.7318, 84.5432, 31.0867, 69.573], [89.1892, 83.8529, 92.7318, 84.5432, 31.0867, 69.573], [89.1892, 83.8529, 92.7318, 84.5432, 31.0867, 69.573], [89.1892, 83.8529, 92.7318, 84.5432, 31.0867, 69.573]], "total_test_time": 6264.9231741428375, "total_train_time": 4784.0224940776825}
{"round": 59, "acc": [[89.0822, 83.8209, 92.7116, 84.4597, 30.9933, 69.4834], [89.0822, 83.8209, 92.7116, 84.4597, 30.9933, 69.4834], [89.0822, 83.8209, 92.7116, 84.4597, 30.9933, 69.4834], [89.0822, 83.8209, 92.7116, 84.4597, 30.9933, 69.4834], [89.0822, 83.8209, 92.7116, 84.4597, 30.9933, 69.4834], [89.0822, 83.8209, 92.7116, 84.4597, 30.9933, 69.4834]], "total_test_time": 6655.922032594681, "total_train_time": 5226.735798835754}
{"round": 69,