{"base_model": "CLIP", "dataset": "office", "subset_size": 100, "image_encoder_name": "ViT-B-32", "optimizer": "AdamW", "batch_size": 32, "learning_rate": 0.001, "global_rounds": 200, "local_epochs": 1, "warm_up": 10, "seed": 1}
{"round": 0, "acc": [[79.4656, 93.4685, 92.2018, 86.8313], [79.2366, 93.7688, 92.2783, 86.6941], [79.542, 93.7688, 92.5841, 86.0082], [79.6947, 94.0691, 92.4312, 85.8711]], "total_test_time": 0, "total_train_time": 0}
{"round": 1, "acc": [[80.3817, 94.2192, 92.4312, 86.2826], [80.0763, 94.1441, 92.0489, 86.5569], [79.9237, 94.4444, 92.3547, 86.4198], [80.0, 93.994, 92.5841, 86.4198]], "total_test_time": 82.84500908851624, "total_train_time": 20.21696901321411}
{"round": 2, "acc": [[80.7634, 94.5946, 92.3547, 85.3224], [80.687, 94.7447, 92.4312, 85.1852], [81.0687, 94.6697, 92.4312, 85.4595], [81.0687, 94.4444, 92.8135, 86.6941]], "total_test_time": 164.68527483940125, "total_train_time": 38.78775453567505}
{"round": 3, "acc": [[82.3664, 94.2943, 92.8899, 86.0082], [82.0611, 94.7447, 93.1957, 86.5569], [82.2901, 94.6697, 92.9664, 84.9108], [81.7557, 94.6697, 92.9664, 86.2826]], "total_test_time": 246.23025918006897, "total_train_time": 58.492006063461304}
