{"base_model": "CLIP", "dataset": "domainnet", "subset_size": 50, "image_encoder_name": "ViT-B-16", "optimizer": "AdamW", "batch_size": 32, "learning_rate": 0.001, "global_rounds": 200, "local_epochs": 1, "warm_up": 10, "seed": 1}
{"round": 0, "acc": [[91.7725, 86.7139, 93.3514, 88.7892, 33.2133, 75.1431], [91.7725, 86.7139, 93.3514, 88.7892, 33.2133, 75.1431], [91.7725, 86.7139, 93.3514, 88.7892, 33.2133, 75.1431], [91.7725, 86.7139, 93.3514, 88.7892, 33.2133, 75.1431], [91.7725, 86.7139, 93.3514, 88.7892, 33.2133, 75.1431], [91.7725, 86.7139, 93.3514, 88.7892, 33.2133, 75.1431]], "total_test_time": 0, "total_train_time": 0}
{"round": 1, "acc": [[91.6621, 86.9688, 93.6499, 88.9814, 34.2533, 75.4771], [91.6621, 86.9688, 93.6499, 88.9814, 34.2533, 75.4771], [91.6621, 86.9688, 93.6499, 88.9814, 34.2533, 75.4771], [91.6621, 86.9688, 93.6499, 88.9814, 34.2533, 75.4771], [91.6621, 86.9688, 93.6499, 88.9814, 34.2533, 75.4771], [91.6621, 86.9688, 93.6499, 88.9814, 34.2533, 75.4771]], "total_test_time": 579.6573257446289, "total_train_time": 168.9536738395691}
{"round": 2, "acc": [[91.7725, 87.1388, 93.772, 89.1095, 34.8933, 75.7156], [91.7725, 87.1388, 93.772, 89.1095, 34.8933, 75.7156], [91.7725, 87.1388, 93.772, 89.1095, 34.8933, 75.7156], [91.7725, 87.1388, 93.772, 89.1095, 34.8933, 75.7156], [91.7725, 87.1388, 93.772, 89.1095, 34.8933, 75.7156], [91.7725, 87.1388, 93.772, 89.1095, 34.8933, 75.7156]], "total_test_time": 1158.0502455234528, "total_train_time": 337.73902583122253}
{"round": 3, "acc": [[91.9382, 87.5071, 93.8399, 89.2056, 35.4267, 75.9542], [91.9382, 87.5071, 93.8399, 89.2056, 35.4267, 75.9542], [91.9382, 87.5071, 93.8399, 89.2056, 35.4267, 75.9542], [91.9382, 87.5071, 93.8399, 89.2056, 35.4267, 75.9542], [91.9382, 87.5071, 93.8399, 89.2056, 35.4267, 75.9542], [91.9382, 87.5071, 93.8399, 89.2056, 35.4267, 75.9542]], "total_test_time": 1737.1991493701935, "total_train_time": 506.5261421203613}
{"round": 4, "acc": [[92.159, 87.5071, 93.8942, 89.2697, 35.5467, 76.3359], [92.159, 87.5071, 93.8942, 89.2697, 35.5467, 76.3359], [92.159, 87.5071, 93.8942, 89.2697, 35.5467, 76.3359], [92.159, 87.5071, 93.8942, 89.2697, 35.5467, 76.3359], [92.159, 87.5071, 93.8942, 89.2697, 35.5467, 76.3359], [92.159, 87.5071, 93.8942, 89.2697, 35.5467, 76.3359]], "total_test_time": 2315.9548778533936, "total_train_time": 675.3735549449921}
{"round": 5, "acc": [[92.1038, 87.6487, 93.9077, 89.3017, 35.7467, 76.479], [92.1038, 87.6487, 93.9077, 89.3017, 35.7467, 76.479], [92.1038, 87.6487, 93.9077, 89.3017, 35.7467, 76.479], [92.1038, 87.6487, 93.9077, 89.3017, 35.7467, 76.479], [92.1038, 87.6487, 93.9077, 89.3017, 35.7467, 76.479], [92.1038, 87.6487, 93.9077, 89.3017, 35.7467, 76.479]], "total_test_time": 2894.5627176761627, "total_train_time": 844.3496420383453}
{"round": 6, "acc": [[92.3799, 87.7054, 93.9349, 89.3017, 36.0933, 76.5267], [92.3799, 87.7054, 93.9349, 89.3017, 36.0933, 76.5267], [92.3799, 87.7054, 93.9349, 89.3017, 36.0933, 76.5267], [92.3799, 87.7054, 93.9349, 89.3017, 36.0933, 76.5267], [92.3799, 87.7054, 93.9349, 89.3017, 36.0933, 76.5267], [92.3799, 87.7054, 93.9349, 89.3017, 36.0933, 76.5267]], "total_test_time": 3472.681992292404, "total_train_time": 1013.2560772895813}
{"round": 8, "acc": [[92.3247, 87.8187, 93.962, 89.4299, 36.04, 76.813], [92.3247, 87.8187, 93.962, 89.4299, 36.04, 76.813], [92.3247, 87.8187, 93.962, 89.4299, 36.04, 76.813], [92.3247, 87.8187, 93.962, 89.4299, 36.04, 76.813], [92.3247, 87.8187, 93.962, 89.4299, 36.04, 76.813], [92.3247, 87.8187, 93.962, 89.4299, 36.04, 76.813]], "total_test_time": 4051.4022886753082, "total_train_time": 1350.7587909698486}
{"round": 9, "acc": [[92.3247, 87.6771, 94.0163, 89.3338, 36.7333, 77.0515], [92.3247, 87.6771, 94.0163, 89.3338, 36.7333, 77.0515], [92.3247, 87.6771, 94.0163, 89.3338, 36.7333, 77.0515], [92.3247, 87.6771, 94.0163, 89.3338, 36.7333, 77.0515], [92.3247, 87.6771, 94.0163, 89.3338, 36.7333, 77.0515], [92.3247, 87.6771, 94.0163, 89.3338, 36.7333, 77.0515]], "total_test_time": 4631.273317575455, "total_train_time": 1519.6662838459015}
{"round": 16, "acc": [[92.4903, 88.017, 94.0706, 89.59, 36.56, 76.9561], [92.4903, 88.017, 94.0706, 89.59, 36.56, 76.9561], [92.4903, 88.017, 94.0706, 89.59, 36.56, 76.9561], [92.4903, 88.017, 94.0706, 89.59, 36.56, 76.9561], [92.4903, 88.017, 94.0706, 89.59, 36.56, 76.9561], [92.4903, 88.017, 94.0706, 89.59, 36.56, 76.9561]], "total_test_time": 5209.794979572296, "total_train_time": 2700.457985639572}
{"round": 18, "acc": [[92.4903, 87.8754, 94.0841, 89.4619, 36.2933, 76.813], [92.4903, 87.8754, 94.0841, 89.4619, 36.2933, 76.813], [92.4903, 87.8754, 94.0841, 89.4619, 36.2933, 76.813], [92.4903, 87.8754, 94.0841, 89.4619, 36.2933, 76.813], [92.4903, 87.8754, 94.0841, 89.4619, 36.2933, 76.813], [92.4903, 87.8754, 94.0841, 89.4619, 36.2933, 76.813]], "total_test_time": 5787.522251367569, "total_train_time": 3037.835802078247}
{"round": 25, "acc": [[92.3799, 87.847, 94.0299, 89.5259, 36.7333, 76.8607], [92.3799, 87.847, 94.0299, 89.5259, 36.7333, 76.8607], [92.3799, 87.847, 94.0299, 89.5259, 36.7333, 76.8607], [92.3799, 87.847, 94.0299, 89.5259, 36.7333, 76.8607], [92.3799, 87.847, 94.0299, 89.5259, 36.7333, 76.8607], [92.3799, 87.847, 94.0299, 89.5259, 36.7333, 76.8607]], "total_test_time": 6366.659372806549, "total_train_time": 4218.7686994075775}
{"round": 33, "acc": [[92.3799, 87.9037, 94.1113, 89.4299, 37.0667, 76.7653], [92.3799, 87.9037, 94.1113, 89.4299, 37.0667, 76.7653], [92.3799, 87.9037, 94.1113, 89.4299, 37.0667, 76.7653], [92.3799, 87.9037, 94.1113, 89.4299, 37.0667, 76.7653], [92.3799, 87.9037, 94.1113, 89.4299, 37.0667, 76.7653], [92.3799, 87.9037, 94.1113, 89.4299, 37.0667, 76.7653]], "total_test_time": 6945.8849856853485, "total_train_time": 5568.751876115799}
{"round": 43, "acc": [[92.4351, 87.762, 94.0163, 89.4299, 36.56, 76.813], [92.4351, 87.762, 94.0163, 89.4299, 36.56, 76.813], [92.4351, 87.762, 94.0163, 89.4299, 36.56, 76.813], [92.4351, 87.762, 94.0163, 89.4299, 36.56, 76.813], [92.4351, 87.762, 94.0163, 89.4299, 36.56, 76.813], [92.4351, 87.762, 94.0163, 89.4299, 36.56, 76.813]], "total_test_time": 7522.407101154327, "total_train_time": 7251.618132829666}
