{"base_model": "CLIP", "dataset": "domainnet", "subset_size": 10, "image_encoder_name": "ViT-B-32", "optimizer": "AdamW", "batch_size": 32, "learning_rate": 0.001, "global_rounds": 200, "local_epochs": 1, "warm_up": 10, "seed": 1}
{"round": 0, "acc": [[98.7013, 91.7919, 99.384, 96.6038, 56.6667, 83.3333], [98.7013, 91.7919, 99.384, 96.6038, 56.6667, 83.3333], [98.7013, 91.7919, 99.384, 96.6038, 56.6667, 83.3333], [98.7013, 91.7919, 99.384, 96.6038, 56.6667, 83.3333], [98.7013, 91.7919, 99.384, 96.6038, 56.6667, 83.3333], [98.7013, 91.7919, 99.384, 96.6038, 56.6667, 83.3333]], "total_test_time": 0, "total_train_time": 0}
{"round": 1, "acc": [[98.3766, 92.0231, 99.4867, 96.6038, 57.0, 83.3333], [98.3766, 92.0231, 99.4867, 96.6038, 57.0, 83.3333], [98.3766, 92.0231, 99.4867, 96.6038, 57.0, 83.3333], [98.3766, 92.0231, 99.4867, 96.6038, 57.0, 83.3333], [98.3766, 92.0231, 99.4867, 96.6038, 57.0, 83.3333], [98.3766, 92.0231, 99.4867, 96.6038, 57.0, 83.3333]], "total_test_time": 40.95677137374878, "total_train_time": 11.206046104431152}
{"round": 2, "acc": [[98.7013, 92.0231, 99.692, 96.4151, 57.8, 83.908], [98.7013, 92.0231, 99.692, 96.4151, 57.8, 83.908], [98.7013, 92.0231, 99.692, 96.4151, 57.8, 83.908], [98.7013, 92.0231, 99.692, 96.4151, 57.8, 83.908], [98.7013, 92.0231, 99.692, 96.4151, 57.8, 83.908], [98.7013, 92.0231, 99.692, 96.4151, 57.8, 83.908]], "total_test_time": 81.51253604888916, "total_train_time": 21.192898273468018}
{"round": 3, "acc": [[98.7013, 92.1387, 99.692, 96.6038, 59.1333, 84.4828], [98.7013, 92.1387, 99.692, 96.6038, 59.1333, 84.4828], [98.7013, 92.1387, 99.692, 96.6038, 59.1333, 84.4828], [98.7013, 92.1387, 99.692, 96.6038, 59.1333, 84.4828], [98.7013, 92.1387, 99.692, 96.6038, 59.1333, 84.4828], [98.7013, 92.1387, 99.692, 96.6038, 59.1333, 84.4828]], "total_test_time": 122.00434875488281, "total_train_time": 31.199585437774658}
{"round": 4, "acc": [[98.3766, 92.6012, 99.692, 96.7925, 61.2667, 85.6322], [98.3766, 92.6012, 99.692, 96.7925, 61.2667, 85.6322], [98.3766, 92.6012, 99.692, 96.7925, 61.2667, 85.6322], [98.3766, 92.6012, 99.692, 96.7925, 61.2667, 85.6322], [98.3766, 92.6012, 99.692, 96.7925, 61.2667, 85.6322], [98.3766, 92.6012, 99.692, 96.7925, 61.2667, 85.6322]], "total_test_time": 162.97793436050415, "total_train_time": 41.21725273132324}
{"round": 5, "acc": [[98.3766, 92.4855, 99.692, 96.9811, 62.7333, 86.7816], [98.3766, 92.4855, 99.692, 96.9811, 62.7333, 86.7816], [98.3766, 92.4855, 99.692, 96.9811, 62.7333, 86.7816], [98.3766, 92.4855, 99.692, 96.9811, 62.7333, 86.7816], [98.3766, 92.4855, 99.692, 96.9811, 62.7333, 86.7816], [98.3766, 92.4855, 99.692, 96.9811, 62.7333, 86.7816]], "total_test_time": 203.52537560462952, "total_train_time": 51.32862305641174}
{"round": 6, "acc": [[98.3766, 92.8324, 99.7947, 97.1698, 64.2, 86.7816], [98.3766, 92.8324, 99.7947, 97.1698, 64.2, 86.7816], [98.3766, 92.8324, 99.7947, 97.1698, 64.2, 86.7816], [98.3766, 92.8324, 99.7947, 97.1698, 64.2, 86.7816], [98.3766, 92.8324, 99.7947, 97.1698, 64.2, 86.7816], [98.3766, 92.8324, 99.7947, 97.1698, 64.2, 86.7816]], "total_test_time": 244.3056981563568, "total_train_time": 61.43178391456604}
{"round": 7, "acc": [[98.3766, 92.7168, 99.692, 97.7358, 65.6, 86.7816], [98.3766, 92.7168, 99.692, 97.7358, 65.6, 86.7816], [98.3766, 92.7168, 99.692, 97.7358, 65.6, 86.7816], [98.3766, 92.7168, 99.692, 97.7358, 65.6, 86.7816], [98.3766, 92.7168, 99.692, 97.7358, 65.6, 86.7816], [98.3766, 92.7168, 99.692, 97.7358, 65.6, 86.7816]], "total_test_time": 284.68523478507996, "total_train_time": 71.59082651138306}
{"round": 8, "acc": [[98.3766, 92.948, 99.692, 97.5472, 66.4667, 86.7816], [98.3766, 92.948, 99.692, 97.5472, 66.4667, 86.7816], [98.3766, 92.948, 99.692, 97.5472, 66.4667, 86.7816], [98.3766, 92.948, 99.692, 97.5472, 66.4667, 86.7816], [98.3766, 92.948, 99.692, 97.5472, 66.4667, 86.7816], [98.3766, 92.948, 99.692, 97.5472, 66.4667, 86.7816]], "total_test_time": 324.9924042224884, "total_train_time": 81.5890257358551}
{"round": 9, "acc": [[98.3766, 92.948, 99.7947, 97.7358, 67.1333, 86.7816], [98.3766, 92.948, 99.7947, 97.7358, 67.1333, 86.7816], [98.3766, 92.948, 99.7947, 97.7358, 67.1333, 86.7816], [98.3766, 92.948, 99.7947, 97.7358, 67.1333, 86.7816], [98.3766, 92.948, 99.7947, 97.7358, 67.1333, 86.7816], [98.3766, 92.948, 99.7947, 97.7358, 67.1333, 86.7816]], "total_test_time": 366.24392914772034, "total_train_time": 91.621741771698}
{"round": 13, "acc": [[98.7013, 92.3699, 99.692, 97.1698, 68.3333, 87.931], [98.7013, 92.3699, 99.692, 97.1698, 68.3333, 87.931], [98.7013, 92.3699, 99.692, 97.1698, 68.3333, 87.931], [98.7013, 92.3699, 99.692, 97.1698, 68.3333, 87.931], [98.7013, 92.3699, 99.692, 97.1698, 68.3333, 87.931], [98.7013, 92.3699, 99.692, 97.1698, 68.3333, 87.931]], "total_test_time": 406.7916724681854, "total_train_time": 131.98491764068604}
{"round": 16, "acc": [[98.3766, 92.948, 99.7947, 97.3585, 70.2, 87.3563], [98.3766, 92.948, 99.7947, 97.3585, 70.2, 87.3563], [98.3766, 92.948, 99.7947, 97.3585, 70.2, 87.3563], [98.3766, 92.948, 99.7947, 97.3585, 70.2, 87.3563], [98.3766, 92.948, 99.7947, 97.3585, 70.2, 87.3563], [98.3766, 92.948, 99.7947, 97.3585, 70.2, 87.3563]], "total_test_time": 447.3278634548187, "total_train_time": 161.99309968948364}
{"round": 24, "acc": [[98.7013, 93.4104, 99.692, 97.1698, 73.6, 88.5057], [98.7013, 93.4104, 99.692, 97.1698, 73.6, 88.5057], [98.7013, 93.4104, 99.692, 97.1698, 73.6, 88.5057], [98.7013, 93.4104, 99.692, 97.1698, 73.6, 88.5057], [98.7013, 93.4104, 99.692, 97.1698, 73.6, 88.5057], [98.7013, 93.4104, 99.692, 97.1698, 73.6, 88.5057]], "total_test_time": 487.85384798049927, "total_train_time": 242.8983552455902}
{"round": 25, "acc": [[97.4026, 92.7168, 99.7947, 97.5472, 75.5333, 87.3563], [97.4026, 92.7168, 99.7947, 97.5472, 75.5333, 87.3563], [97.4026, 92.7168, 99.7947, 97.5472, 75.5333, 87.3563], [97.4026, 92.7168, 99.7947, 97.5472, 75.5333, 87.3563], [97.4026, 92.7168, 99.7947, 97.5472, 75.5333, 87.3563], [97.4026, 92.7168, 99.7947, 97.5472, 75.5333, 87.3563]], "total_test_time": 528.4861268997192, "total_train_time": 252.92469239234924}
{"round": 26, "acc": [[98.0519, 92.6012, 99.5893, 97.7358, 80.4667, 87.931], [98.0519, 92.6012, 99.5893, 97.7358, 80.4667, 87.931], [98.0519, 92.6012, 99.5893, 97.7358, 80.4667, 87.931], [98.0519, 92.6012, 99.5893, 97.7358, 80.4667, 87.931], [98.0519, 92.6012, 99.5893, 97.7358, 80.4667, 87.931], [98.0519, 92.6012, 99.5893, 97.7358, 80.4667, 87.931]], "total_test_time": 568.9504494667053, "total_train_time": 263.05670189857483}
{"round": 30, "acc": [[97.7273, 93.0636, 99.5893, 98.4906, 81.1333, 91.3793], [97.7273, 93.0636, 99.5893, 98.4906, 81.1333, 91.3793], [97.7273, 93.0636, 99.5893, 98.4906, 81.1333, 91.3793], [97.7273, 93.0636, 99.5893, 98.4906, 81.1333, 91.3793], [97.7273, 93.0636, 99.5893, 98.4906, 81.1333, 91.3793], [97.7273, 93.0636, 99.5893, 98.4906, 81.1333, 91.3793]], "total_test_time": 609.2793614864349, "total_train_time": 304.4813165664673}
{"round": 31, "acc": [[97.7273, 92.948, 99.692, 97.9245, 82.8, 87.3563], [97.7273, 92.948, 99.692, 97.9245, 82.8, 87.3563], [97.7273, 92.948, 99.692, 97.9245, 82.8, 87.3563], [97.7273, 92.948, 99.692, 97.9245, 82.8, 87.3563], [97.7273, 92.948, 99.692, 97.9245, 82.8, 87.3563], [97.7273, 92.948, 99.692, 97.9245, 82.8, 87.3563]], "total_test_time": 650.5388436317444, "total_train_time": 314.4980981349945}
{"round": 35, "acc": [[97.7273, 93.2948, 99.5893, 97.5472, 82.9333, 88.5057], [97.7273, 93.2948, 99.5893, 97.5472, 82.9333, 88.5057], [97.7273, 93.2948, 99.5893, 97.5472, 82.9333, 88.5057], [97.7273, 93.2948, 99.5893, 97.5472, 82.9333, 88.5057], [97.7273, 93.2948, 99.5893, 97.5472, 82.9333, 88.5057], [97.7273, 93.2948, 99.5893, 97.5472, 82.9333, 88.5057]], "total_test_time": 692.8261377811432, "total_train_time": 355.1597888469696}
{"round": 36,