{"base_model": "CLIP", "dataset": "data", "subset_size": 10, "image_encoder_name": "ViT-B-16", "optimizer": "AdamW", "batch_size": 32, "learning_rate": 0.001, "global_rounds": 200, "local_epochs": 1, "warm_up": 10, "seed": 1}
{"round": 0, "acc": [[97.7273, 93.7572, 99.5893, 98.3019, 55.6, 90.8046], [97.7273, 93.7572, 99.5893, 98.3019, 55.6, 90.8046], [97.7273, 93.7572, 99.5893, 98.3019, 55.6, 90.8046], [97.7273, 93.7572, 99.5893, 98.3019, 55.6, 90.8046], [97.7273, 93.7572, 99.5893, 98.3019, 55.6, 90.8046], [97.7273, 93.7572, 99.5893, 98.3019, 55.6, 90.8046]], "total_test_time": 0, "total_train_time": 0}
{"round": 1, "acc": [[98.0519, 94.104, 99.5893, 98.3019, 56.9333, 90.8046], [98.0519, 94.104, 99.5893, 98.3019, 56.9333, 90.8046], [98.0519, 94.104, 99.5893, 98.3019, 56.9333, 90.8046], [98.0519, 94.104, 99.5893, 98.3019, 56.9333, 90.8046], [98.0519, 94.104, 99.5893, 98.3019, 56.9333, 90.8046], [98.0519, 94.104, 99.5893, 98.3019, 56.9333, 90.8046]], "total_test_time": 168.21832919120789, "total_train_time": 48.20551896095276}
{"round": 2, "acc": [[98.0519, 94.3353, 99.5893, 98.4906, 57.7333, 90.8046], [98.0519, 94.3353, 99.5893, 98.4906, 57.7333, 90.8046], [98.0519, 94.3353, 99.5893, 98.4906, 57.7333, 90.8046], [98.0519, 94.3353, 99.5893, 98.4906, 57.7333, 90.8046], [98.0519, 94.3353, 99.5893, 98.4906, 57.7333, 90.8046], [98.0519, 94.3353, 99.5893, 98.4906, 57.7333, 90.8046]], "total_test_time": 335.5233793258667, "total_train_time": 95.1604175567627}
{"round": 3, "acc": [[98.0519, 94.6821, 99.692, 98.4906, 59.8, 91.3793], [98.0519, 94.6821, 99.692, 98.4906, 59.8, 91.3793], [98.0519, 94.6821, 99.692, 98.4906, 59.8, 91.3793], [98.0519, 94.6821, 99.692, 98.4906, 59.8, 91.3793], [98.0519, 94.6821, 99.692, 98.4906, 59.8, 91.3793], [98.0519, 94.6821, 99.692, 98.4906, 59.8, 91.3793]], "total_test_time": 500.5370979309082, "total_train_time": 143.04020476341248}
{"round": 4, "acc": [[98.3766, 94.9133, 99.692, 98.4906, 61.9333, 91.3793], [98.3766, 94.9133, 99.692, 98.4906, 61.9333, 91.3793], [98.3766, 94.9133, 99.692, 98.4906, 61.9333, 91.3793], [98.3766, 94.9133, 99.692, 98.4906, 61.9333, 91.3793], [98.3766, 94.9133, 99.692, 98.4906, 61.9333, 91.3793], [98.3766, 94.9133, 99.692, 98.4906, 61.9333, 91.3793]], "total_test_time": 667.8040728569031, "total_train_time": 190.09564089775085}
{"round": 5, "acc": [[98.3766, 95.1445, 99.692, 98.4906, 63.0667, 91.3793], [98.3766, 95.1445, 99.692, 98.4906, 63.0667, 91.3793], [98.3766, 95.1445, 99.692, 98.4906, 63.0667, 91.3793], [98.3766, 95.1445, 99.692, 98.4906, 63.0667, 91.3793], [98.3766, 95.1445, 99.692, 98.4906, 63.0667, 91.3793], [98.3766, 95.1445, 99.692, 98.4906, 63.0667, 91.3793]], "total_test_time": 834.5164239406586, "total_train_time": 237.8717155456543}
{"round": 6, "acc": [[98.3766, 95.7225, 99.692, 98.6792, 63.5333, 91.3793], [98.3766, 95.7225, 99.692, 98.6792, 63.5333, 91.3793], [98.3766, 95.7225, 99.692, 98.6792, 63.5333, 91.3793], [98.3766, 95.7225, 99.692, 98.6792, 63.5333, 91.3793], [98.3766, 95.7225, 99.692, 98.6792, 63.5333, 91.3793], [98.3766, 95.7225, 99.692, 98.6792, 63.5333, 91.3793]], "total_test_time": 1001.3820323944092, "total_train_time": 285.58568811416626}
{"round": 7, "acc": [[98.3766, 95.9538, 99.692, 98.4906, 65.1333, 91.3793], [98.3766, 95.9538, 99.692, 98.4906, 65.1333, 91.3793], [98.3766, 95.9538, 99.692, 98.4906, 65.1333, 91.3793], [98.3766, 95.9538, 99.692, 98.4906, 65.1333, 91.3793], [98.3766, 95.9538, 99.692, 98.4906, 65.1333, 91.3793], [98.3766, 95.9538, 99.692, 98.4906, 65.1333, 91.3793]], "total_test_time": 1166.5746629238129, "total_train_time": 333.1733341217041}
{"round": 8, "acc": [[98.3766, 95.4913, 99.692, 98.6792, 67.0, 91.3793], [98.3766, 95.4913, 99.692, 98.6792, 67.0, 91.3793], [98.3766, 95.4913, 99.692, 98.6792, 67.0, 91.3793], [98.3766, 95.4913, 99.692, 98.6792, 67.0, 91.3793], [98.3766, 95.4913, 99.692, 98.6792, 67.0, 91.3793], [98.3766, 95.4913, 99.692, 98.6792, 67.0, 91.3793]], "total_test_time": 1333.7456753253937, "total_train_time": 380.80605602264404}
{"round": 14, "acc": [[98.3766, 95.7225, 99.692, 98.6792, 69.6, 91.954], [98.3766, 95.7225, 99.692, 98.6792, 69.6, 91.954], [98.3766, 95.7225, 99.692, 98.6792, 69.6, 91.954], [98.3766, 95.7225, 99.692, 98.6792, 69.6, 91.954], [98.3766, 95.7225, 99.692, 98.6792, 69.6, 91.954], [98.3766, 95.7225, 99.692, 98.6792, 69.6, 91.954]], "total_test_time": 1501.6622829437256, "total_train_time": 668.4041936397552}
{"round": 18, "acc": [[97.7273, 95.3757, 99.7947, 98.6792, 70.4667, 91.954], [97.7273, 95.3757, 99.7947, 98.6792, 70.4667, 91.954], [97.7273, 95.3757, 99.7947, 98.6792, 70.4667, 91.954], [97.7273, 95.3757, 99.7947, 98.6792, 70.4667, 91.954], [97.7273, 95.3757, 99.7947, 98.6792, 70.4667, 91.954], [97.7273, 95.3757, 99.7947, 98.6792, 70.4667, 91.954]], "total_test_time": 1669.7369096279144, "total_train_time": 858.5025115013123}
{"round": 25, "acc": [[98.0519, 95.2601, 99.7947, 98.4906, 73.9333, 92.5287], [98.0519, 95.2601, 99.7947, 98.4906, 73.9333, 92.5287], [98.0519, 95.2601, 99.7947, 98.4906, 73.9333, 92.5287], [98.0519, 95.2601, 99.7947, 98.4906, 73.9333, 92.5287], [98.0519, 95.2601, 99.7947, 98.4906, 73.9333, 92.5287], [98.0519, 95.2601, 99.7947, 98.4906, 73.9333, 92.5287]], "total_test_time": 1835.9479324817657, "total_train_time": 1193.8217844963074}
{"round": 29, "acc": [[98.0519, 94.9133, 99.692, 99.0566, 77.6667, 89.6552], [98.0519, 94.9133, 99.692, 99.0566, 77.6667, 89.6552], [98.0519, 94.9133, 99.692, 99.0566, 77.6667, 89.6552], [98.0519, 94.9133, 99.692, 99.0566, 77.6667, 89.6552], [98.0519, 94.9133, 99.692, 99.0566, 77.6667, 89.6552], [98.0519, 94.9133, 99.692, 99.0566, 77.6667, 89.6552]], "total_test_time": 2004.0161020755768, "total_train_time": 1384.7258727550507}
{"round": 30, "acc": [[97.4026, 94.4509, 99.692, 98.4906, 78.3333, 89.0805], [97.4026, 94.4509, 99.692, 98.4906, 78.3333, 89.0805], [97.4026, 94.4509, 99.692, 98.4906, 78.3333, 89.0805], [97.4026, 94.4509, 99.692, 98.4906, 78.3333, 89.0805], [97.4026, 94.4509, 99.692, 98.4906, 78.3333, 89.0805], [97.4026, 94.4509, 99.692, 98.4906, 78.3333, 89.0805]], "total_test_time": 2171.8499217033386, "total_train_time": 1432.5413405895233}
{"round": 33, "acc": [[97.7273, 94.9133, 99.7947, 98.6792, 77.1333, 90.2299], [97.7273, 94.9133, 99.7947, 98.6792, 77.1333, 90.2299], [97.7273, 94.9133, 99.7947, 98.6792, 77.1333, 90.2299], [97.7273, 94.9133, 99.7947, 98.6792, 77.1333, 90.2299], [97.7273, 94.9133, 99.7947, 98.6792, 77.1333, 90.2299], [97.7273, 94.9133, 99.7947, 98.6792, 77.1333, 90.2299]], "total_test_time": 2339.422422170639, "total_train_time": 1576.3962035179138}
{"round": 34, "acc": [[97.7273, 94.6821, 99.7947, 98.3019, 79.6, 90.2299], [97.7273, 94.6821, 99.7947, 98.3019, 79.6, 90.2299], [97.7273, 94.6821, 99.7947, 98.3019, 79.6, 90.2299], [97.7273, 94.6821, 99.7947, 98.3019, 79.6, 90.2299], [97.7273, 94.6821, 99.7947, 98.3019, 79.6, 90.2299], [97.7273, 94.6821, 99.7947, 98.3019, 79.6, 90.2299]], "total_test_time": 2506.4447858333588, "total_train_time": 1623.289370059967}
{"round": 35, "acc": [[97.4026, 94.6821, 99.7947, 98.8679, 79.5333, 91.3793], [97.4026, 94.6821, 99.7947, 98.8679, 79.5333, 91.3793], [97.4026, 94.6821, 99.7947, 98.8679, 79.5333, 91.3793], [97.4026, 94.6821, 99.7947, 98.8679, 79.5333, 91.3793], [97.4026, 94.6821, 99.7947, 98.8679, 79.5333, 91.3793], [97.4026, 94.6821, 99.7947, 98.8679, 79.5333, 91.3793]], "total_test_time": 2673.7416729927063, "total_train_time": 1671.4417879581451}
{"round": 38, "acc": [[98.0519, 94.3353, 99.692, 98.4906, 80.8667, 91.3793], [98.0519, 94.3353, 99.692, 98.4906, 80.8667, 91.3793], [98.0519, 94.3353, 99.692, 98.4906, 80.8667, 91.3793], [98.0519, 94.3353, 99.692, 98.4906, 80.8667, 91.3793], [98.0519, 94.3353, 99.692, 98.4906, 80.8667, 91.3793], [98.0519, 94.3353, 99.692, 98.4906, 80.8667, 91.3793]], "total_test_time": 2839.957041501999, "total_train_time": 1814.4832019805908}
{"round": 41,