{"base_model": "CLIP", "dataset": "data2", "subset_size": 10, "image_encoder_name": "ViT-B-32", "optimizer": "AdamW", "batch_size": 128, "learning_rate": 0.001, "global_rounds": 50, "local_epochs": 1, "warm_up": 5, "seed": 1}
{"round": 49, "acc": [[99.026, 92.6012, 99.692, 97.1698, 66.8667, 87.3563], [98.0519, 92.8324, 99.7947, 98.1132, 61.3333, 87.3563], [98.7013, 93.1792, 99.7947, 97.1698, 61.4, 87.3563], [98.0519, 92.4855, 99.692, 97.5472, 71.4, 86.2069], [98.0519, 91.7919, 99.692, 97.3585, 72.2, 85.0575], [98.0519, 91.9075, 99.692, 96.7925, 66.5333, 87.3563]], "total_test_time": 0.0001628398895263672, "total_train_time": 1090.367854833603}
