{"base_model": "CLIP", "dataset": "data", "subset_size": 150, "image_encoder_name": "ViT-B-16", "optimizer": "AdamW", "batch_size": 32, "learning_rate": 0.001, "global_rounds": 200, "local_epochs": 1, "warm_up": 10, "seed": 1}
{"round": 0, "acc": [[86.706, 81.348, 91.0962, 81.4377, 24.3067, 67.8685], [86.706, 81.348, 91.0962, 81.4377, 24.3067, 67.8685], [86.706, 81.348, 91.0962, 81.4377, 24.3067, 67.8685], [86.706, 81.348, 91.0962, 81.4377, 24.3067, 67.8685], [86.706, 81.348, 91.0962, 81.4377, 24.3067, 67.8685], [86.706, 81.348, 91.0962, 81.4377, 24.3067, 67.8685]], "total_test_time": 0, "total_train_time": 0}
{"round": 1, "acc": [[87.1848, 81.6978, 91.4804, 81.7886, 24.7378, 68.7091], [87.1848, 81.6978, 91.4804, 81.7886, 24.7378, 68.7091], [87.1848, 81.6978, 91.4804, 81.7886, 24.7378, 68.7091], [87.1848, 81.6978, 91.4804, 81.7886, 24.7378, 68.7091], [87.1848, 81.6978, 91.4804, 81.7886, 24.7378, 68.7091], [87.1848, 81.6978, 91.4804, 81.7886, 24.7378, 68.7091]], "total_test_time": 2889.714958667755, "total_train_time": 737.5373792648315}
{"round": 2, "acc": [[87.3284, 82.0475, 91.5883, 82.0096, 25.1022, 68.9894], [87.3284, 82.0475, 91.5883, 82.0096, 25.1022, 68.9894], [87.3284, 82.0475, 91.5883, 82.0096, 25.1022, 68.9894], [87.3284, 82.0475, 91.5883, 82.0096, 25.1022, 68.9894], [87.3284, 82.0475, 91.5883, 82.0096, 25.1022, 68.9894], [87.3284, 82.0475, 91.5883, 82.0096, 25.1022, 68.9894]], "total_test_time": 5768.308303594589, "total_train_time": 1479.5006024837494}
{"round": 3, "acc": [[87.2965, 82.2912, 91.6703, 82.1266, 25.5111, 69.2696], [87.2965, 82.2912, 91.6703, 82.1266, 25.5111, 69.2696], [87.2965, 82.2912, 91.6703, 82.1266, 25.5111, 69.2696], [87.2965, 82.2912, 91.6703, 82.1266, 25.5111, 69.2696], [87.2965, 82.2912, 91.6703, 82.1266, 25.5111, 69.2696], [87.2965, 82.2912, 91.6703, 82.1266, 25.5111, 69.2696]], "total_test_time": 8652.625438928604, "total_train_time": 2224.482698917389}
{"round": 4, "acc": [[87.4082, 82.3972, 91.7566, 82.1916, 25.7644, 69.3069], [87.4082, 82.3972, 91.7566, 82.1916, 25.7644, 69.3069], [87.4082, 82.3972, 91.7566, 82.1916, 25.7644, 69.3069], [87.4082, 82.3972, 91.7566, 82.1916, 25.7644, 69.3069], [87.4082, 82.3972, 91.7566, 82.1916, 25.7644, 69.3069], [87.4082, 82.3972, 91.7566, 82.1916, 25.7644, 69.3069]], "total_test_time": 11544.870171308517, "total_train_time": 2976.8608572483063}
{"round": 5, "acc": [[87.5678, 82.5032, 91.7566, 82.3086, 25.9156, 69.2696], [87.5678, 82.5032, 91.7566, 82.3086, 25.9156, 69.2696], [87.5678, 82.5032, 91.7566, 82.3086, 25.9156, 69.2696], [87.5678, 82.5032, 91.7566, 82.3086, 25.9156, 69.2696], [87.5678, 82.5032, 91.7566, 82.3086, 25.9156, 69.2696], [87.5678, 82.5032, 91.7566, 82.3086, 25.9156, 69.2696]], "total_test_time": 14452.073273181915, "total_train_time": 3721.1507048606873}
{"round": 6, "acc": [[87.5997, 82.3972, 91.8213, 82.1656, 26.0756, 69.6619], [87.5997, 82.3972, 91.8213, 82.1656, 26.0756, 69.6619], [87.5997, 82.3972, 91.8213, 82.1656, 26.0756, 69.6619], [87.5997, 82.3972, 91.8213, 82.1656, 26.0756, 69.6619], [87.5997, 82.3972, 91.8213, 82.1656, 26.0756, 69.6619], [87.5997, 82.3972, 91.8213, 82.1656, 26.0756, 69.6619]], "total_test_time": 17329.43958902359, "total_train_time": 4469.130508422852}
{"round": 7, "acc": [[87.6795, 82.4184, 91.8213, 82.3996, 26.2622, 69.5871], [87.6795, 82.4184, 91.8213, 82.3996, 26.2622, 69.5871], [87.6795, 82.4184, 91.8213, 82.3996, 26.2622, 69.5871], [87.6795, 82.4184, 91.8213, 82.3996, 26.2622, 69.5871], [87.6795, 82.4184, 91.8213, 82.3996, 26.2622, 69.5871], [87.6795, 82.4184, 91.8213, 82.3996, 26.2622, 69.5871]], "total_test_time": 20216.555982351303, "total_train_time": 5219.817985057831}
{"round": 15, "acc": [[87.5997, 82.6515, 91.9594, 82.4386, 26.6844, 69.6992], [87.5997, 82.6515, 91.9594, 82.4386, 26.6844, 69.6992], [87.5997, 82.6515, 91.9594, 82.4386, 26.6844, 69.6992], [87.5997, 82.6515, 91.9594, 82.4386, 26.6844, 69.6992], [87.5997, 82.6515, 91.9594, 82.4386, 26.6844, 69.6992], [87.5997, 82.6515, 91.9594, 82.4386, 26.6844, 69.6992]], "total_test_time": 23103.506229400635, "total_train_time": 11243.668454885483}
