{"base_model": "CLIP", "dataset": "office", "subset_size": 10, "image_encoder_name": "ViT-B-16", "optimizer": "AdamW", "batch_size": 32, "learning_rate": 0.001, "global_rounds": 200, "local_epochs": 1, "warm_up": 10, "seed": 1}
{"round": 0, "acc": [[82.2901, 95.1201, 93.1957, 87.2428], [81.9084, 95.1952, 93.0428, 87.2428], [81.9084, 95.1201, 93.2722, 87.9287], [82.6718, 95.1201, 93.2722, 86.9684]], "total_test_time": 0, "total_train_time": 0}
{"round": 1, "acc": [[82.2901, 95.3453, 93.3486, 87.38], [82.5954, 95.1952, 93.4251, 87.38], [82.2901, 94.8198, 93.1957, 87.6543], [82.7481, 95.1952, 93.1193, 87.5171]], "total_test_time": 152.48584461212158, "total_train_time": 51.15077495574951}
{"round": 2, "acc": [[83.5878, 95.9459, 93.0428, 87.5171], [83.2061, 96.1712, 93.3486, 87.6543], [83.4351, 96.2462, 93.1957, 87.38], [83.5878, 95.9459, 93.1193, 88.0658]], "total_test_time": 306.47213101387024, "total_train_time": 102.38481450080872}
{"round": 3, "acc": [[83.8931, 96.6967, 92.9664, 87.7915], [84.0458, 96.7718, 93.1957, 87.5171], [83.5878, 96.7718, 93.1957, 87.6543], [83.3588, 96.7718, 93.1957, 87.5171]], "total_test_time": 461.2579231262207, "total_train_time": 153.4054980278015}
{"round": 4, "acc": [[83.4351, 96.7718, 93.1193, 88.4774], [84.3511, 96.997, 93.6544, 87.38], [84.1985, 96.8468, 93.3486, 87.9287], [84.6565, 96.9219, 93.4251, 87.6543]], "total_test_time": 618.0356070995331, "total_train_time": 204.98158955574036}
{"round": 5, "acc": [[84.8855, 96.7718, 93.2722, 88.6145], [84.5802, 96.5465, 93.578, 88.203], [84.6565, 96.7718, 93.2722, 88.6145], [85.1908, 96.6216, 93.3486, 89.0261]], "total_test_time": 772.6386845111847, "total_train_time": 256.62752652168274}
{"round": 6, "acc": [[84.9618, 97.0721, 93.1957, 87.6543], [85.2672, 97.2973, 93.2722, 88.203], [85.2672, 97.2222, 93.4251, 87.7915], [85.4962, 97.1471, 93.4251, 88.0658]], "total_test_time": 925.6861510276794, "total_train_time": 307.25876903533936}
{"round": 7, "acc": [[85.4198, 97.1471, 92.9664, 87.6543], [85.8015, 97.1471, 92.8135, 88.203], [85.4198, 96.6216, 92.8899, 87.9287], [85.5725, 96.9219, 93.0428, 87.7915]], "total_test_time": 1079.574004650116, "total_train_time": 358.6117453575134}
{"round": 17, "acc": [[81.9847, 93.8438, 87.156, 76.8176], [82.5954, 94.2943, 87.3089, 77.3663], [82.5954, 94.1441, 88.0734, 76.1317], [81.6794, 94.3694, 87.6911, 77.7778]], "total_test_time": 1232.5829446315765, "total_train_time": 876.5616054534912}
