{"base_model": "CLIP", "dataset": "source", "subset_size": 10, "image_encoder_name": "ViT-B-32", "optimizer": "AdamW", "batch_size": 128, "learning_rate": 0.001, "global_rounds": 50, "local_epochs": 1, "warm_up": 5, "seed": 1}
{"round": 49, "acc": [[99.026, 90.8671, 99.4867, 96.4151, 55.4667], [97.7273, 91.9075, 99.692, 96.9811, 53.2667], [97.7273, 91.6763, 99.5893, 96.4151, 51.8667], [98.3766, 90.9827, 99.4867, 96.6038, 60.8], [97.7273, 90.4046, 99.1786, 96.4151, 61.8667]], "total_test_time": 0.00015735626220703125, "total_train_time": 1017.6062591075897}
