{"base_model": "CLIP", "dataset": "office", "subset_size": 100, "image_encoder_name": "ViT-B-32", "optimizer": "AdamW", "batch_size": 32, "learning_rate": 0.001, "global_rounds": 200, "local_epochs": 1, "warm_up": 10, "seed": 1}
{"round": 0, "acc": [[77.0, 94.2806, 92.3497, 83.6052], [77.0, 94.2806, 92.3497, 83.6052], [77.0, 94.2806, 92.3497, 83.6052], [77.0, 94.2806, 92.3497, 83.6052]], "total_test_time": 0, "total_train_time": 0}
{"round": 1, "acc": [[77.0909, 94.5487, 92.3497, 83.6868], [77.0909, 94.5487, 92.3497, 83.6868], [77.0909, 94.5487, 92.3497, 83.6868], [77.0909, 94.5487, 92.3497, 83.6868]], "total_test_time": 689.0427660942078, "total_train_time": 126.81590342521667}
{"round": 2, "acc": [[78.0, 94.7274, 92.714, 84.0946], [78.0, 94.7274, 92.714, 84.0946], [78.0, 94.7274, 92.714, 84.0946], [78.0, 94.7274, 92.714, 84.0946]], "total_test_time": 1386.1312048435211, "total_train_time": 253.63150262832642}
{"round": 3, "acc": [[78.7273, 94.8615, 92.8962, 84.0131], [78.7273, 94.8615, 92.8962, 84.0131], [78.7273, 94.8615, 92.8962, 84.0131], [78.7273, 94.8615, 92.8962, 84.0131]], "total_test_time": 2071.909257411957, "total_train_time": 380.05780720710754}
{"round": 5, "acc": [[80.1364, 95.3083, 92.6685, 83.279], [80.1364, 95.3083, 92.6685, 83.279], [80.1364, 95.3083, 92.6685, 83.279], [80.1364, 95.3083, 92.6685, 83.279]], "total_test_time": 2757.1332597732544, "total_train_time": 633.3738417625427}
{"round": 15, "acc": [[75.7273, 91.3315, 85.5647, 73.9804], [75.7273, 91.3315, 85.5647, 73.9804], [75.7273, 91.3315, 85.5647, 73.9804], [75.7273, 91.3315, 85.5647, 73.9804]], "total_test_time": 3444.659888982773, "total_train_time": 1900.2326254844666}
