{"base_model": "CLIP", "dataset": "data", "subset_size": 100, "image_encoder_name": "ViT-B-16", "optimizer": "AdamW", "batch_size": 32, "learning_rate": 0.001, "global_rounds": 200, "local_epochs": 1, "warm_up": 10, "seed": 1}
{"round": 0, "acc": [[89.1892, 85.6435, 92.994, 85.4401, 27.8667, 73.3055], [89.1892, 85.6435, 92.994, 85.4401, 27.8667, 73.3055], [89.1892, 85.6435, 92.994, 85.4401, 27.8667, 73.3055], [89.1892, 85.6435, 92.994, 85.4401, 27.8667, 73.3055], [89.1892, 85.6435, 92.994, 85.4401, 27.8667, 73.3055], [89.1892, 85.6435, 92.994, 85.4401, 27.8667, 73.3055]], "total_test_time": 0, "total_train_time": 0}
{"round": 1, "acc": [[89.3765, 85.8833, 93.0814, 85.5653, 28.2467, 73.6339], [89.3765, 85.8833, 93.0814, 85.5653, 28.2467, 73.6339], [89.3765, 85.8833, 93.0814, 85.5653, 28.2467, 73.6339], [89.3765, 85.8833, 93.0814, 85.5653, 28.2467, 73.6339], [89.3765, 85.8833, 93.0814, 85.5653, 28.2467, 73.6339], [89.3765, 85.8833, 93.0814, 85.5653, 28.2467, 73.6339]], "total_test_time": 1824.7547445297241, "total_train_time": 496.04876160621643}
{"round": 2, "acc": [[89.323, 85.9313, 93.1823, 85.461, 28.9533, 73.7235], [89.323, 85.9313, 93.1823, 85.461, 28.9533, 73.7235], [89.323, 85.9313, 93.1823, 85.461, 28.9533, 73.7235], [89.323, 85.9313, 93.1823, 85.461, 28.9533, 73.7235], [89.323, 85.9313, 93.1823, 85.461, 28.9533, 73.7235], [89.323, 85.9313, 93.1823, 85.461, 28.9533, 73.7235]], "total_test_time": 3643.724617242813, "total_train_time": 990.1558954715729}
{"round": 3, "acc": [[89.5371, 86.0751, 93.31, 85.607, 29.0667, 74.0221], [89.5371, 86.0751, 93.31, 85.607, 29.0667, 74.0221], [89.5371, 86.0751, 93.31, 85.607, 29.0667, 74.0221], [89.5371, 86.0751, 93.31, 85.607, 29.0667, 74.0221], [89.5371, 86.0751, 93.31, 85.607, 29.0667, 74.0221], [89.5371, 86.0751, 93.31, 85.607, 29.0667, 74.0221]], "total_test_time": 5465.614138364792, "total_train_time": 1483.5366582870483}
{"round": 4, "acc": [[89.6173, 86.1231, 93.2966, 85.6279, 29.36, 74.1415], [89.6173, 86.1231, 93.2966, 85.6279, 29.36, 74.1415], [89.6173, 86.1231, 93.2966, 85.6279, 29.36, 74.1415], [89.6173, 86.1231, 93.2966, 85.6279, 29.36, 74.1415], [89.6173, 86.1231, 93.2966, 85.6279, 29.36, 74.1415], [89.6173, 86.1231, 93.2966, 85.6279, 29.36, 74.1415]], "total_test_time": 7287.767616510391, "total_train_time": 1977.5952951908112}
{"round": 5, "acc": [[89.6976, 86.1871, 93.3033, 85.6696, 29.4667, 74.2311], [89.6976, 86.1871, 93.3033, 85.6696, 29.4667, 74.2311], [89.6976, 86.1871, 93.3033, 85.6696, 29.4667, 74.2311], [89.6976, 86.1871, 93.3033, 85.6696, 29.4667, 74.2311], [89.6976, 86.1871, 93.3033, 85.6696, 29.4667, 74.2311], [89.6976, 86.1871, 93.3033, 85.6696, 29.4667, 74.2311]], "total_test_time": 9112.502586364746, "total_train_time": 2471.791346549988}
{"round": 6, "acc": [[89.7244, 86.1711, 93.3235, 85.6696, 29.6667, 74.1117], [89.7244, 86.1711, 93.3235, 85.6696, 29.6667, 74.1117], [89.7244, 86.1711, 93.3235, 85.6696, 29.6667, 74.1117], [89.7244, 86.1711, 93.3235, 85.6696, 29.6667, 74.1117], [89.7244, 86.1711, 93.3235, 85.6696, 29.6667, 74.1117], [89.7244, 86.1711, 93.3235, 85.6696, 29.6667, 74.1117]], "total_test_time": 10934.585658311844, "total_train_time": 2965.573531150818}
