{"base_model": "CLIP", "dataset": "data2", "subset_size": 50, "image_encoder_name": "ViT-B-32", "optimizer": "AdamW", "batch_size": 128, "learning_rate": 0.001, "global_rounds": 50, "local_epochs": 1, "warm_up": 5, "seed": 1}
{"round": 49, "acc": [[90.889, 82.2096, 92.9851, 87.508, 35.7733, 69.1794], [90.6129, 83.0312, 92.863, 87.0916, 30.2667, 69.1794], [90.2816, 82.9178, 93.1886, 87.2518, 32.1333, 68.5592], [90.1712, 81.9263, 93.0665, 87.2518, 34.6933, 68.1775], [90.6129, 81.6997, 92.9986, 87.4119, 36.24, 66.6508], [90.116, 81.6431, 93.1615, 87.7002, 34.7467, 72.5191]], "total_test_time": 0.00015020370483398438, "total_train_time": 4232.288064479828}
