{"base_model": "CLIP", "dataset": "adaptiope", "subset_size": 10, "image_encoder_name": "ViT-B-32", "optimizer": "AdamW", "batch_size": 32, "learning_rate": 0.001, "global_rounds": 200, "local_epochs": 1, "warm_up": 10, "seed": 1}
{"round": 0, "acc": [[98.0, 96.8, 95.2], [98.0, 96.8, 95.2], [98.0, 96.8, 95.2]], "total_test_time": 0, "total_train_time": 0}
{"round": 1, "acc": [[98.2, 97.0, 95.4], [98.2, 97.0, 95.4], [98.2, 97.0, 95.4]], "total_test_time": 15.02165699005127, "total_train_time": 3.884282350540161}
{"round": 2, "acc": [[98.6, 97.2, 96.0], [98.6, 97.2, 96.0], [98.6, 97.2, 96.0]], "total_test_time": 29.048509120941162, "total_train_time": 7.708173751831055}
{"round": 3, "acc": [[98.6, 97.2, 96.2], [98.6, 97.2, 96.2], [98.6, 97.2, 96.2]], "total_test_time": 43.55518102645874, "total_train_time": 11.391573905944824}
{"round": 4, "acc": [[98.4, 97.6, 96.6], [98.4, 97.6, 96.6], [98.4, 97.6, 96.6]], "total_test_time": 57.305622577667236, "total_train_time": 15.13648247718811}
{"round": 7, "acc": [[98.6, 98.2, 98.6], [98.6, 98.2, 98.6], [98.6, 98.2, 98.6]], "total_test_time": 71.20235204696655, "total_train_time": 26.336591482162476}
{"round": 8, "acc": [[98.8, 98.2, 98.8], [98.8, 98.2, 98.8], [98.8, 98.2, 98.8]], "total_test_time": 84.8259129524231, "total_train_time": 30.243979692459106}
{"round": 11, "acc": [[99.0, 98.4, 99.0], [99.0, 98.4, 99.0], [99.0, 98.4, 99.0]], "total_test_time": 98.34077334403992, "total_train_time": 41.57972693443298}
{"round": 12, "acc": [[98.8, 98.4, 99.0], [98.8, 98.4, 99.0], [98.8, 98.4, 99.0]], "total_test_time": 112.23236870765686, "total_train_time": 45.511409521102905}
{"round": 13, "acc": [[98.4, 98.4, 99.0], [98.4, 98.4, 99.0], [98.4, 98.4, 99.0]], "total_test_time": 125.57924175262451, "total_train_time": 49.3410210609436}
{"round": 15, "acc": [[98.4, 98.4, 99.0], [98.4, 98.4, 99.0], [98.4, 98.4, 99.0]], "total_test_time": 139.0669915676117, "total_train_time": 56.7258517742157}
