{"base_model": "CLIP", "dataset": "adaptiope", "subset_size": 100, "image_encoder_name": "ViT-B-32", "optimizer": "AdamW", "batch_size": 32, "learning_rate": 0.001, "global_rounds": 200, "local_epochs": 1, "warm_up": 10, "seed": 1}
{"round": 0, "acc": [[94.08, 86.94, 61.56], [94.08, 86.94, 61.56], [94.08, 86.94, 61.56]], "total_test_time": 0, "total_train_time": 0}
{"round": 1, "acc": [[94.78, 87.7, 63.96], [94.78, 87.7, 63.96], [94.78, 87.7, 63.96]], "total_test_time": 94.39889979362488, "total_train_time": 19.053380966186523}
{"round": 2, "acc": [[95.82, 89.18, 66.14], [95.82, 89.18, 66.14], [95.82, 89.18, 66.14]], "total_test_time": 188.63491678237915, "total_train_time": 39.39663505554199}
{"round": 3, "acc": [[96.66, 90.16, 69.08], [96.66, 90.16, 69.08], [96.66, 90.16, 69.08]], "total_test_time": 288.14417338371277, "total_train_time": 58.62012267112732}
{"round": 4, "acc": [[97.04, 91.16, 72.82], [97.04, 91.16, 72.82], [97.04, 91.16, 72.82]], "total_test_time": 383.3159165382385, "total_train_time": 77.76592898368835}
{"round": 5, "acc": [[97.26, 91.64, 75.32], [97.26, 91.64, 75.32], [97.26, 91.64, 75.32]], "total_test_time": 477.9465193748474, "total_train_time": 96.38143396377563}
{"round": 6, "acc": [[97.58, 92.18, 78.3], [97.58, 92.18, 78.3], [97.58, 92.18, 78.3]], "total_test_time": 572.1027014255524, "total_train_time": 115.20280838012695}
{"round": 7, "acc": [[97.74, 92.74, 80.64], [97.74, 92.74, 80.64], [97.74, 92.74, 80.64]], "total_test_time": 666.4916441440582, "total_train_time": 134.354882478714}
{"round": 8, "acc": [[97.98, 93.04, 82.56], [97.98, 93.04, 82.56], [97.98, 93.04, 82.56]], "total_test_time": 760.0288865566254, "total_train_time": 153.21445155143738}
{"round": 9, "acc": [[98.02, 92.88, 84.1], [98.02, 92.88, 84.1], [98.02, 92.88, 84.1]], "total_test_time": 854.981228351593, "total_train_time": 172.2555603981018}
{"round": 10, "acc": [[98.0, 93.38, 85.58], [98.0, 93.38, 85.58], [98.0, 93.38, 85.58]], "total_test_time": 950.0861926078796, "total_train_time": 191.3977551460266}
{"round": 11, "acc": [[98.02, 93.86, 86.3], [98.02, 93.86, 86.3], [98.02, 93.86, 86.3]], "total_test_time": 1045.312527179718, "total_train_time": 210.2692174911499}
{"round": 12, "acc": [[98.08, 93.96, 87.82], [98.08, 93.96, 87.82], [98.08, 93.96, 87.82]], "total_test_time": 1140.4609398841858, "total_train_time": 229.00318956375122}
{"round": 13, "acc": [[98.04, 93.74, 89.38], [98.04, 93.74, 89.38], [98.04, 93.74, 89.38]], "total_test_time": 1234.805524110794, "total_train_time": 247.79744601249695}
{"round": 14, "acc": [[98.0, 94.3, 89.64], [98.0, 94.3, 89.64], [98.0, 94.3, 89.64]], "total_test_time": 1329.6514077186584, "total_train_time": 268.0535581111908}
{"round": 15, "acc": [[97.92, 93.9, 91.28], [97.92, 93.9, 91.28], [97.92, 93.9, 91.28]], "total_test_time": 1428.4316236972809, "total_train_time": 287.18352580070496}
{"round": 16, "acc": [[98.12, 94.36, 91.56], [98.12, 94.36, 91.56], [98.12, 94.36, 91.56]], "total_test_time": 1524.260761976242, "total_train_time": 306.1865963935852}
{"round": 19, "acc": [[98.08, 94.42, 93.28], [98.08, 94.42, 93.28], [98.08, 94.42, 93.28]], "total_test_time": 1618.6744527816772, "total_train_time": 363.91993403434753}
{"round": 20, "acc": [[97.98, 94.5, 93.94], [97.98, 94.5, 93.94], [97.98, 94.5, 93.94]], "total_test_time": 1713.1600985527039, "total_train_time": 383.40710711479187}
{"round": 21, "acc": [[98.08, 94.68, 94.08], [98.08, 94.68, 94.08], [98.08, 94.68, 94.08]], "total_test_time": 1808.6078026294708, "total_train_time": 402.3251452445984}
{"round": 22, "acc": [[98.12, 94.58, 94.32], [98.12, 94.58, 94.32], [98.12, 94.58, 94.32]], "total_test_time": 1902.5748071670532, "total_train_time": 421.05763602256775}
{"round": 23, "acc": [[98.02, 94.56, 94.0], [98.02, 94.56, 94.0], [98.02, 94.56, 94.0]], "total_test_time": 1996.6331646442413, "total_train_time": 440.01234197616577}
{"round": 24, "acc": [[97.96, 94.6, 94.16], [97.96, 94.6, 94.16], [97.96, 94.6, 94.16]], "total_test_time": 2091.6843514442444, "total_train_time": 458.9977593421936}
{"round": 34, "acc": [[98.16, 94.74, 95.6], [98.16, 94.74, 95.6], [98.16, 94.74, 95.6]], "total_test_time": 2185.986232995987, "total_train_time": 647.5150499343872}
