{"base_model": "CLIP", "dataset": "PACS", "subset_size": 7, "image_encoder_name": "ViT-B-32", "optimizer": "AdamW", "batch_size": 32, "learning_rate": 0.001, "global_rounds": 200, "local_epochs": 1, "warm_up": 10, "seed": 1}
{"round": 0, "acc": [[99.8204, 80.1609, 96.6797, 98.1655], [99.8204, 80.1609, 96.6797, 98.1655], [99.8204, 80.1609, 96.6797, 98.1655], [99.8204, 80.1609, 96.6797, 98.1655]], "total_test_time": 0, "total_train_time": 0}
{"round": 1, "acc": [[99.7605, 80.9651, 96.8262, 98.2509], [99.7605, 80.9651, 96.8262, 98.2509], [99.7605, 80.9651, 96.8262, 98.2509], [99.7605, 80.9651, 96.8262, 98.2509]], "total_test_time": 30.159212112426758, "total_train_time": 6.5745155811309814}
{"round": 2, "acc": [[99.8204, 82.0375, 96.9238, 98.4642], [99.8204, 82.0375, 96.9238, 98.4642], [99.8204, 82.0375, 96.9238, 98.4642], [99.8204, 82.0375, 96.9238, 98.4642]], "total_test_time": 59.87728404998779, "total_train_time": 13.201945543289185}
{"round": 4, "acc": [[99.8204, 84.7185, 97.4121, 98.8481], [99.8204, 84.7185, 97.4121, 98.8481], [99.8204, 84.7185, 97.4121, 98.8481], [99.8204, 84.7185, 97.4121, 98.8481]], "total_test_time": 89.75249028205872, "total_train_time": 26.447884559631348}
{"round": 5, "acc": [[99.8204, 86.5952, 97.6562, 98.9761], [99.8204, 86.5952, 97.6562, 98.9761], [99.8204, 86.5952, 97.6562, 98.9761], [99.8204, 86.5952, 97.6562, 98.9761]], "total_test_time": 119.78927516937256, "total_train_time": 33.03854537010193}
{"round": 6, "acc": [[99.8802, 86.059, 98.1445, 99.0188], [99.8802, 86.059, 98.1445, 99.0188], [99.8802, 86.059, 98.1445, 99.0188], [99.8802, 86.059, 98.1445, 99.0188]], "total_test_time": 149.56039690971375, "total_train_time": 39.697370290756226}
{"round": 7, "acc": [[99.8802, 88.7399, 97.9004, 99.1468], [99.8802, 88.7399, 97.9004, 99.1468], [99.8802, 88.7399, 97.9004, 99.1468], [99.8802, 88.7399, 97.9004, 99.1468]], "total_test_time": 179.41374444961548, "total_train_time": 46.308205127716064}
{"round": 8, "acc": [[99.8204, 87.6676, 98.0957, 99.3174], [99.8204, 87.6676, 98.0957, 99.3174], [99.8204, 87.6676, 98.0957, 99.3174], [99.8204, 87.6676, 98.0957, 99.3174]], "total_test_time": 209.34723377227783, "total_train_time": 53.01898503303528}
{"round": 9, "acc": [[99.9401, 87.6676, 98.0957, 99.2321], [99.9401, 87.6676, 98.0957, 99.2321], [99.9401, 87.6676, 98.0957, 99.2321], [99.9401, 87.6676, 98.0957, 99.2321]], "total_test_time": 239.34261536598206, "total_train_time": 59.6747145652771}
{"round": 10, "acc": [[99.9401, 90.0804, 98.2422, 99.3174], [99.9401, 90.0804, 98.2422, 99.3174], [99.9401, 90.0804, 98.2422, 99.3174], [99.9401, 90.0804, 98.2422, 99.3174]], "total_test_time": 269.24345660209656, "total_train_time": 66.37474083900452}
{"round": 12, "acc": [[99.9401, 92.4933, 98.2422, 99.5307], [99.9401, 92.4933, 98.2422, 99.5307], [99.9401, 92.4933, 98.2422, 99.5307], [99.9401, 92.4933, 98.2422, 99.5307]], "total_test_time": 299.1097640991211, "total_train_time": 79.73003435134888}
{"round": 19, "acc": [[100.0, 93.0295, 98.877, 99.5734], [100.0, 93.0295, 98.877, 99.5734], [100.0, 93.0295, 98.877, 99.5734], [100.0, 93.0295, 98.877, 99.5734]], "total_test_time": 329.31853222846985, "total_train_time": 126.52441716194153}
{"round": 24, "acc": [[99.9401, 91.1528, 99.0234, 99.4454], [99.9401, 91.1528, 99.0234, 99.4454], [99.9401, 91.1528, 99.0234, 99.4454], [99.9401, 91.1528, 99.0234, 99.4454]], "total_test_time": 359.1316044330597, "total_train_time": 159.9444122314453}
{"round": 26, "acc": [[100.0, 93.8338, 98.9258, 99.5307], [100.0, 93.8338, 98.9258, 99.5307], [100.0, 93.8338, 98.9258, 99.5307], [100.0, 93.8338, 98.9258, 99.5307]], "total_test_time": 388.94206261634827, "total_train_time": 172.98181867599487}
{"round": 36, "acc": [[100.0, 95.4424, 98.9258, 99.5734], [100.0, 95.4424, 98.9258, 99.5734], [100.0, 95.4424, 98.9258, 99.5734], [100.0, 95.4424, 98.9258, 99.5734]], "total_test_time": 418.912189245224, "total_train_time": 239.01681685447693}
