{"base_model": "CLIP", "dataset": "data2", "subset_size": 10, "image_encoder_name": "ViT-B-32", "optimizer": "AdamW", "batch_size": 128, "learning_rate": 0.001, "global_rounds": 50, "local_epochs": 1, "warm_up": 5, "seed": 1}
{"round": 49, "acc": [[99.026, 92.3699, 99.692, 97.5472, 68.2, 86.7816], [98.3766, 92.8324, 99.7947, 97.9245, 61.5333, 87.3563], [98.3766, 92.948, 99.7947, 97.3585, 61.7333, 87.3563], [98.3766, 92.6012, 99.7947, 97.5472, 72.1333, 86.2069], [98.0519, 91.9075, 99.5893, 97.7358, 72.9333, 86.2069], [98.0519, 92.3699, 99.7947, 96.7925, 67.1333, 87.3563]], "total_test_time": 0.0004401206970214844, "total_train_time": 1137.7064156532288}
