{"base_model": "CLIP", "dataset": "adaptiope", "subset_size": 50, "image_encoder_name": "ViT-B-32", "optimizer": "AdamW", "batch_size": 32, "learning_rate": 0.001, "global_rounds": 200, "local_epochs": 1, "warm_up": 10, "seed": 1}
{"round": 0, "acc": [[95.16, 90.04, 71.16], [95.16, 90.04, 71.16], [95.16, 90.04, 71.16]], "total_test_time": 0, "total_train_time": 0}
{"round": 1, "acc": [[95.96, 90.6, 72.88], [95.96, 90.6, 72.88], [95.96, 90.6, 72.88]], "total_test_time": 42.39070510864258, "total_train_time": 10.59226107597351}
{"round": 2, "acc": [[96.96, 91.48, 75.08], [96.96, 91.48, 75.08], [96.96, 91.48, 75.08]], "total_test_time": 84.61546993255615, "total_train_time": 20.42747688293457}
{"round": 3, "acc": [[97.4, 92.64, 77.32], [97.4, 92.64, 77.32], [97.4, 92.64, 77.32]], "total_test_time": 127.767404794693, "total_train_time": 31.292925119400024}
{"round": 4, "acc": [[98.0, 93.4, 80.04], [98.0, 93.4, 80.04], [98.0, 93.4, 80.04]], "total_test_time": 171.88946652412415, "total_train_time": 42.16345572471619}
{"round": 5, "acc": [[98.36, 93.84, 82.4], [98.36, 93.84, 82.4], [98.36, 93.84, 82.4]], "total_test_time": 216.19162344932556, "total_train_time": 52.8840811252594}
{"round": 6, "acc": [[98.36, 94.24, 83.96], [98.36, 94.24, 83.96], [98.36, 94.24, 83.96]], "total_test_time": 260.92508006095886, "total_train_time": 63.51539444923401}
{"round": 7, "acc": [[98.52, 94.4, 85.92], [98.52, 94.4, 85.92], [98.52, 94.4, 85.92]], "total_test_time": 305.35649061203003, "total_train_time": 74.33636927604675}
{"round": 8, "acc": [[98.6, 94.4, 87.12], [98.6, 94.4, 87.12], [98.6, 94.4, 87.12]], "total_test_time": 347.8109471797943, "total_train_time": 85.03786587715149}
