{"base_model": "CLIP", "dataset": "data2", "subset_size": 100, "image_encoder_name": "ViT-B-32", "optimizer": "AdamW", "batch_size": 512, "learning_rate": 0.001, "global_rounds": 50, "local_epochs": 1, "warm_up": 5, "seed": 1}
{"round": 0, "own_acc": [0.8977789670858978, 0.836290967226219, 0.9360586297317286, 0.8391739674593242, 0.6837333333333333, 0.699014631233204], "other_acc": [0.7929118384495494, 0.778938040380332, 0.7240983853930889, 0.7995094182440876, 0.8633361609306834, 0.8051680512326743], "domain_acc": 0.9302407932011332}
