{"base_model": "CLIP", "dataset": "data2", "subset_size": 10, "image_encoder_name": "ViT-B-32", "optimizer": "AdamW", "batch_size": 128, "learning_rate": 0.001, "global_rounds": 50, "local_epochs": 1, "warm_up": 5, "seed": 1}
{"round": 0, "own_acc": [0.9837662337662337, 0.9526011560693641, 0.9969199178644764, 0.9792452830188679, 0.9253333333333333, 0.867816091954023], "other_acc": [0.9423695275785308, 0.9337349397590361, 0.9277465205803967, 0.9429468725464538, 0.9551034724658015, 0.9446971510653579], "domain_acc": 0.9613881866237647}
