{"base_model": "CLIP", "dataset": "domainnet", "subset_size": 50, "image_encoder_name": "ViT-B-32", "optimizer": "AdamW", "batch_size": 32, "learning_rate": 0.001, "global_rounds": 200, "local_epochs": 1, "warm_up": 10, "seed": 1}
{"round": 0, "acc": [[87.8368, 91.4233, 87.7216, 46.7518, 36.9797, 78.0102], [86.2275, 91.4417, 89.2469, 47.4089, 37.0006, 75.4082], [82.2231, 90.1561, 90.7912, 48.9861, 38.6739, 74.949], [80.2021, 81.4876, 82.9743, 67.6868, 55.9088, 69.4898], [78.4431, 86.7034, 86.8065, 65.9407, 60.9287, 79.5408], [85.2919, 88.9807, 87.1687, 49.6245, 41.895, 82.7041]], "total_test_time": 0, "total_train_time": 0}
{"round": 1, "acc": [[85.8159, 91.5702, 89.9714, 51.1829, 41.6649, 80.8673], [85.8533, 91.4968, 90.0667, 50.9388, 41.2257, 80.9694], [85.3293, 91.3866, 90.143, 50.5445, 41.0793, 80.4592], [85.8159, 91.405, 89.8761, 52.7037, 43.15, 80.4082], [85.741, 91.3866, 89.8761, 52.1592, 42.6689, 80.8673], [85.741, 91.4601, 89.9905, 50.8449, 41.3303, 80.7653]], "total_test_time": 189.17503142356873, "total_train_time": 50.539862394332886}
{"round": 2, "acc": [[86.7141, 91.9559, 89.4757, 50.5069, 41.5603, 80.6633], [85.9281, 92.2865, 89.7998, 49.1363, 39.7825, 79.8469], [85.3668, 91.4601, 90.5434, 49.4367, 39.9707, 79.3367], [84.4686, 90.4867, 89.1706, 55.6891, 45.8063, 78.0612], [85.1796, 90.6887, 89.3994, 54.3935, 45.4717, 80.0], [85.8533, 91.5886, 89.8951, 50.7323, 41.8532, 81.6837]], "total_test_time": 378.89727210998535, "total_train_time": 101.05330920219421}
{"round": 3, "acc": [[87.0135, 91.9008, 89.3994, 50.0563, 40.8492, 80.1531], [86.265, 92.2681, 89.6854, 48.4041, 39.3432, 79.4388], [85.0299, 91.2948, 90.5624, 48.9298, 39.4478, 78.8265], [83.4955, 88.8154, 87.9886, 57.1911, 47.9816, 75.8163], [84.8428, 90.4316, 89.4376, 55.0131, 46.5802, 79.898], [85.5913, 91.258, 89.6092, 50.6759, 42.1042, 81.7857]], "total_test_time": 568.3307054042816, "total_train_time": 151.5917992591858}
{"round": 7, "acc": [[87.238, 91.8274, 88.7131, 49.4555, 39.4269, 78.5714], [86.1901, 92.1947, 89.9714, 47.6342, 38.1719, 78.7245], [84.1317, 91.0376, 90.4862, 48.8359, 38.904, 78.4184], [82.6347, 88.2461, 87.7598, 57.6793, 48.2535, 75.5102], [83.3458, 89.5868, 88.1602, 57.3789, 48.379, 78.2143], [85.1422, 91.0927, 89.4948, 50.8637, 42.8362, 82.1939]], "total_test_time": 757.69588971138, "total_train_time": 354.9771327972412}
{"round": 11, "acc": [[87.0883, 91.7906, 88.5796, 49.3992, 39.4478, 78.4694], [86.3772, 92.0845, 89.9714, 47.9347, 38.2138, 78.3673], [84.1692, 90.9826, 90.3908, 48.4604, 38.5275, 78.0612], [82.747, 88.3379, 87.8742, 57.6605, 48.0862, 75.7143], [83.3458, 89.5133, 88.3127, 57.2099, 48.4627, 78.2143], [85.2171, 91.0744, 89.3994, 50.9012, 42.9826, 81.8878]], "total_test_time": 947.4261584281921, "total_train_time": 557.3250424861908}
{"round": 21, "acc": [[87.1632, 91.8825, 88.3889, 49.1363, 39.4269, 78.3163], [86.4521, 92.1763, 89.8761, 47.7469, 38.0883, 78.2653], [84.1317, 90.854, 90.5815, 48.2351, 38.0673, 78.1633], [82.747, 88.4481, 87.836, 57.7544, 47.9398, 75.6122], [83.2335, 89.55, 88.2745, 57.0973, 48.2953, 78.4694], [85.1422, 91.0927, 89.4376, 50.8261, 43.0036, 82.0408]], "total_test_time": 1136.671929359436, "total_train_time": 1063.9667189121246}
