{"base_model": "CLIP", "dataset": "domainnet", "subset_size": 50, "image_encoder_name": "ViT-B-32", "optimizer": "AdamW", "batch_size": 32, "learning_rate": 0.001, "global_rounds": 200, "local_epochs": 1, "warm_up": 10, "seed": 1}
{"round": 0, "acc": [[87.7052, 89.9309, 87.608, 53.5977, 37.051, 74.1058], [85.9431, 90.7009, 89.829, 49.3459, 33.7408, 73.4005], [82.1786, 87.3643, 90.4636, 49.7547, 32.3115, 73.6524], [79.5755, 81.6584, 84.6818, 68.6018, 54.7113, 65.6423], [80.0561, 83.1787, 84.4703, 68.0908, 60.993, 76.927], [85.6227, 88.1935, 88.2249, 54.354, 39.684, 80.3526]], "total_test_time": 0, "total_train_time": 0}
{"round": 1, "acc": [[86.664, 90.6417, 90.3755, 55.8054, 39.8345, 78.8917], [86.9443, 90.7009, 90.587, 55.785, 40.1166, 78.4383], [87.0244, 90.6614, 90.7104, 55.1513, 39.6276, 78.3879], [86.5839, 90.385, 90.4812, 57.9518, 42.2231, 77.6826], [86.8642, 90.6219, 90.5517, 55.7645, 40.3235, 79.0932], [86.8242, 90.6614, 90.5341, 55.7032, 39.59, 78.2368]], "total_test_time": 188.36337637901306, "total_train_time": 51.081384897232056}
{"round": 7, "acc": [[87.6652, 91.2142, 89.2121, 54.1701, 38.1606, 76.1209], [87.3448, 91.155, 90.1463, 52.8618, 36.562, 75.7179], [85.3825, 89.773, 91.1158, 53.0049, 36.2799, 76.2217], [83.9407, 87.7986, 88.5775, 61.0793, 47.019, 73.3501], [84.0609, 88.0158, 88.4541, 61.0793, 47.6396, 74.5088], [85.863, 90.1678, 90.0758, 55.4579, 41.0946, 80.2519]], "total_test_time": 376.0174148082733, "total_train_time": 357.55208134651184}
{"round": 14, "acc": [[87.8254, 91.2932, 89.0358, 54.211, 38.3675, 75.7683], [87.465, 91.2734, 90.1992, 52.8414, 36.2422, 75.4156], [84.982, 89.6347, 91.2216, 53.1684, 36.261, 76.0705], [83.9007, 87.6407, 88.4541, 60.9975, 47.3199, 73.2494], [84.3012, 88.2725, 88.507, 61.0998, 47.4892, 75.063], [85.823, 90.0099, 89.9524, 55.2739, 40.9818, 80.5038]], "total_test_time": 564.2342445850372, "total_train_time": 712.8113367557526}
{"round": 24, "acc": [[87.9055, 91.1945, 88.9653, 54.0065, 38.1418, 75.3149], [87.8254, 91.3722, 90.2697, 53.0049, 36.8065, 75.5164], [85.1822, 89.7335, 91.1863, 53.7408, 36.9757, 76.0202], [84.1009, 87.7789, 88.4541, 61.202, 47.3387, 73.4005], [84.2611, 88.3119, 88.5598, 60.9362, 47.5456, 74.8111], [85.6628, 89.9901, 89.9524, 55.1717, 40.7561, 80.3526]], "total_test_time": 753.4222555160522, "total_train_time": 1219.3770294189453}
