{"base_model": "CLIP", "dataset": "domainnet", "subset_size": 50, "image_encoder_name": "ViT-B-32", "optimizer": "AdamW", "batch_size": 32, "learning_rate": 0.001, "global_rounds": 200, "local_epochs": 1, "warm_up": 10, "seed": 1}
{"round": 0, "acc": [[88.7312, 89.2827, 89.3666, 61.2433, 38.4221, 73.6842], [86.6667, 89.8164, 89.9902, 55.9246, 31.7452, 71.4499], [83.0108, 83.497, 91.1716, 56.4408, 30.2596, 70.7547], [84.4301, 82.579, 88.0374, 73.3393, 56.5915, 68.3217], [82.5376, 82.8138, 86.577, 72.4417, 62.7561, 74.6773], [86.6667, 86.7635, 89.7112, 61.2433, 39.4638, 79.5929]], "total_test_time": 0, "total_train_time": 0}
{"round": 1, "acc": [[87.7849, 89.2827, 91.3029, 61.1311, 37.5854, 76.9613], [88.043, 89.4748, 91.3029, 60.772, 37.6025, 77.0606], [87.5269, 89.304, 91.4342, 61.4004, 38.1148, 76.8123], [87.5699, 89.1546, 91.1388, 63.0162, 40.5396, 76.4151], [88.0, 89.1332, 91.2209, 61.5799, 38.7637, 77.2095], [87.6559, 89.1973, 91.3193, 60.9515, 37.7391, 77.0606]], "total_test_time": 191.68174529075623, "total_train_time": 50.85192275047302}
{"round": 3, "acc": [[88.4731, 89.7523, 90.9911, 60.9964, 37.6025, 76.5144], [88.129, 90.0726, 90.9583, 59.3133, 35.5533, 75.7696], [86.4516, 88.1298, 91.828, 59.5153, 36.0827, 74.8262], [85.7204, 86.3792, 89.5471, 65.6418, 45.8504, 71.4995], [85.2043, 85.8668, 88.8087, 65.2379, 46.4652, 70.7051], [87.0108, 88.9624, 90.9747, 60.8842, 38.9686, 79.146]], "total_test_time": 380.5234658718109, "total_train_time": 153.98404955863953}
{"round": 13, "acc": [[89.0323, 90.0085, 90.0394, 60.3905, 37.0219, 74.9752], [88.2151, 90.0512, 90.6301, 59.044, 34.9727, 74.0318], [86.3656, 87.532, 91.828, 58.5952, 33.8286, 73.9821], [85.7634, 86.187, 89.4158, 65.7765, 45.4918, 72.0953], [85.3333, 86.123, 89.0548, 65.5296, 46.3969, 71.8471], [86.4946, 88.386, 90.6465, 60.7047, 38.832, 79.3446]], "total_test_time": 569.6254305839539, "total_train_time": 664.5592141151428}
