{"base_model": "CLIP", "dataset": "domainnet", "subset_size": 50, "image_encoder_name": "ViT-B-32", "optimizer": "AdamW", "batch_size": 32, "learning_rate": 0.001, "global_rounds": 200, "local_epochs": 1, "warm_up": 10, "seed": 1}
{"round": 0, "acc": [[86.9043, 90.5232, 90.2344, 54.9877, 39.1198, 77.9849], [86.9043, 90.5232, 90.2344, 54.9877, 39.1198, 77.9849], [86.9043, 90.5232, 90.2344, 54.9877, 39.1198, 77.9849], [86.9043, 90.5232, 90.2344, 54.9877, 39.1198, 77.9849], [86.9043, 90.5232, 90.2344, 54.9877, 39.1198, 77.9849], [86.9043, 90.5232, 90.2344, 54.9877, 39.1198, 77.9849]], "total_test_time": 0, "total_train_time": 0}
{"round": 1, "acc": [[86.7441, 90.6811, 90.3226, 55.233, 39.2515, 78.0856], [86.7441, 90.6811, 90.3226, 55.233, 39.2515, 78.0856], [86.7441, 90.6811, 90.3226, 55.233, 39.2515, 78.0856], [86.7441, 90.6811, 90.3226, 55.233, 39.2515, 78.0856], [86.7441, 90.6811, 90.3226, 55.233, 39.2515, 78.0856], [86.7441, 90.6811, 90.3226, 55.233, 39.2515, 78.0856]], "total_test_time": 180.6970579624176, "total_train_time": 47.20725989341736}
{"round": 2, "acc": [[86.8242, 90.7404, 90.3755, 55.4374, 39.4583, 78.1864], [86.8242, 90.7404, 90.3755, 55.4374, 39.4583, 78.1864], [86.8242, 90.7404, 90.3755, 55.4374, 39.4583, 78.1864], [86.8242, 90.7404, 90.3755, 55.4374, 39.4583, 78.1864], [86.8242, 90.7404, 90.3755, 55.4374, 39.4583, 78.1864], [86.8242, 90.7404, 90.3755, 55.4374, 39.4583, 78.1864]], "total_test_time": 392.90887999534607, "total_train_time": 94.88071632385254}
{"round": 3, "acc": [[86.8642, 90.7009, 90.3755, 55.5805, 39.496, 78.2368], [86.8642, 90.7009, 90.3755, 55.5805, 39.496, 78.2368], [86.8642, 90.7009, 90.3755, 55.5805, 39.496, 78.2368], [86.8642, 90.7009, 90.3755, 55.5805, 39.496, 78.2368], [86.8642, 90.7009, 90.3755, 55.5805, 39.496, 78.2368], [86.8642, 90.7009, 90.3755, 55.5805, 39.496, 78.2368]], "total_test_time": 574.9215443134308, "total_train_time": 141.74583649635315}
{"round": 4, "acc": [[86.7841, 90.7009, 90.3755, 55.8872, 39.8721, 78.136], [86.7841, 90.7009, 90.3755, 55.8872, 39.8721, 78.136], [86.7841, 90.7009, 90.3755, 55.8872, 39.8721, 78.136], [86.7841, 90.7009, 90.3755, 55.8872, 39.8721, 78.136], [86.7841, 90.7009, 90.3755, 55.8872, 39.8721, 78.136], [86.7841, 90.7009, 90.3755, 55.8872, 39.8721, 78.136]], "total_test_time": 757.0084805488586, "total_train_time": 188.65869617462158}
{"round": 5, "acc": [[86.8242, 90.7206, 90.4107, 56.0916, 40.0978, 78.1864], [86.8242, 90.7206, 90.4107, 56.0916, 40.0978, 78.1864], [86.8242, 90.7206, 90.4107, 56.0916, 40.0978, 78.1864], [86.8242, 90.7206, 90.4107, 56.0916, 40.0978, 78.1864], [86.8242, 90.7206, 90.4107, 56.0916, 40.0978, 78.1864], [86.8242, 90.7206, 90.4107, 56.0916, 40.0978, 78.1864]], "total_test_time": 939.0612466335297, "total_train_time": 235.49786281585693}
{"round": 6, "acc": [[86.8642, 90.7206, 90.446, 56.1529, 40.4551, 78.1864], [86.8642, 90.7206, 90.446, 56.1529, 40.4551, 78.1864], [86.8642, 90.7206, 90.446, 56.1529, 40.4551, 78.1864], [86.8642, 90.7206, 90.446, 56.1529, 40.4551, 78.1864], [86.8642, 90.7206, 90.446, 56.1529, 40.4551, 78.1864], [86.8642, 90.7206, 90.446, 56.1529, 40.4551, 78.1864]], "total_test_time": 1123.2495732307434, "total_train_time": 297.7736210823059}
{"round": 7, "acc": [[86.8642, 90.7206, 90.4283, 56.3778, 40.6996, 78.2368], [86.8642, 90.7206, 90.4283, 56.3778, 40.6996, 78.2368], [86.8642, 90.7206, 90.4283, 56.3778, 40.6996, 78.2368], [86.8642, 90.7206, 90.4283, 56.3778, 40.6996, 78.2368], [86.8642, 90.7206, 90.4283, 56.3778, 40.6996, 78.2368], [86.8642, 90.7206, 90.4283, 56.3778, 40.6996, 78.2368]], "total_test_time": 1380.0662021636963, "total_train_time": 343.77678990364075}
{"round": 8, "acc": [[86.9043, 90.7404, 90.5341, 56.6639, 40.9253, 78.3375], [86.9043, 90.7404, 90.5341, 56.6639, 40.9253, 78.3375], [86.9043, 90.7404, 90.5341, 56.6639, 40.9253, 78.3375], [86.9043, 90.7404, 90.5341, 56.6639, 40.9253, 78.3375], [86.9043, 90.7404, 90.5341, 56.6639, 40.9253, 78.3375], [86.9043, 90.7404, 90.5341, 56.6639, 40.9253, 78.3375]], "total_test_time": 1561.3170881271362, "total_train_time": 390.50726795196533}
{"round": 9, "acc": [[86.9443, 90.7404, 90.5165, 56.7661, 41.151, 78.2368], [86.9443, 90.7404, 90.5165, 56.7661, 41.151, 78.2368], [86.9443, 90.7404, 90.5165, 56.7661, 41.151, 78.2368], [86.9443, 90.7404, 90.5165, 56.7661, 41.151, 78.2368], [86.9443, 90.7404, 90.5165, 56.7661, 41.151, 78.2368], [86.9443, 90.7404, 90.5165, 56.7661, 41.151, 78.2368]], "total_test_time": 1741.9695937633514, "total_train_time": 437.2867238521576}
{"round": 10, "acc": [[87.0244, 90.7799, 90.4989, 56.7866, 41.4519, 78.3375], [87.0244, 90.7799, 90.4989, 56.7866, 41.4519, 78.3375], [87.0244, 90.7799, 90.4989, 56.7866, 41.4519, 78.3375], [87.0244, 90.7799, 90.4989, 56.7866, 41.4519, 78.3375], [87.0244, 90.7799, 90.4989, 56.7866, 41.4519, 78.3375], [87.0244, 90.7799, 90.4989, 56.7866, 41.4519, 78.3375]], "total_test_time": 1922.83886384964, "total_train_time": 484.25614833831787}
{"round": 11, "acc": [[87.1846, 90.7799, 90.4812, 56.8888, 41.7153, 78.4887], [87.1846, 90.7799, 90.4812, 56.8888, 41.7153, 78.4887], [87.1846, 90.7799, 90.4812, 56.8888, 41.7153, 78.4887], [87.1846, 90.7799, 90.4812, 56.8888, 41.7153, 78.4887], [87.1846, 90.7799, 90.4812, 56.8888, 41.7153, 78.4887], [87.1846, 90.7799, 90.4812, 56.8888, 41.7153, 78.4887]], "total_test_time": 2103.9376468658447, "total_train_time": 530.9886088371277}
{"round": 12, "acc": [[87.2647, 90.8391, 90.4812, 57.0932, 41.8657, 78.4887], [87.2647, 90.8391, 90.4812, 57.0932, 41.8657, 78.4887], [87.2647, 90.8391, 90.4812, 57.0932, 41.8657, 78.4887], [87.2647, 90.8391, 90.4812, 57.0932, 41.8657, 78.4887], [87.2647, 90.8391, 90.4812, 57.0932, 41.8657, 78.4887], [87.2647, 90.8391, 90.4812, 57.0932, 41.8657, 78.4887]], "total_test_time": 2284.8880870342255, "total_train_time": 577.5992670059204}
{"round": 13, "acc": [[87.3448, 90.9181, 90.4989, 57.3794, 42.0914, 78.6398], [87.3448, 90.9181, 90.4989, 57.3794, 42.0914, 78.6398], [87.3448, 90.9181, 90.4989, 57.3794, 42.0914, 78.6398], [87.3448, 90.9181, 90.4989, 57.3794, 42.0914, 78.6398], [87.3448, 90.9181, 90.4989, 57.3794, 42.0914, 78.6398], [87.3448, 90.9181, 90.4989, 57.3794, 42.0914, 78.6398]], "total_test_time": 2465.531798839569, "total_train_time": 624.3759562969208}
{"round": 14, "acc": [[87.3448, 90.9576, 90.5341, 57.3181, 42.2607, 78.9924], [87.3448, 90.9576, 90.5341, 57.3181, 42.2607, 78.9924], [87.3448, 90.9576, 90.5341, 57.3181, 42.2607, 78.9924], [87.3448, 90.9576, 90.5341, 57.3181, 42.2607, 78.9924], [87.3448, 90.9576, 90.5341, 57.3181, 42.2607, 78.9924], [87.3448, 90.9576, 90.5341, 57.3181, 42.2607, 78.9924]], "total_test_time": 2646.269656896591, "total_train_time": 671.0232508182526}
{"round": 15, "acc": [[87.4249, 90.9773, 90.5517, 57.4612, 42.524, 78.9924], [87.4249, 90.9773, 90.5517, 57.4612, 42.524, 78.9924], [87.4249, 90.9773, 90.5517, 57.4612, 42.524, 78.9924], [87.4249, 90.9773, 90.5517, 57.4612, 42.524, 78.9924], [87.4249, 90.9773, 90.5517, 57.4612, 42.524, 78.9924], [87.4249, 90.9773, 90.5517, 57.4612, 42.524, 78.9924]], "total_test_time": 2827.1099660396576, "total_train_time": 717.6999847888947}
{"round": 16, "acc": [[87.465, 90.9773, 90.5517, 57.7269, 42.7685, 79.1436], [87.465, 90.9773, 90.5517, 57.7269, 42.7685, 79.1436], [87.465, 90.9773, 90.5517, 57.7269, 42.7685, 79.1436], [87.465, 90.9773, 90.5517, 57.7269, 42.7685, 79.1436], [87.465, 90.9773, 90.5517, 57.7269, 42.7685, 79.1436], [87.465, 90.9773, 90.5517, 57.7269, 42.7685, 79.1436]], "total_test_time": 3008.0623273849487, "total_train_time": 764.5304038524628}
{"round": 17, "acc": [[87.3448, 91.0958, 90.6222, 57.8496, 43.0506, 79.0428], [87.3448, 91.0958, 90.6222, 57.8496, 43.0506, 79.0428], [87.3448, 91.0958, 90.6222, 57.8496, 43.0506, 79.0428], [87.3448, 91.0958, 90.6222, 57.8496, 43.0506, 79.0428], [87.3448, 91.0958, 90.6222, 57.8496, 43.0506, 79.0428], [87.3448, 91.0958, 90.6222, 57.8496, 43.0506, 79.0428]], "total_test_time": 3188.7454919815063,