{"base_model": "CLIP", "dataset": "domainnet", "subset_size": 50, "image_encoder_name": "ViT-B-32", "optimizer": "AdamW", "batch_size": 32, "learning_rate": 0.001, "global_rounds": 200, "local_epochs": 1, "warm_up": 10, "seed": 1}
{"round": 0, "acc": [[86.9043, 90.5232, 90.2344, 54.9877, 39.1198, 77.9849], [86.9043, 90.5232, 90.2344, 54.9877, 39.1198, 77.9849], [86.9043, 90.5232, 90.2344, 54.9877, 39.1198, 77.9849], [86.9043, 90.5232, 90.2344, 54.9877, 39.1198, 77.9849], [86.9043, 90.5232, 90.2344, 54.9877, 39.1198, 77.9849], [86.9043, 90.5232, 90.2344, 54.9877, 39.1198, 77.9849]], "total_test_time": 0, "total_train_time": 0}
{"round": 1, "acc": [[86.7441, 90.6811, 90.3226, 55.233, 39.2515, 78.0856], [86.7441, 90.6811, 90.3226, 55.233, 39.2515, 78.0856], [86.7441, 90.6811, 90.3226, 55.233, 39.2515, 78.0856], [86.7441, 90.6811, 90.3226, 55.233, 39.2515, 78.0856], [86.7441, 90.6811, 90.3226, 55.233, 39.2515, 78.0856], [86.7441, 90.6811, 90.3226, 55.233, 39.2515, 78.0856]], "total_test_time": 189.401629447937, "total_train_time": 50.65105676651001}
{"round": 2, "acc": [[86.8242, 90.7404, 90.3755, 55.4374, 39.4583, 78.1864], [86.8242, 90.7404, 90.3755, 55.4374, 39.4583, 78.1864], [86.8242, 90.7404, 90.3755, 55.4374, 39.4583, 78.1864], [86.8242, 90.7404, 90.3755, 55.4374, 39.4583, 78.1864], [86.8242, 90.7404, 90.3755, 55.4374, 39.4583, 78.1864], [86.8242, 90.7404, 90.3755, 55.4374, 39.4583, 78.1864]], "total_test_time": 378.84735107421875, "total_train_time": 100.2809100151062}
{"round": 3, "acc": [[86.8642, 90.7009, 90.3755, 55.5805, 39.496, 78.2368], [86.8642, 90.7009, 90.3755, 55.5805, 39.496, 78.2368], [86.8642, 90.7009, 90.3755, 55.5805, 39.496, 78.2368], [86.8642, 90.7009, 90.3755, 55.5805, 39.496, 78.2368], [86.8642, 90.7009, 90.3755, 55.5805, 39.496, 78.2368], [86.8642, 90.7009, 90.3755, 55.5805, 39.496, 78.2368]], "total_test_time": 575.4511606693268, "total_train_time": 150.9768099784851}
{"round": 4, "acc": [[86.7841, 90.7009, 90.3755, 55.8872, 39.8721, 78.136], [86.7841, 90.7009, 90.3755, 55.8872, 39.8721, 78.136], [86.7841, 90.7009, 90.3755, 55.8872, 39.8721, 78.136], [86.7841, 90.7009, 90.3755, 55.8872, 39.8721, 78.136], [86.7841, 90.7009, 90.3755, 55.8872, 39.8721, 78.136], [86.7841, 90.7009, 90.3755, 55.8872, 39.8721, 78.136]], "total_test_time": 762.9189651012421, "total_train_time": 200.69122672080994}
{"round": 5, "acc": [[86.8242, 90.7206, 90.4107, 56.0916, 40.0978, 78.1864], [86.8242, 90.7206, 90.4107, 56.0916, 40.0978, 78.1864], [86.8242, 90.7206, 90.4107, 56.0916, 40.0978, 78.1864], [86.8242, 90.7206, 90.4107, 56.0916, 40.0978, 78.1864], [86.8242, 90.7206, 90.4107, 56.0916, 40.0978, 78.1864], [86.8242, 90.7206, 90.4107, 56.0916, 40.0978, 78.1864]], "total_test_time": 952.1369514465332, "total_train_time": 251.71651220321655}
{"round": 6, "acc": [[86.8642, 90.7206, 90.446, 56.1529, 40.4551, 78.1864], [86.8642, 90.7206, 90.446, 56.1529, 40.4551, 78.1864], [86.8642, 90.7206, 90.446, 56.1529, 40.4551, 78.1864], [86.8642, 90.7206, 90.446, 56.1529, 40.4551, 78.1864], [86.8642, 90.7206, 90.446, 56.1529, 40.4551, 78.1864], [86.8642, 90.7206, 90.446, 56.1529, 40.4551, 78.1864]], "total_test_time": 1141.1436066627502, "total_train_time": 303.34306144714355}
{"round": 7, "acc": [[86.8642, 90.7206, 90.4283, 56.3778, 40.6996, 78.2368], [86.8642, 90.7206, 90.4283, 56.3778, 40.6996, 78.2368], [86.8642, 90.7206, 90.4283, 56.3778, 40.6996, 78.2368], [86.8642, 90.7206, 90.4283, 56.3778, 40.6996, 78.2368], [86.8642, 90.7206, 90.4283, 56.3778, 40.6996, 78.2368], [86.8642, 90.7206, 90.4283, 56.3778, 40.6996, 78.2368]], "total_test_time": 1330.173431634903, "total_train_time": 353.27094554901123}
{"round": 8, "acc": [[86.9043, 90.7404, 90.5341, 56.6639, 40.9253, 78.3375], [86.9043, 90.7404, 90.5341, 56.6639, 40.9253, 78.3375], [86.9043, 90.7404, 90.5341, 56.6639, 40.9253, 78.3375], [86.9043, 90.7404, 90.5341, 56.6639, 40.9253, 78.3375], [86.9043, 90.7404, 90.5341, 56.6639, 40.9253, 78.3375], [86.9043, 90.7404, 90.5341, 56.6639, 40.9253, 78.3375]], "total_test_time": 1518.259212732315, "total_train_time": 403.2441120147705}
{"round": 9, "acc": [[86.9443, 90.7404, 90.5165, 56.7661, 41.151, 78.2368], [86.9443, 90.7404, 90.5165, 56.7661, 41.151, 78.2368], [86.9443, 90.7404, 90.5165, 56.7661, 41.151, 78.2368], [86.9443, 90.7404, 90.5165, 56.7661, 41.151, 78.2368], [86.9443, 90.7404, 90.5165, 56.7661, 41.151, 78.2368], [86.9443, 90.7404, 90.5165, 56.7661, 41.151, 78.2368]], "total_test_time": 1704.9933936595917, "total_train_time": 453.1016435623169}
{"round": 10, "acc": [[87.0244, 90.7799, 90.4989, 56.7866, 41.4519, 78.3375], [87.0244, 90.7799, 90.4989, 56.7866, 41.4519, 78.3375], [87.0244, 90.7799, 90.4989, 56.7866, 41.4519, 78.3375], [87.0244, 90.7799, 90.4989, 56.7866, 41.4519, 78.3375], [87.0244, 90.7799, 90.4989, 56.7866, 41.4519, 78.3375], [87.0244, 90.7799, 90.4989, 56.7866, 41.4519, 78.3375]], "total_test_time": 1891.935010433197, "total_train_time": 502.75979447364807}
{"round": 11, "acc": [[87.1846, 90.7799, 90.4812, 56.8888, 41.7153, 78.4887], [87.1846, 90.7799, 90.4812, 56.8888, 41.7153, 78.4887], [87.1846, 90.7799, 90.4812, 56.8888, 41.7153, 78.4887], [87.1846, 90.7799, 90.4812, 56.8888, 41.7153, 78.4887], [87.1846, 90.7799, 90.4812, 56.8888, 41.7153, 78.4887], [87.1846, 90.7799, 90.4812, 56.8888, 41.7153, 78.4887]], "total_test_time": 2077.5747141838074, "total_train_time": 552.4396846294403}
{"round": 12, "acc": [[87.2647, 90.8391, 90.4812, 57.0932, 41.8657, 78.4887], [87.2647, 90.8391, 90.4812, 57.0932, 41.8657, 78.4887], [87.2647, 90.8391, 90.4812, 57.0932, 41.8657, 78.4887], [87.2647, 90.8391, 90.4812, 57.0932, 41.8657, 78.4887], [87.2647, 90.8391, 90.4812, 57.0932, 41.8657, 78.4887], [87.2647, 90.8391, 90.4812, 57.0932, 41.8657, 78.4887]], "total_test_time": 2265.315310239792, "total_train_time": 602.1017339229584}
{"round": 13, "acc": [[87.3448, 90.9181, 90.4989, 57.3794, 42.0914, 78.6398], [87.3448, 90.9181, 90.4989, 57.3794, 42.0914, 78.6398], [87.3448, 90.9181, 90.4989, 57.3794, 42.0914, 78.6398], [87.3448, 90.9181, 90.4989, 57.3794, 42.0914, 78.6398], [87.3448, 90.9181, 90.4989, 57.3794, 42.0914, 78.6398], [87.3448, 90.9181, 90.4989, 57.3794, 42.0914, 78.6398]], "total_test_time": 2451.753450155258, "total_train_time": 652.2141852378845}
{"round": 14, "acc": [[87.3448, 90.9576, 90.5341, 57.3181, 42.2607, 78.9924], [87.3448, 90.9576, 90.5341, 57.3181, 42.2607, 78.9924], [87.3448, 90.9576, 90.5341, 57.3181, 42.2607, 78.9924], [87.3448, 90.9576, 90.5341, 57.3181, 42.2607, 78.9924], [87.3448, 90.9576, 90.5341, 57.3181, 42.2607, 78.9924], [87.3448, 90.9576, 90.5341, 57.3181, 42.2607, 78.9924]], "total_test_time": 2638.546228647232, "total_train_time": 702.3828599452972}
{"round": 15, "acc": [[87.4249, 90.9773, 90.5517, 57.4612, 42.524, 78.9924], [87.4249, 90.9773, 90.5517, 57.4612, 42.524, 78.9924], [87.4249, 90.9773, 90.5517, 57.4612, 42.524, 78.9924], [87.4249, 90.9773, 90.5517, 57.4612, 42.524, 78.9924], [87.4249, 90.9773, 90.5517, 57.4612, 42.524, 78.9924], [87.4249, 90.9773, 90.5517, 57.4612, 42.524, 78.9924]], "total_test_time": 2851.283835411072, "total_train_time": 755.7229347229004}
{"round": 16, "acc": [[87.465, 90.9773, 90.5517, 57.7269, 42.7685, 79.1436], [87.465, 90.9773, 90.5517, 57.7269, 42.7685, 79.1436], [87.465, 90.9773, 90.5517, 57.7269, 42.7685, 79.1436], [87.465, 90.9773, 90.5517, 57.7269, 42.7685, 79.1436], [87.465, 90.9773, 90.5517, 57.7269, 42.7685, 79.1436], [87.465, 90.9773, 90.5517, 57.7269, 42.7685, 79.1436]], "total_test_time": 3039.5335121154785, "total_train_time": 805.7428641319275}
{"round": 17, "acc": [[87.3448, 91.0958, 90.6222, 57.8496, 43.0506, 79.0428], [87.3448, 91.0958, 90.6222, 57.8496, 43.0506, 79.0428], [87.3448, 91.0958, 90.6222, 57.8496, 43.0506, 79.0428], [87.3448, 91.0958, 90.6222, 57.8496, 43.0506, 79.0428], [87.3448, 91.0958, 90.6222, 57.8496, 43.0506, 79.0428], [87.3448, 91.0958, 90.6222, 57.8496, 43.0506, 79.0428]], "total_test_time": 3228.2020766735077,