{"base_model": "CLIP", "dataset": "domainnet", "subset_size": 50, "image_encoder_name": "ViT-B-32", "optimizer": "AdamW", "batch_size": 32, "learning_rate": 0.001, "global_rounds": 200, "local_epochs": 1, "warm_up": 10, "seed": 1}
{"round": 0, "acc": [[86.0404, 91.3499, 89.7426, 50.5633, 40.8283, 79.949], [86.0404, 91.3499, 89.7426, 50.5633, 40.8283, 79.949], [86.0404, 91.3499, 89.7426, 50.5633, 40.8283, 79.949], [86.0404, 91.3499, 89.7426, 50.5633, 40.8283, 79.949], [86.0404, 91.3499, 89.7426, 50.5633, 40.8283, 79.949], [86.0404, 91.3499, 89.7426, 50.5633, 40.8283, 79.949]], "total_test_time": 0, "total_train_time": 0}
{"round": 1, "acc": [[85.9656, 91.3866, 89.7426, 50.7135, 40.9538, 80.2041], [85.9656, 91.3866, 89.7426, 50.7135, 40.9538, 80.2041], [85.9656, 91.3866, 89.7426, 50.7135, 40.9538, 80.2041], [85.9656, 91.3866, 89.7426, 50.7135, 40.9538, 80.2041], [85.9656, 91.3866, 89.7426, 50.7135, 40.9538, 80.2041], [85.9656, 91.3866, 89.7426, 50.7135, 40.9538, 80.2041]], "total_test_time": 188.48231983184814, "total_train_time": 50.13835787773132}
{"round": 2, "acc": [[85.7784, 91.4601, 89.8379, 50.9388, 41.142, 80.2551], [85.7784, 91.4601, 89.8379, 50.9388, 41.142, 80.2551], [85.7784, 91.4601, 89.8379, 50.9388, 41.142, 80.2551], [85.7784, 91.4601, 89.8379, 50.9388, 41.142, 80.2551], [85.7784, 91.4601, 89.8379, 50.9388, 41.142, 80.2551], [85.7784, 91.4601, 89.8379, 50.9388, 41.142, 80.2551]], "total_test_time": 376.8111312389374, "total_train_time": 100.57428169250488}
{"round": 3, "acc": [[85.8159, 91.4968, 89.8379, 51.2955, 41.1002, 80.3061], [85.8159, 91.4968, 89.8379, 51.2955, 41.1002, 80.3061], [85.8159, 91.4968, 89.8379, 51.2955, 41.1002, 80.3061], [85.8159, 91.4968, 89.8379, 51.2955, 41.1002, 80.3061], [85.8159, 91.4968, 89.8379, 51.2955, 41.1002, 80.3061], [85.8159, 91.4968, 89.8379, 51.2955, 41.1002, 80.3061]], "total_test_time": 565.6946284770966, "total_train_time": 151.53664016723633}
{"round": 4, "acc": [[85.9281, 91.5335, 89.9333, 51.5021, 41.6649, 80.3571], [85.9281, 91.5335, 89.9333, 51.5021, 41.6649, 80.3571], [85.9281, 91.5335, 89.9333, 51.5021, 41.6649, 80.3571], [85.9281, 91.5335, 89.9333, 51.5021, 41.6649, 80.3571], [85.9281, 91.5335, 89.9333, 51.5021, 41.6649, 80.3571], [85.9281, 91.5335, 89.9333, 51.5021, 41.6649, 80.3571]], "total_test_time": 754.451164484024, "total_train_time": 201.92701625823975}
{"round": 5, "acc": [[85.8533, 91.5152, 89.9714, 51.9527, 42.1251, 80.4082], [85.8533, 91.5152, 89.9714, 51.9527, 42.1251, 80.4082], [85.8533, 91.5152, 89.9714, 51.9527, 42.1251, 80.4082], [85.8533, 91.5152, 89.9714, 51.9527, 42.1251, 80.4082], [85.8533, 91.5152, 89.9714, 51.9527, 42.1251, 80.4082], [85.8533, 91.5152, 89.9714, 51.9527, 42.1251, 80.4082]], "total_test_time": 943.0849328041077, "total_train_time": 252.72625541687012}
{"round": 6, "acc": [[86.003, 91.5519, 89.9905, 52.4221, 42.6061, 80.5612], [86.003, 91.5519, 89.9905, 52.4221, 42.6061, 80.5612], [86.003, 91.5519, 89.9905, 52.4221, 42.6061, 80.5612], [86.003, 91.5519, 89.9905, 52.4221, 42.6061, 80.5612], [86.003, 91.5519, 89.9905, 52.4221, 42.6061, 80.5612], [86.003, 91.5519, 89.9905, 52.4221, 42.6061, 80.5612]], "total_test_time": 1130.844857931137, "total_train_time": 302.9260892868042}
{"round": 7, "acc": [[86.0778, 91.607, 89.9523, 52.7225, 43.2336, 80.5612], [86.0778, 91.607, 89.9523, 52.7225, 43.2336, 80.5612], [86.0778, 91.607, 89.9523, 52.7225, 43.2336, 80.5612], [86.0778, 91.607, 89.9523, 52.7225, 43.2336, 80.5612], [86.0778, 91.607, 89.9523, 52.7225, 43.2336, 80.5612], [86.0778, 91.607, 89.9523, 52.7225, 43.2336, 80.5612]], "total_test_time": 1319.6462135314941, "total_train_time": 353.0732047557831}
{"round": 8, "acc": [[86.0404, 91.6253, 89.9333, 53.0041, 43.7565, 80.6633], [86.0404, 91.6253, 89.9333, 53.0041, 43.7565, 80.6633], [86.0404, 91.6253, 89.9333, 53.0041, 43.7565, 80.6633], [86.0404, 91.6253, 89.9333, 53.0041, 43.7565, 80.6633], [86.0404, 91.6253, 89.9333, 53.0041, 43.7565, 80.6633], [86.0404, 91.6253, 89.9333, 53.0041, 43.7565, 80.6633]], "total_test_time": 1507.4993505477905, "total_train_time": 403.5655708312988}
{"round": 9, "acc": [[86.1527, 91.6804, 89.9714, 53.3045, 44.384, 81.0714], [86.1527, 91.6804, 89.9714, 53.3045, 44.384, 81.0714], [86.1527, 91.6804, 89.9714, 53.3045, 44.384, 81.0714], [86.1527, 91.6804, 89.9714, 53.3045, 44.384, 81.0714], [86.1527, 91.6804, 89.9714, 53.3045, 44.384, 81.0714], [86.1527, 91.6804, 89.9714, 53.3045, 44.384, 81.0714]], "total_test_time": 1696.0406467914581, "total_train_time": 453.91621804237366}
{"round": 10, "acc": [[86.265, 91.6988, 90.0858, 53.605, 44.635, 81.2245], [86.265, 91.6988, 90.0858, 53.605, 44.635, 81.2245], [86.265, 91.6988, 90.0858, 53.605, 44.635, 81.2245], [86.265, 91.6988, 90.0858, 53.605, 44.635, 81.2245], [86.265, 91.6988, 90.0858, 53.605, 44.635, 81.2245], [86.265, 91.6988, 90.0858, 53.605, 44.635, 81.2245]], "total_test_time": 1884.4086260795593, "total_train_time": 504.10514402389526}
{"round": 11, "acc": [[86.4147, 91.809, 90.1239, 53.9617, 45.2207, 81.1735], [86.4147, 91.809, 90.1239, 53.9617, 45.2207, 81.1735], [86.4147, 91.809, 90.1239, 53.9617, 45.2207, 81.1735], [86.4147, 91.809, 90.1239, 53.9617, 45.2207, 81.1735], [86.4147, 91.809, 90.1239, 53.9617, 45.2207, 81.1735], [86.4147, 91.809, 90.1239, 53.9617, 45.2207, 81.1735]], "total_test_time": 2073.62837266922, "total_train_time": 572.4359602928162}
{"round": 12, "acc": [[86.4895, 91.8457, 90.2383, 54.0744, 45.5135, 81.3776], [86.4895, 91.8457, 90.2383, 54.0744, 45.5135, 81.3776], [86.4895, 91.8457, 90.2383, 54.0744, 45.5135, 81.3776], [86.4895, 91.8457, 90.2383, 54.0744, 45.5135, 81.3776], [86.4895, 91.8457, 90.2383, 54.0744, 45.5135, 81.3776], [86.4895, 91.8457, 90.2383, 54.0744, 45.5135, 81.3776]], "total_test_time": 2268.1560883522034, "total_train_time": 623.0346739292145}
{"round": 13, "acc": [[86.5644, 91.9559, 90.2193, 54.4686, 45.9946, 81.4796], [86.5644, 91.9559, 90.2193, 54.4686, 45.9946, 81.4796], [86.5644, 91.9559, 90.2193, 54.4686, 45.9946, 81.4796], [86.5644, 91.9559, 90.2193, 54.4686, 45.9946, 81.4796], [86.5644, 91.9559, 90.2193, 54.4686, 45.9946, 81.4796], [86.5644, 91.9559, 90.2193, 54.4686, 45.9946, 81.4796]], "total_test_time": 2455.725310564041, "total_train_time": 673.8347523212433}
{"round": 14, "acc": [[86.7889, 92.1396, 90.2765, 54.9944, 46.6639, 81.6837], [86.7889, 92.1396, 90.2765, 54.9944, 46.6639, 81.6837], [86.7889, 92.1396, 90.2765, 54.9944, 46.6639, 81.6837], [86.7889, 92.1396, 90.2765, 54.9944, 46.6639, 81.6837], [86.7889, 92.1396, 90.2765, 54.9944, 46.6639, 81.6837], [86.7889, 92.1396, 90.2765, 54.9944, 46.6639, 81.6837]], "total_test_time": 2643.426993370056, "total_train_time": 724.2562873363495}
{"round": 15, "acc": [[87.0509, 92.1396, 90.3527, 55.3511, 47.0822, 81.9388], [87.0509, 92.1396, 90.3527, 55.3511, 47.0822, 81.9388], [87.0509, 92.1396, 90.3527, 55.3511, 47.0822, 81.9388], [87.0509, 92.1396, 90.3527, 55.3511, 47.0822, 81.9388], [87.0509, 92.1396, 90.3527, 55.3511, 47.0822, 81.9388], [87.0509, 92.1396, 90.3527, 55.3511, 47.0822, 81.9388]], "total_test_time": 2831.8944478034973, "total_train_time": 774.4830679893494}
{"round": 16, "acc": [[87.1632, 92.2865, 90.4671, 56.3087, 47.9188, 82.0408], [87.1632, 92.2865, 90.4671, 56.3087, 47.9188, 82.0408], [87.1632, 92.2865, 90.4671, 56.3087, 47.9188, 82.0408], [87.1632, 92.2865, 90.4671, 56.3087, 47.9188, 82.0408], [87.1632, 92.2865, 90.4671, 56.3087, 47.9188, 82.0408], [87.1632, 92.2865, 90.4671, 56.3087, 47.9188, 82.0408]], "total_test_time": 3020.171578645706, "total_train_time": 825.4364275932312}
{"round": 17, "acc": [[87.1632, 92.2498, 90.6387, 56.4213, 48.2535, 81.8878], [87.1632, 92.2498, 90.6387, 56.4213, 48.2535, 81.8878], [87.1632, 92.2498, 90.6387, 56.4213, 48.2535, 81.8878], [87.1632, 92.2498, 90.6387, 56.4213, 48.2535, 81.8878], [87.1632, 92.2498, 90.6387, 56.4213, 48.2535, 81.8878], [87.1632, 92.2498, 90.6387, 56.4213, 48.2535, 81.8878]], "total_test_time": 3208.264442205429,