{"base_model": "CLIP", "dataset": "domainnet", "subset_size": 50, "image_encoder_name": "ViT-B-32", "optimizer": "AdamW", "batch_size": 32, "learning_rate": 0.001, "global_rounds": 200, "local_epochs": 1, "warm_up": 10, "seed": 1}
{"round": 0, "acc": [[86.0404, 91.3499, 89.7426, 50.5633, 40.8283, 79.949], [86.0404, 91.3499, 89.7426, 50.5633, 40.8283, 79.949], [86.0404, 91.3499, 89.7426, 50.5633, 40.8283, 79.949], [86.0404, 91.3499, 89.7426, 50.5633, 40.8283, 79.949], [86.0404, 91.3499, 89.7426, 50.5633, 40.8283, 79.949], [86.0404, 91.3499, 89.7426, 50.5633, 40.8283, 79.949]], "total_test_time": 0, "total_train_time": 0}
{"round": 1, "acc": [[85.9656, 91.3866, 89.7426, 50.7135, 40.9538, 80.2041], [85.9656, 91.3866, 89.7426, 50.7135, 40.9538, 80.2041], [85.9656, 91.3866, 89.7426, 50.7135, 40.9538, 80.2041], [85.9656, 91.3866, 89.7426, 50.7135, 40.9538, 80.2041], [85.9656, 91.3866, 89.7426, 50.7135, 40.9538, 80.2041], [85.9656, 91.3866, 89.7426, 50.7135, 40.9538, 80.2041]], "total_test_time": 180.12816524505615, "total_train_time": 47.28294920921326}
{"round": 2, "acc": [[85.7784, 91.4601, 89.8379, 50.9388, 41.142, 80.2551], [85.7784, 91.4601, 89.8379, 50.9388, 41.142, 80.2551], [85.7784, 91.4601, 89.8379, 50.9388, 41.142, 80.2551], [85.7784, 91.4601, 89.8379, 50.9388, 41.142, 80.2551], [85.7784, 91.4601, 89.8379, 50.9388, 41.142, 80.2551], [85.7784, 91.4601, 89.8379, 50.9388, 41.142, 80.2551]], "total_test_time": 360.34256649017334, "total_train_time": 93.97066378593445}
{"round": 3, "acc": [[85.8159, 91.4968, 89.8379, 51.2955, 41.1002, 80.3061], [85.8159, 91.4968, 89.8379, 51.2955, 41.1002, 80.3061], [85.8159, 91.4968, 89.8379, 51.2955, 41.1002, 80.3061], [85.8159, 91.4968, 89.8379, 51.2955, 41.1002, 80.3061], [85.8159, 91.4968, 89.8379, 51.2955, 41.1002, 80.3061], [85.8159, 91.4968, 89.8379, 51.2955, 41.1002, 80.3061]], "total_test_time": 540.5852303504944, "total_train_time": 140.62110662460327}
{"round": 4, "acc": [[85.9281, 91.5335, 89.9333, 51.5021, 41.6649, 80.3571], [85.9281, 91.5335, 89.9333, 51.5021, 41.6649, 80.3571], [85.9281, 91.5335, 89.9333, 51.5021, 41.6649, 80.3571], [85.9281, 91.5335, 89.9333, 51.5021, 41.6649, 80.3571], [85.9281, 91.5335, 89.9333, 51.5021, 41.6649, 80.3571], [85.9281, 91.5335, 89.9333, 51.5021, 41.6649, 80.3571]], "total_test_time": 720.8117525577545, "total_train_time": 187.4018144607544}
{"round": 5, "acc": [[85.8533, 91.5152, 89.9714, 51.9527, 42.1251, 80.4082], [85.8533, 91.5152, 89.9714, 51.9527, 42.1251, 80.4082], [85.8533, 91.5152, 89.9714, 51.9527, 42.1251, 80.4082], [85.8533, 91.5152, 89.9714, 51.9527, 42.1251, 80.4082], [85.8533, 91.5152, 89.9714, 51.9527, 42.1251, 80.4082], [85.8533, 91.5152, 89.9714, 51.9527, 42.1251, 80.4082]], "total_test_time": 901.1942501068115, "total_train_time": 234.06289982795715}
{"round": 6, "acc": [[86.003, 91.5519, 89.9905, 52.4221, 42.6061, 80.5612], [86.003, 91.5519, 89.9905, 52.4221, 42.6061, 80.5612], [86.003, 91.5519, 89.9905, 52.4221, 42.6061, 80.5612], [86.003, 91.5519, 89.9905, 52.4221, 42.6061, 80.5612], [86.003, 91.5519, 89.9905, 52.4221, 42.6061, 80.5612], [86.003, 91.5519, 89.9905, 52.4221, 42.6061, 80.5612]], "total_test_time": 1081.531608581543, "total_train_time": 280.7671732902527}
{"round": 7, "acc": [[86.0778, 91.607, 89.9523, 52.7225, 43.2336, 80.5612], [86.0778, 91.607, 89.9523, 52.7225, 43.2336, 80.5612], [86.0778, 91.607, 89.9523, 52.7225, 43.2336, 80.5612], [86.0778, 91.607, 89.9523, 52.7225, 43.2336, 80.5612], [86.0778, 91.607, 89.9523, 52.7225, 43.2336, 80.5612], [86.0778, 91.607, 89.9523, 52.7225, 43.2336, 80.5612]], "total_test_time": 1262.0084557533264, "total_train_time": 327.5554883480072}
{"round": 8, "acc": [[86.0404, 91.6253, 89.9333, 53.0041, 43.7565, 80.6633], [86.0404, 91.6253, 89.9333, 53.0041, 43.7565, 80.6633], [86.0404, 91.6253, 89.9333, 53.0041, 43.7565, 80.6633], [86.0404, 91.6253, 89.9333, 53.0041, 43.7565, 80.6633], [86.0404, 91.6253, 89.9333, 53.0041, 43.7565, 80.6633], [86.0404, 91.6253, 89.9333, 53.0041, 43.7565, 80.6633]], "total_test_time": 1442.9126138687134, "total_train_time": 374.22948575019836}
{"round": 9, "acc": [[86.1527, 91.6804, 89.9714, 53.3045, 44.384, 81.0714], [86.1527, 91.6804, 89.9714, 53.3045, 44.384, 81.0714], [86.1527, 91.6804, 89.9714, 53.3045, 44.384, 81.0714], [86.1527, 91.6804, 89.9714, 53.3045, 44.384, 81.0714], [86.1527, 91.6804, 89.9714, 53.3045, 44.384, 81.0714], [86.1527, 91.6804, 89.9714, 53.3045, 44.384, 81.0714]], "total_test_time": 1623.0498321056366, "total_train_time": 420.9825506210327}
{"round": 10, "acc": [[86.265, 91.6988, 90.0858, 53.605, 44.635, 81.2245], [86.265, 91.6988, 90.0858, 53.605, 44.635, 81.2245], [86.265, 91.6988, 90.0858, 53.605, 44.635, 81.2245], [86.265, 91.6988, 90.0858, 53.605, 44.635, 81.2245], [86.265, 91.6988, 90.0858, 53.605, 44.635, 81.2245], [86.265, 91.6988, 90.0858, 53.605, 44.635, 81.2245]], "total_test_time": 1803.0476355552673, "total_train_time": 467.69967818260193}
{"round": 11, "acc": [[86.4147, 91.809, 90.1239, 53.9617, 45.2207, 81.1735], [86.4147, 91.809, 90.1239, 53.9617, 45.2207, 81.1735], [86.4147, 91.809, 90.1239, 53.9617, 45.2207, 81.1735], [86.4147, 91.809, 90.1239, 53.9617, 45.2207, 81.1735], [86.4147, 91.809, 90.1239, 53.9617, 45.2207, 81.1735], [86.4147, 91.809, 90.1239, 53.9617, 45.2207, 81.1735]], "total_test_time": 1982.9337270259857, "total_train_time": 556.9545063972473}
{"round": 12, "acc": [[86.4895, 91.8457, 90.2383, 54.0744, 45.5135, 81.3776], [86.4895, 91.8457, 90.2383, 54.0744, 45.5135, 81.3776], [86.4895, 91.8457, 90.2383, 54.0744, 45.5135, 81.3776], [86.4895, 91.8457, 90.2383, 54.0744, 45.5135, 81.3776], [86.4895, 91.8457, 90.2383, 54.0744, 45.5135, 81.3776], [86.4895, 91.8457, 90.2383, 54.0744, 45.5135, 81.3776]], "total_test_time": 2163.05211019516, "total_train_time": 604.3992223739624}
{"round": 13, "acc": [[86.5644, 91.9559, 90.2193, 54.4686, 45.9946, 81.4796], [86.5644, 91.9559, 90.2193, 54.4686, 45.9946, 81.4796], [86.5644, 91.9559, 90.2193, 54.4686, 45.9946, 81.4796], [86.5644, 91.9559, 90.2193, 54.4686, 45.9946, 81.4796], [86.5644, 91.9559, 90.2193, 54.4686, 45.9946, 81.4796], [86.5644, 91.9559, 90.2193, 54.4686, 45.9946, 81.4796]], "total_test_time": 2343.379217863083, "total_train_time": 651.0297467708588}
{"round": 14, "acc": [[86.7889, 92.1396, 90.2765, 54.9944, 46.6639, 81.6837], [86.7889, 92.1396, 90.2765, 54.9944, 46.6639, 81.6837], [86.7889, 92.1396, 90.2765, 54.9944, 46.6639, 81.6837], [86.7889, 92.1396, 90.2765, 54.9944, 46.6639, 81.6837], [86.7889, 92.1396, 90.2765, 54.9944, 46.6639, 81.6837], [86.7889, 92.1396, 90.2765, 54.9944, 46.6639, 81.6837]], "total_test_time": 2522.0100240707397, "total_train_time": 697.4785118103027}
{"round": 15, "acc": [[87.0509, 92.1396, 90.3527, 55.3511, 47.0822, 81.9388], [87.0509, 92.1396, 90.3527, 55.3511, 47.0822, 81.9388], [87.0509, 92.1396, 90.3527, 55.3511, 47.0822, 81.9388], [87.0509, 92.1396, 90.3527, 55.3511, 47.0822, 81.9388], [87.0509, 92.1396, 90.3527, 55.3511, 47.0822, 81.9388], [87.0509, 92.1396, 90.3527, 55.3511, 47.0822, 81.9388]], "total_test_time": 2700.7407689094543, "total_train_time": 743.8564069271088}
{"round": 16, "acc": [[87.1632, 92.2865, 90.4671, 56.3087, 47.9188, 82.0408], [87.1632, 92.2865, 90.4671, 56.3087, 47.9188, 82.0408], [87.1632, 92.2865, 90.4671, 56.3087, 47.9188, 82.0408], [87.1632, 92.2865, 90.4671, 56.3087, 47.9188, 82.0408], [87.1632, 92.2865, 90.4671, 56.3087, 47.9188, 82.0408], [87.1632, 92.2865, 90.4671, 56.3087, 47.9188, 82.0408]], "total_test_time": 2880.5606434345245, "total_train_time": 790.3721480369568}
{"round": 17, "acc": [[87.1632, 92.2498, 90.6387, 56.4213, 48.2535, 81.8878], [87.1632, 92.2498, 90.6387, 56.4213, 48.2535, 81.8878], [87.1632, 92.2498, 90.6387, 56.4213, 48.2535, 81.8878], [87.1632, 92.2498, 90.6387, 56.4213, 48.2535, 81.8878], [87.1632, 92.2498, 90.6387, 56.4213, 48.2535, 81.8878], [87.1632, 92.2498, 90.6387, 56.4213, 48.2535, 81.8878]], "total_test_time": 3059.482161283493,