{"base_model": "CLIP", "dataset": "domainnet", "subset_size": 50, "image_encoder_name": "ViT-B-32", "optimizer": "AdamW", "batch_size": 32, "learning_rate": 0.001, "global_rounds": 200, "local_epochs": 1, "warm_up": 10, "seed": 1}
{"round": 0, "acc": [[86.1527, 91.3499, 89.857, 50.3943, 40.7028, 79.949], [86.1527, 91.3499, 89.857, 50.3943, 40.7028, 79.949], [86.1527, 91.3499, 89.857, 50.3943, 40.7028, 79.949], [86.1527, 91.3499, 89.857, 50.3943, 40.7028, 79.949], [86.1527, 91.3499, 89.857, 50.3943, 40.7028, 79.949], [86.1527, 91.3499, 89.857, 50.3943, 40.7028, 79.949]], "total_test_time": 0, "total_train_time": 0}
{"round": 1, "acc": [[86.2275, 91.7723, 90.1239, 52.2906, 43.6101, 80.8163], [86.2275, 91.7723, 90.1239, 52.2906, 43.6101, 80.8163], [86.2275, 91.7723, 90.1239, 52.2906, 43.6101, 80.8163], [86.2275, 91.7723, 90.1239, 52.2906, 43.6101, 80.8163], [86.2275, 91.7723, 90.1239, 52.2906, 43.6101, 80.8163], [86.2275, 91.7723, 90.1239, 52.2906, 43.6101, 80.8163]], "total_test_time": 188.60428380966187, "total_train_time": 51.18362784385681}
{"round": 2, "acc": [[86.8638, 92.3049, 90.5434, 55.6515, 47.626, 81.4286], [86.8638, 92.3049, 90.5434, 55.6515, 47.626, 81.4286], [86.8638, 92.3049, 90.5434, 55.6515, 47.626, 81.4286], [86.8638, 92.3049, 90.5434, 55.6515, 47.626, 81.4286], [86.8638, 92.3049, 90.5434, 55.6515, 47.626, 81.4286], [86.8638, 92.3049, 90.5434, 55.6515, 47.626, 81.4286]], "total_test_time": 377.36427211761475, "total_train_time": 102.13822436332703}
{"round": 3, "acc": [[87.6123, 92.6538, 91.0772, 59.1063, 51.6628, 82.551], [87.6123, 92.6538, 91.0772, 59.1063, 51.6628, 82.551], [87.6123, 92.6538, 91.0772, 59.1063, 51.6628, 82.551], [87.6123, 92.6538, 91.0772, 59.1063, 51.6628, 82.551], [87.6123, 92.6538, 91.0772, 59.1063, 51.6628, 82.551], [87.6123, 92.6538, 91.0772, 59.1063, 51.6628, 82.551]], "total_test_time": 566.1959125995636, "total_train_time": 153.38216996192932}
{"round": 4, "acc": [[88.3608, 93.0395, 91.3251, 62.0916, 55.0931, 83.2653], [88.3608, 93.0395, 91.3251, 62.0916, 55.0931, 83.2653], [88.3608, 93.0395, 91.3251, 62.0916, 55.0931, 83.2653], [88.3608, 93.0395, 91.3251, 62.0916, 55.0931, 83.2653], [88.3608, 93.0395, 91.3251, 62.0916, 55.0931, 83.2653], [88.3608, 93.0395, 91.3251, 62.0916, 55.0931, 83.2653]], "total_test_time": 755.4736697673798, "total_train_time": 203.83770442008972}
{"round": 5, "acc": [[88.5479, 93.0946, 91.6492, 65.0394, 58.5861, 83.1633], [88.5479, 93.0946, 91.6492, 65.0394, 58.5861, 83.1633], [88.5479, 93.0946, 91.6492, 65.0394, 58.5861, 83.1633], [88.5479, 93.0946, 91.6492, 65.0394, 58.5861, 83.1633], [88.5479, 93.0946, 91.6492, 65.0394, 58.5861, 83.1633], [88.5479, 93.0946, 91.6492, 65.0394, 58.5861, 83.1633]], "total_test_time": 944.5096664428711, "total_train_time": 254.5297770500183}
{"round": 6, "acc": [[88.6976, 93.168, 91.4395, 65.8843, 59.6946, 83.5204], [88.6976, 93.168, 91.4395, 65.8843, 59.6946, 83.5204], [88.6976, 93.168, 91.4395, 65.8843, 59.6946, 83.5204], [88.6976, 93.168, 91.4395, 65.8843, 59.6946, 83.5204], [88.6976, 93.168, 91.4395, 65.8843, 59.6946, 83.5204], [88.6976, 93.168, 91.4395, 65.8843, 59.6946, 83.5204]], "total_test_time": 1133.907494544983, "total_train_time": 305.7368438243866}
{"round": 7, "acc": [[88.5853, 93.0211, 91.5539, 66.2035, 59.9038, 83.6735], [88.5853, 93.0211, 91.5539, 66.2035, 59.9038, 83.6735], [88.5853, 93.0211, 91.5539, 66.2035, 59.9038, 83.6735], [88.5853, 93.0211, 91.5539, 66.2035, 59.9038, 83.6735], [88.5853, 93.0211, 91.5539, 66.2035, 59.9038, 83.6735], [88.5853, 93.0211, 91.5539, 66.2035, 59.9038, 83.6735]], "total_test_time": 1323.8869087696075, "total_train_time": 356.02862882614136}
{"round": 17, "acc": [[86.7515, 91.9192, 90.429, 52.3282, 43.2336, 81.1735], [86.7515, 91.9192, 90.429, 52.3282, 43.2336, 81.1735], [86.7515, 91.9192, 90.429, 52.3282, 43.2336, 81.1735], [86.7515, 91.9192, 90.429, 52.3282, 43.2336, 81.1735], [86.7515, 91.9192, 90.429, 52.3282, 43.2336, 81.1735], [86.7515, 91.9192, 90.429, 52.3282, 43.2336, 81.1735]], "total_test_time": 1536.2806959152222, "total_train_time": 883.6648058891296}
