{"base_model": "CLIP", "dataset": "domainnet", "subset_size": 10, "image_encoder_name": "ViT-B-32", "optimizer": "AdamW", "batch_size": 32, "learning_rate": 0.001, "global_rounds": 200, "local_epochs": 1, "warm_up": 10, "seed": 1}
{"round": 0, "acc": [[94.5578, 94.9891, 98.1383, 67.2888, 59.5438, 93.3884], [94.5578, 94.9891, 98.1383, 67.2888, 59.5438, 93.3884], [94.5578, 94.9891, 98.1383, 67.2888, 59.5438, 93.3884], [94.5578, 94.9891, 98.1383, 67.2888, 59.5438, 93.3884], [94.5578, 94.9891, 98.1383, 67.2888, 59.5438, 93.3884], [94.5578, 94.9891, 98.1383, 67.2888, 59.5438, 93.3884]], "total_test_time": 0, "total_train_time": 0}
{"round": 1, "acc": [[94.7279, 95.098, 98.2713, 70.334, 61.3445, 92.9752], [94.7279, 95.098, 98.2713, 70.334, 61.3445, 92.9752], [94.7279, 95.098, 98.2713, 70.334, 61.3445, 92.9752], [94.7279, 95.098, 98.2713, 70.334, 61.3445, 92.9752], [94.7279, 95.098, 98.2713, 70.334, 61.3445, 92.9752], [94.7279, 95.098, 98.2713, 70.334, 61.3445, 92.9752]], "total_test_time": 42.76745343208313, "total_train_time": 12.841248989105225}
{"round": 2, "acc": [[95.5782, 95.207, 98.6702, 73.4774, 68.0672, 93.3884], [95.5782, 95.207, 98.6702, 73.4774, 68.0672, 93.3884], [95.5782, 95.207, 98.6702, 73.4774, 68.0672, 93.3884], [95.5782, 95.207, 98.6702, 73.4774, 68.0672, 93.3884], [95.5782, 95.207, 98.6702, 73.4774, 68.0672, 93.3884], [95.5782, 95.207, 98.6702, 73.4774, 68.0672, 93.3884]], "total_test_time": 92.43769550323486, "total_train_time": 24.37987756729126}
{"round": 3, "acc": [[96.4286, 95.5338, 98.8032, 78.5855, 75.03, 94.6281], [96.4286, 95.5338, 98.8032, 78.5855, 75.03, 94.6281], [96.4286, 95.5338, 98.8032, 78.5855, 75.03, 94.6281], [96.4286, 95.5338, 98.8032, 78.5855, 75.03, 94.6281], [96.4286, 95.5338, 98.8032, 78.5855, 75.03, 94.6281], [96.4286, 95.5338, 98.8032, 78.5855, 75.03, 94.6281]], "total_test_time": 136.86503434181213, "total_train_time": 33.59847116470337}
{"round": 4, "acc": [[96.7687, 95.6427, 99.0691, 84.4794, 81.5126, 95.0413], [96.7687, 95.6427, 99.0691, 84.4794, 81.5126, 95.0413], [96.7687, 95.6427, 99.0691, 84.4794, 81.5126, 95.0413], [96.7687, 95.6427, 99.0691, 84.4794, 81.5126, 95.0413], [96.7687, 95.6427, 99.0691, 84.4794, 81.5126, 95.0413], [96.7687, 95.6427, 99.0691, 84.4794, 81.5126, 95.0413]], "total_test_time": 179.9707989692688, "total_train_time": 44.939692974090576}
{"round": 5, "acc": [[96.7687, 95.8606, 99.2021, 87.9175, 85.2341, 95.0413], [96.7687, 95.8606, 99.2021, 87.9175, 85.2341, 95.0413], [96.7687, 95.8606, 99.2021, 87.9175, 85.2341, 95.0413], [96.7687, 95.8606, 99.2021, 87.9175, 85.2341, 95.0413], [96.7687, 95.8606, 99.2021, 87.9175, 85.2341, 95.0413], [96.7687, 95.8606, 99.2021, 87.9175, 85.2341, 95.0413]], "total_test_time": 230.06302881240845, "total_train_time": 56.482967138290405}
{"round": 6, "acc": [[96.2585, 95.8606, 99.2021, 88.8998, 85.8343, 95.0413], [96.2585, 95.8606, 99.2021, 88.8998, 85.8343, 95.0413], [96.2585, 95.8606, 99.2021, 88.8998, 85.8343, 95.0413], [96.2585, 95.8606, 99.2021, 88.8998, 85.8343, 95.0413], [96.2585, 95.8606, 99.2021, 88.8998, 85.8343, 95.0413], [96.2585, 95.8606, 99.2021, 88.8998, 85.8343, 95.0413]], "total_test_time": 273.99504828453064, "total_train_time": 65.70853686332703}
{"round": 7, "acc": [[96.5986, 95.9695, 99.0691, 90.1768, 87.1549, 95.8678], [96.5986, 95.9695, 99.0691, 90.1768, 87.1549, 95.8678], [96.5986, 95.9695, 99.0691, 90.1768, 87.1549, 95.8678], [96.5986, 95.9695, 99.0691, 90.1768, 87.1549, 95.8678], [96.5986, 95.9695, 99.0691, 90.1768, 87.1549, 95.8678], [96.5986, 95.9695, 99.0691, 90.1768, 87.1549, 95.8678]], "total_test_time": 318.3311309814453, "total_train_time": 76.45373821258545}
{"round": 8, "acc": [[96.0884, 96.1874, 99.2021, 91.0609, 88.1152, 95.4545], [96.0884, 96.1874, 99.2021, 91.0609, 88.1152, 95.4545], [96.0884, 96.1874, 99.2021, 91.0609, 88.1152, 95.4545], [96.0884, 96.1874, 99.2021, 91.0609, 88.1152, 95.4545], [96.0884, 96.1874, 99.2021, 91.0609, 88.1152, 95.4545], [96.0884, 96.1874, 99.2021, 91.0609, 88.1152, 95.4545]], "total_test_time": 362.921635389328, "total_train_time": 85.7050621509552}
{"round": 18, "acc": [[94.7279, 96.732, 98.6702, 89.5874, 88.2353, 95.8678], [94.7279, 96.732, 98.6702, 89.5874, 88.2353, 95.8678], [94.7279, 96.732, 98.6702, 89.5874, 88.2353, 95.8678], [94.7279, 96.732, 98.6702, 89.5874, 88.2353, 95.8678], [94.7279, 96.732, 98.6702, 89.5874, 88.2353, 95.8678], [94.7279, 96.732, 98.6702, 89.5874, 88.2353, 95.8678]], "total_test_time": 405.60172986984253, "total_train_time": 206.75860786437988}
