{"base_model": "CLIP", "dataset": "domainnet", "subset_size": 50, "image_encoder_name": "ViT-B-32", "optimizer": "AdamW", "batch_size": 32, "learning_rate": 0.001, "global_rounds": 200, "local_epochs": 1, "warm_up": 10, "seed": 1}
{"round": 0, "acc": [[87.871, 89.1973, 91.1881, 60.7047, 37.0048, 76.2661], [87.871, 89.1973, 91.1881, 60.7047, 37.0048, 76.2661], [87.871, 89.1973, 91.1881, 60.7047, 37.0048, 76.2661], [87.871, 89.1973, 91.1881, 60.7047, 37.0048, 76.2661], [87.871, 89.1973, 91.1881, 60.7047, 37.0048, 76.2661], [87.871, 89.1973, 91.1881, 60.7047, 37.0048, 76.2661]], "total_test_time": 0, "total_train_time": 0}
{"round": 1, "acc": [[88.3441, 89.5602, 91.3357, 62.1634, 39.3272, 77.0109], [88.3441, 89.5602, 91.3357, 62.1634, 39.3272, 77.0109], [88.3441, 89.5602, 91.3357, 62.1634, 39.3272, 77.0109], [88.3441, 89.5602, 91.3357, 62.1634, 39.3272, 77.0109], [88.3441, 89.5602, 91.3357, 62.1634, 39.3272, 77.0109], [88.3441, 89.5602, 91.3357, 62.1634, 39.3272, 77.0109]], "total_test_time": 190.45768213272095, "total_train_time": 52.20515441894531}
{"round": 2, "acc": [[88.5161, 89.8377, 91.467, 63.7792, 42.2814, 77.855], [88.5161, 89.8377, 91.467, 63.7792, 42.2814, 77.855], [88.5161, 89.8377, 91.467, 63.7792, 42.2814, 77.855], [88.5161, 89.8377, 91.467, 63.7792, 42.2814, 77.855], [88.5161, 89.8377, 91.467, 63.7792, 42.2814, 77.855], [88.5161, 89.8377, 91.467, 63.7792, 42.2814, 77.855]], "total_test_time": 378.1561322212219, "total_train_time": 104.96411347389221}
{"round": 3, "acc": [[88.9032, 90.222, 91.7788, 65.6418, 45.1332, 78.4012], [88.9032, 90.222, 91.7788, 65.6418, 45.1332, 78.4012], [88.9032, 90.222, 91.7788, 65.6418, 45.1332, 78.4012], [88.9032, 90.222, 91.7788, 65.6418, 45.1332, 78.4012], [88.9032, 90.222, 91.7788, 65.6418, 45.1332, 78.4012], [88.9032, 90.222, 91.7788, 65.6418, 45.1332, 78.4012]], "total_test_time": 569.6900863647461, "total_train_time": 158.7378191947937}
{"round": 4, "acc": [[89.3333, 90.6277, 91.9757, 66.3375, 46.653, 78.9474], [89.3333, 90.6277, 91.9757, 66.3375, 46.653, 78.9474], [89.3333, 90.6277, 91.9757, 66.3375, 46.653, 78.9474], [89.3333, 90.6277, 91.9757, 66.3375, 46.653, 78.9474], [89.3333, 90.6277, 91.9757, 66.3375, 46.653, 78.9474], [89.3333, 90.6277, 91.9757, 66.3375, 46.653, 78.9474]], "total_test_time": 759.4217491149902, "total_train_time": 210.9997582435608}
{"round": 5, "acc": [[89.5914, 90.585, 92.1234, 67.7513, 47.763, 79.2949], [89.5914, 90.585, 92.1234, 67.7513, 47.763, 79.2949], [89.5914, 90.585, 92.1234, 67.7513, 47.763, 79.2949], [89.5914, 90.585, 92.1234, 67.7513, 47.763, 79.2949], [89.5914, 90.585, 92.1234, 67.7513, 47.763, 79.2949], [89.5914, 90.585, 92.1234, 67.7513, 47.763, 79.2949]], "total_test_time": 950.3943967819214, "total_train_time": 263.4133687019348}
{"round": 6, "acc": [[89.8925, 90.649, 92.2547, 68.8734, 49.6414, 79.5432], [89.8925, 90.649, 92.2547, 68.8734, 49.6414, 79.5432], [89.8925, 90.649, 92.2547, 68.8734, 49.6414, 79.5432], [89.8925, 90.649, 92.2547, 68.8734, 49.6414, 79.5432], [89.8925, 90.649, 92.2547, 68.8734, 49.6414, 79.5432], [89.8925, 90.649, 92.2547, 68.8734, 49.6414, 79.5432]], "total_test_time": 1140.1517217159271, "total_train_time": 315.57129979133606}
{"round": 8, "acc": [[89.9785, 90.6704, 92.386, 68.6715, 50.0342, 79.7915], [89.9785, 90.6704, 92.386, 68.6715, 50.0342, 79.7915], [89.9785, 90.6704, 92.386, 68.6715, 50.0342, 79.7915], [89.9785, 90.6704, 92.386, 68.6715, 50.0342, 79.7915], [89.9785, 90.6704, 92.386, 68.6715, 50.0342, 79.7915], [89.9785, 90.6704, 92.386, 68.6715, 50.0342, 79.7915]], "total_test_time": 1330.2318770885468, "total_train_time": 420.5584645271301}
{"round": 11, "acc": [[90.0215, 90.6704, 92.2547, 69.4794, 50.4611, 79.7915], [90.0215, 90.6704, 92.2547, 69.4794, 50.4611, 79.7915], [90.0215, 90.6704, 92.2547, 69.4794, 50.4611, 79.7915], [90.0215, 90.6704, 92.2547, 69.4794, 50.4611, 79.7915], [90.0215, 90.6704, 92.2547, 69.4794, 50.4611, 79.7915], [90.0215, 90.6704, 92.2547, 69.4794, 50.4611, 79.7915]], "total_test_time": 1519.8669888973236, "total_train_time": 579.3469097614288}
{"round": 12, "acc": [[89.7204, 90.6704, 92.2054, 69.7262, 51.8443, 79.9901], [89.7204, 90.6704, 92.2054, 69.7262, 51.8443, 79.9901], [89.7204, 90.6704, 92.2054, 69.7262, 51.8443, 79.9901], [89.7204, 90.6704, 92.2054, 69.7262, 51.8443, 79.9901], [89.7204, 90.6704, 92.2054, 69.7262, 51.8443, 79.9901], [89.7204, 90.6704, 92.2054, 69.7262, 51.8443, 79.9901]], "total_test_time": 1709.785115480423, "total_train_time": 631.8111591339111}
{"round": 19, "acc": [[89.7634, 90.6063, 92.3039, 70.1077, 52.4761, 79.8908], [89.7634, 90.6063, 92.3039, 70.1077, 52.4761, 79.8908], [89.7634, 90.6063, 92.3039, 70.1077, 52.4761, 79.8908], [89.7634, 90.6063, 92.3039, 70.1077, 52.4761, 79.8908], [89.7634, 90.6063, 92.3039, 70.1077, 52.4761, 79.8908], [89.7634, 90.6063, 92.3039, 70.1077, 52.4761, 79.8908]], "total_test_time": 1898.0479514598846, "total_train_time": 1000.6121666431427}
{"round": 29, "acc": [[89.0753, 90.3928, 91.9921, 67.3474, 47.7459, 78.6991], [89.0753, 90.3928, 91.9921, 67.3474, 47.7459, 78.6991], [89.0753, 90.3928, 91.9921, 67.3474, 47.7459, 78.6991], [89.0753, 90.3928, 91.9921, 67.3474, 47.7459, 78.6991], [89.0753, 90.3928, 91.9921, 67.3474, 47.7459, 78.6991], [89.0753, 90.3928, 91.9921, 67.3474, 47.7459, 78.6991]], "total_test_time": 2090.154433488846, "total_train_time": 1538.8610639572144}
