{"base_model": "CLIP", "dataset": "domainnet", "subset_size": 50, "image_encoder_name": "ViT-B-32", "optimizer": "AdamW", "batch_size": 32, "learning_rate": 0.001, "global_rounds": 200, "local_epochs": 1, "warm_up": 10, "seed": 1}
{"round": 0, "acc": [[87.0244, 90.5429, 90.4107, 54.906, 38.8565, 77.8841], [87.0244, 90.5429, 90.4107, 54.906, 38.8565, 77.8841], [87.0244, 90.5429, 90.4107, 54.906, 38.8565, 77.8841], [87.0244, 90.5429, 90.4107, 54.906, 38.8565, 77.8841], [87.0244, 90.5429, 90.4107, 54.906, 38.8565, 77.8841], [87.0244, 90.5429, 90.4107, 54.906, 38.8565, 77.8841]], "total_test_time": 0, "total_train_time": 0}
{"round": 1, "acc": [[87.3448, 90.9181, 90.6046, 56.6026, 41.4708, 78.7406], [87.3448, 90.9181, 90.6046, 56.6026, 41.4708, 78.7406], [87.3448, 90.9181, 90.6046, 56.6026, 41.4708, 78.7406], [87.3448, 90.9181, 90.6046, 56.6026, 41.4708, 78.7406], [87.3448, 90.9181, 90.6046, 56.6026, 41.4708, 78.7406], [87.3448, 90.9181, 90.6046, 56.6026, 41.4708, 78.7406]], "total_test_time": 189.1118869781494, "total_train_time": 49.71325492858887}
{"round": 2, "acc": [[87.9055, 91.1747, 90.9219, 59.1783, 45.0254, 79.6474], [87.9055, 91.1747, 90.9219, 59.1783, 45.0254, 79.6474], [87.9055, 91.1747, 90.9219, 59.1783, 45.0254, 79.6474], [87.9055, 91.1747, 90.9219, 59.1783, 45.0254, 79.6474], [87.9055, 91.1747, 90.9219, 59.1783, 45.0254, 79.6474], [87.9055, 91.1747, 90.9219, 59.1783, 45.0254, 79.6474]], "total_test_time": 378.8322219848633, "total_train_time": 98.72077345848083}
{"round": 3, "acc": [[88.4261, 91.6288, 91.2216, 61.5699, 48.3167, 80.403], [88.4261, 91.6288, 91.2216, 61.5699, 48.3167, 80.403], [88.4261, 91.6288, 91.2216, 61.5699, 48.3167, 80.403], [88.4261, 91.6288, 91.2216, 61.5699, 48.3167, 80.403], [88.4261, 91.6288, 91.2216, 61.5699, 48.3167, 80.403], [88.4261, 91.6288, 91.2216, 61.5699, 48.3167, 80.403]], "total_test_time": 568.233072757721, "total_train_time": 147.99082326889038}
{"round": 4, "acc": [[89.0268, 92.0237, 91.5389, 63.6345, 50.8181, 80.7053], [89.0268, 92.0237, 91.5389, 63.6345, 50.8181, 80.7053], [89.0268, 92.0237, 91.5389, 63.6345, 50.8181, 80.7053], [89.0268, 92.0237, 91.5389, 63.6345, 50.8181, 80.7053], [89.0268, 92.0237, 91.5389, 63.6345, 50.8181, 80.7053], [89.0268, 92.0237, 91.5389, 63.6345, 50.8181, 80.7053]], "total_test_time": 756.9304420948029, "total_train_time": 196.8960576057434}
{"round": 5, "acc": [[89.3072, 92.0632, 91.909, 65.7604, 53.1127, 81.2091], [89.3072, 92.0632, 91.909, 65.7604, 53.1127, 81.2091], [89.3072, 92.0632, 91.909, 65.7604, 53.1127, 81.2091], [89.3072, 92.0632, 91.909, 65.7604, 53.1127, 81.2091], [89.3072, 92.0632, 91.909, 65.7604, 53.1127, 81.2091], [89.3072, 92.0632, 91.909, 65.7604, 53.1127, 81.2091]], "total_test_time": 946.8528714179993, "total_train_time": 246.38766622543335}
{"round": 6, "acc": [[89.4674, 92.1619, 91.9796, 65.372, 53.4136, 81.4106], [89.4674, 92.1619, 91.9796, 65.372, 53.4136, 81.4106], [89.4674, 92.1619, 91.9796, 65.372, 53.4136, 81.4106], [89.4674, 92.1619, 91.9796, 65.372, 53.4136, 81.4106], [89.4674, 92.1619, 91.9796, 65.372, 53.4136, 81.4106], [89.4674, 92.1619, 91.9796, 65.372, 53.4136, 81.4106]], "total_test_time": 1135.8444499969482, "total_train_time": 295.3164978027344}
{"round": 7, "acc": [[89.3072, 92.2606, 91.8033, 66.7416, 55.0686, 81.3602], [89.3072, 92.2606, 91.8033, 66.7416, 55.0686, 81.3602], [89.3072, 92.2606, 91.8033, 66.7416, 55.0686, 81.3602], [89.3072, 92.2606, 91.8033, 66.7416, 55.0686, 81.3602], [89.3072, 92.2606, 91.8033, 66.7416, 55.0686, 81.3602], [89.3072, 92.2606, 91.8033, 66.7416, 55.0686, 81.3602]], "total_test_time": 1324.2956438064575, "total_train_time": 344.86128067970276}
{"round": 8, "acc": [[89.4273, 92.1619, 91.8385, 66.946, 54.9558, 81.3602], [89.4273, 92.1619, 91.8385, 66.946, 54.9558, 81.3602], [89.4273, 92.1619, 91.8385, 66.946, 54.9558, 81.3602], [89.4273, 92.1619, 91.8385, 66.946, 54.9558, 81.3602], [89.4273, 92.1619, 91.8385, 66.946, 54.9558, 81.3602], [89.4273, 92.1619, 91.8385, 66.946, 54.9558, 81.3602]], "total_test_time": 1513.5628519058228, "total_train_time": 394.2593855857849}
{"round": 18, "acc": [[88.5463, 91.9645, 91.3802, 61.8152, 49.2383, 80.4534], [88.5463, 91.9645, 91.3802, 61.8152, 49.2383, 80.4534], [88.5463, 91.9645, 91.3802, 61.8152, 49.2383, 80.4534], [88.5463, 91.9645, 91.3802, 61.8152, 49.2383, 80.4534], [88.5463, 91.9645, 91.3802, 61.8152, 49.2383, 80.4534], [88.5463, 91.9645, 91.3802, 61.8152, 49.2383, 80.4534]], "total_test_time": 1702.1967551708221, "total_train_time": 888.3297727108002}
