{"base_model": "CLIP", "dataset": "domainnet", "subset_size": 10, "image_encoder_name": "ViT-B-32", "optimizer": "AdamW", "batch_size": 32, "learning_rate": 0.001, "global_rounds": 200, "local_epochs": 1, "warm_up": 10, "seed": 1}
{"round": 0, "acc": [[94.0476, 94.9891, 98.4043, 91.0609, 87.395, 94.6281], [94.0476, 94.9891, 98.4043, 91.0609, 87.395, 94.6281], [94.0476, 94.9891, 98.4043, 91.0609, 87.395, 94.6281], [94.0476, 94.9891, 98.4043, 91.0609, 87.395, 94.6281], [94.0476, 94.9891, 98.4043, 91.0609, 87.395, 94.6281], [94.0476, 94.9891, 98.4043, 91.0609, 87.395, 94.6281]], "total_test_time": 39.74245357513428, "total_train_time": 1.6954574584960938}
