{"base_model": "CLIP", "dataset": "data2", "subset_size": 10, "image_encoder_name": "ViT-B-32", "optimizer": "AdamW", "batch_size": 128, "learning_rate": 0.001, "global_rounds": 50, "local_epochs": 1, "warm_up": 5, "seed": 1}
{"round": 49, "acc": [[98.3766, 94.5665, 99.692, 97.3585, 90.5333, 85.6322], [97.7273, 95.0289, 99.7947, 97.3585, 88.0, 85.6322], [98.3766, 94.4509, 99.692, 97.5472, 89.5333, 87.931], [98.3766, 94.3353, 99.5893, 97.7358, 90.9333, 86.7816], [98.7013, 94.104, 99.5893, 97.1698, 91.5333, 85.0575], [98.0519, 93.526, 99.692, 97.5472, 89.8, 86.7816]], "total_test_time": 0.0002684593200683594, "total_train_time": 1127.9810671806335}
