{"base_model": "CLIP", "dataset": "domainnet", "subset_size": 50, "image_encoder_name": "ViT-B-32", "optimizer": "AdamW", "batch_size": 32, "learning_rate": 0.001, "global_rounds": 200, "local_epochs": 1, "warm_up": 10, "seed": 1}
{"round": 0, "acc": [[87.0244, 90.5429, 90.4107, 54.906, 38.8565, 77.8841], [87.0244, 90.5429, 90.4107, 54.906, 38.8565, 77.8841], [87.0244, 90.5429, 90.4107, 54.906, 38.8565, 77.8841], [87.0244, 90.5429, 90.4107, 54.906, 38.8565, 77.8841], [87.0244, 90.5429, 90.4107, 54.906, 38.8565, 77.8841], [87.0244, 90.5429, 90.4107, 54.906, 38.8565, 77.8841]], "total_test_time": 0, "total_train_time": 0}
{"round": 1, "acc": [[87.3448, 90.9576, 90.5694, 56.7253, 41.4896, 78.7909], [87.3448, 90.9576, 90.5694, 56.7253, 41.4896, 78.7909], [87.3448, 90.9576, 90.5694, 56.7253, 41.4896, 78.7909], [87.3448, 90.9576, 90.5694, 56.7253, 41.4896, 78.7909], [87.3448, 90.9576, 90.5694, 56.7253, 41.4896, 78.7909], [87.3448, 90.9576, 90.5694, 56.7253, 41.4896, 78.7909]], "total_test_time": 188.2417299747467, "total_train_time": 52.09843873977661}
{"round": 2, "acc": [[88.0657, 91.2142, 90.9572, 59.1783, 45.2511, 79.5466], [88.0657, 91.2142, 90.9572, 59.1783, 45.2511, 79.5466], [88.0657, 91.2142, 90.9572, 59.1783, 45.2511, 79.5466], [88.0657, 91.2142, 90.9572, 59.1783, 45.2511, 79.5466], [88.0657, 91.2142, 90.9572, 59.1783, 45.2511, 79.5466], [88.0657, 91.2142, 90.9572, 59.1783, 45.2511, 79.5466]], "total_test_time": 377.76875376701355, "total_train_time": 103.63298010826111}
{"round": 3, "acc": [[88.5463, 91.7078, 91.345, 61.5495, 48.6741, 80.4534], [88.5463, 91.7078, 91.345, 61.5495, 48.6741, 80.4534], [88.5463, 91.7078, 91.345, 61.5495, 48.6741, 80.4534], [88.5463, 91.7078, 91.345, 61.5495, 48.6741, 80.4534], [88.5463, 91.7078, 91.345, 61.5495, 48.6741, 80.4534], [88.5463, 91.7078, 91.345, 61.5495, 48.6741, 80.4534]], "total_test_time": 565.7081422805786, "total_train_time": 155.38164114952087}
{"round": 4, "acc": [[88.9467, 91.9645, 91.6623, 64.0229, 51.3636, 80.7557], [88.9467, 91.9645, 91.6623, 64.0229, 51.3636, 80.7557], [88.9467, 91.9645, 91.6623, 64.0229, 51.3636, 80.7557], [88.9467, 91.9645, 91.6623, 64.0229, 51.3636, 80.7557], [88.9467, 91.9645, 91.6623, 64.0229, 51.3636, 80.7557], [88.9467, 91.9645, 91.6623, 64.0229, 51.3636, 80.7557]], "total_test_time": 754.7632260322571, "total_train_time": 206.65047669410706}
{"round": 5, "acc": [[89.187, 92.0434, 91.9267, 65.2289, 52.9434, 80.9572], [89.187, 92.0434, 91.9267, 65.2289, 52.9434, 80.9572], [89.187, 92.0434, 91.9267, 65.2289, 52.9434, 80.9572], [89.187, 92.0434, 91.9267, 65.2289, 52.9434, 80.9572], [89.187, 92.0434, 91.9267, 65.2289, 52.9434, 80.9572], [89.187, 92.0434, 91.9267, 65.2289, 52.9434, 80.9572]], "total_test_time": 944.6847710609436, "total_train_time": 257.63319635391235}
{"round": 6, "acc": [[89.1069, 92.1619, 91.9796, 66.2306, 54.5608, 81.2091], [89.1069, 92.1619, 91.9796, 66.2306, 54.5608, 81.2091], [89.1069, 92.1619, 91.9796, 66.2306, 54.5608, 81.2091], [89.1069, 92.1619, 91.9796, 66.2306, 54.5608, 81.2091], [89.1069, 92.1619, 91.9796, 66.2306, 54.5608, 81.2091], [89.1069, 92.1619, 91.9796, 66.2306, 54.5608, 81.2091]], "total_test_time": 1131.876710176468, "total_train_time": 308.8661198616028}
{"round": 7, "acc": [[89.3873, 92.3988, 91.9443, 66.8029, 54.6737, 81.2091], [89.3873, 92.3988, 91.9443, 66.8029, 54.6737, 81.2091], [89.3873, 92.3988, 91.9443, 66.8029, 54.6737, 81.2091], [89.3873, 92.3988, 91.9443, 66.8029, 54.6737, 81.2091], [89.3873, 92.3988, 91.9443, 66.8029, 54.6737, 81.2091], [89.3873, 92.3988, 91.9443, 66.8029, 54.6737, 81.2091]], "total_test_time": 1319.168820142746, "total_train_time": 360.0684702396393}
{"round": 8, "acc": [[89.4674, 92.0632, 91.8209, 67.9068, 56.987, 81.5617], [89.4674, 92.0632, 91.8209, 67.9068, 56.987, 81.5617], [89.4674, 92.0632, 91.8209, 67.9068, 56.987, 81.5617], [89.4674, 92.0632, 91.8209, 67.9068, 56.987, 81.5617], [89.4674, 92.0632, 91.8209, 67.9068, 56.987, 81.5617], [89.4674, 92.0632, 91.8209, 67.9068, 56.987, 81.5617]], "total_test_time": 1507.6556510925293, "total_train_time": 411.01938796043396}
{"round": 18, "acc": [[88.5463, 91.7275, 91.5212, 62.5511, 49.9718, 80.6045], [88.5463, 91.7275, 91.5212, 62.5511, 49.9718, 80.6045], [88.5463, 91.7275, 91.5212, 62.5511, 49.9718, 80.6045], [88.5463, 91.7275, 91.5212, 62.5511, 49.9718, 80.6045], [88.5463, 91.7275, 91.5212, 62.5511, 49.9718, 80.6045], [88.5463, 91.7275, 91.5212, 62.5511, 49.9718, 80.6045]], "total_test_time": 1695.2057287693024, "total_train_time": 943.1092848777771}
