{"base_model": "CLIP", "dataset": "domainnet", "subset_size": 50, "image_encoder_name": "ViT-B-32", "optimizer": "AdamW", "batch_size": 32, "learning_rate": 0.001, "global_rounds": 200, "local_epochs": 1, "warm_up": 10, "seed": 1}
{"round": 0, "acc": [[86.1527, 91.3499, 89.857, 50.3943, 40.7028, 79.949], [86.1527, 91.3499, 89.857, 50.3943, 40.7028, 79.949], [86.1527, 91.3499, 89.857, 50.3943, 40.7028, 79.949], [86.1527, 91.3499, 89.857, 50.3943, 40.7028, 79.949], [86.1527, 91.3499, 89.857, 50.3943, 40.7028, 79.949], [86.1527, 91.3499, 89.857, 50.3943, 40.7028, 79.949]], "total_test_time": 0, "total_train_time": 0}
{"round": 1, "acc": [[86.1901, 91.7539, 90.143, 52.4784, 43.5474, 80.8163], [86.1901, 91.7539, 90.143, 52.4784, 43.5474, 80.8163], [86.1901, 91.7539, 90.143, 52.4784, 43.5474, 80.8163], [86.1901, 91.7539, 90.143, 52.4784, 43.5474, 80.8163], [86.1901, 91.7539, 90.143, 52.4784, 43.5474, 80.8163], [86.1901, 91.7539, 90.143, 52.4784, 43.5474, 80.8163]], "total_test_time": 188.2719783782959, "total_train_time": 51.74856352806091}
{"round": 2, "acc": [[86.976, 92.213, 90.5052, 56.2148, 47.877, 81.4796], [86.976, 92.213, 90.5052, 56.2148, 47.877, 81.4796], [86.976, 92.213, 90.5052, 56.2148, 47.877, 81.4796], [86.976, 92.213, 90.5052, 56.2148, 47.877, 81.4796], [86.976, 92.213, 90.5052, 56.2148, 47.877, 81.4796], [86.976, 92.213, 90.5052, 56.2148, 47.877, 81.4796]], "total_test_time": 376.8722240924835, "total_train_time": 102.60038805007935}
{"round": 3, "acc": [[87.7246, 92.6722, 90.9438, 59.2189, 52.1857, 82.398], [87.7246, 92.6722, 90.9438, 59.2189, 52.1857, 82.398], [87.7246, 92.6722, 90.9438, 59.2189, 52.1857, 82.398], [87.7246, 92.6722, 90.9438, 59.2189, 52.1857, 82.398], [87.7246, 92.6722, 90.9438, 59.2189, 52.1857, 82.398], [87.7246, 92.6722, 90.9438, 59.2189, 52.1857, 82.398]], "total_test_time": 565.5810339450836, "total_train_time": 153.74660086631775}
{"round": 4, "acc": [[88.4356, 92.9293, 91.2869, 61.9226, 55.0722, 83.1122], [88.4356, 92.9293, 91.2869, 61.9226, 55.0722, 83.1122], [88.4356, 92.9293, 91.2869, 61.9226, 55.0722, 83.1122], [88.4356, 92.9293, 91.2869, 61.9226, 55.0722, 83.1122], [88.4356, 92.9293, 91.2869, 61.9226, 55.0722, 83.1122], [88.4356, 92.9293, 91.2869, 61.9226, 55.0722, 83.1122]], "total_test_time": 754.7864589691162, "total_train_time": 204.6967842578888}
{"round": 5, "acc": [[88.2111, 93.1313, 91.4967, 64.3259, 57.7285, 83.3163], [88.2111, 93.1313, 91.4967, 64.3259, 57.7285, 83.3163], [88.2111, 93.1313, 91.4967, 64.3259, 57.7285, 83.3163], [88.2111, 93.1313, 91.4967, 64.3259, 57.7285, 83.3163], [88.2111, 93.1313, 91.4967, 64.3259, 57.7285, 83.3163], [88.2111, 93.1313, 91.4967, 64.3259, 57.7285, 83.3163]], "total_test_time": 944.0489857196808, "total_train_time": 255.54940485954285}
{"round": 6, "acc": [[88.6602, 93.0211, 91.5157, 65.8468, 59.611, 83.6224], [88.6602, 93.0211, 91.5157, 65.8468, 59.611, 83.6224], [88.6602, 93.0211, 91.5157, 65.8468, 59.611, 83.6224], [88.6602, 93.0211, 91.5157, 65.8468, 59.611, 83.6224], [88.6602, 93.0211, 91.5157, 65.8468, 59.611, 83.6224], [88.6602, 93.0211, 91.5157, 65.8468, 59.611, 83.6224]], "total_test_time": 1133.1767482757568, "total_train_time": 306.7989616394043}
{"round": 7, "acc": [[88.6228, 93.2415, 91.592, 66.6166, 60.3639, 83.7245], [88.6228, 93.2415, 91.592, 66.6166, 60.3639, 83.7245], [88.6228, 93.2415, 91.592, 66.6166, 60.3639, 83.7245], [88.6228, 93.2415, 91.592, 66.6166, 60.3639, 83.7245], [88.6228, 93.2415, 91.592, 66.6166, 60.3639, 83.7245], [88.6228, 93.2415, 91.592, 66.6166, 60.3639, 83.7245]], "total_test_time": 1321.8823339939117, "total_train_time": 357.8527135848999}
{"round": 8, "acc": [[88.6602, 93.1129, 91.4776, 66.579, 60.3849, 83.8776], [88.6602, 93.1129, 91.4776, 66.579, 60.3849, 83.8776], [88.6602, 93.1129, 91.4776, 66.579, 60.3849, 83.8776], [88.6602, 93.1129, 91.4776, 66.579, 60.3849, 83.8776], [88.6602, 93.1129, 91.4776, 66.579, 60.3849, 83.8776], [88.6602, 93.1129, 91.4776, 66.579, 60.3849, 83.8776]], "total_test_time": 1510.9786596298218, "total_train_time": 408.7514283657074}
{"round": 18, "acc": [[86.5269, 92.1028, 90.5052, 51.7649, 42.3133, 80.6633], [86.5269, 92.1028, 90.5052, 51.7649, 42.3133, 80.6633], [86.5269, 92.1028, 90.5052, 51.7649, 42.3133, 80.6633], [86.5269, 92.1028, 90.5052, 51.7649, 42.3133, 80.6633], [86.5269, 92.1028, 90.5052, 51.7649, 42.3133, 80.6633], [86.5269, 92.1028, 90.5052, 51.7649, 42.3133, 80.6633]], "total_test_time": 1699.2133400440216, "total_train_time": 921.3588078022003}
