{"base_model": "CLIP", "dataset": "domainnet", "subset_size": 50, "image_encoder_name": "ViT-B-32", "optimizer": "AdamW", "batch_size": 32, "learning_rate": 0.001, "global_rounds": 200, "local_epochs": 1, "warm_up": 10, "seed": 1}
{"round": 0, "acc": [[87.871, 89.1973, 91.1881, 60.7047, 37.0048, 76.2661], [87.871, 89.1973, 91.1881, 60.7047, 37.0048, 76.2661], [87.871, 89.1973, 91.1881, 60.7047, 37.0048, 76.2661], [87.871, 89.1973, 91.1881, 60.7047, 37.0048, 76.2661], [87.871, 89.1973, 91.1881, 60.7047, 37.0048, 76.2661], [87.871, 89.1973, 91.1881, 60.7047, 37.0048, 76.2661]], "total_test_time": 0, "total_train_time": 0}
{"round": 1, "acc": [[88.2151, 89.5175, 91.2537, 62.1409, 39.3613, 76.9613], [88.2151, 89.5175, 91.2537, 62.1409, 39.3613, 76.9613], [88.2151, 89.5175, 91.2537, 62.1409, 39.3613, 76.9613], [88.2151, 89.5175, 91.2537, 62.1409, 39.3613, 76.9613], [88.2151, 89.5175, 91.2537, 62.1409, 39.3613, 76.9613], [88.2151, 89.5175, 91.2537, 62.1409, 39.3613, 76.9613]], "total_test_time": 198.5812211036682, "total_train_time": 50.50600004196167}
{"round": 2, "acc": [[88.5591, 89.795, 91.4998, 63.9363, 42.7425, 77.855], [88.5591, 89.795, 91.4998, 63.9363, 42.7425, 77.855], [88.5591, 89.795, 91.4998, 63.9363, 42.7425, 77.855], [88.5591, 89.795, 91.4998, 63.9363, 42.7425, 77.855], [88.5591, 89.795, 91.4998, 63.9363, 42.7425, 77.855], [88.5591, 89.795, 91.4998, 63.9363, 42.7425, 77.855]], "total_test_time": 384.77828001976013, "total_train_time": 100.88628721237183}
{"round": 3, "acc": [[88.9462, 90.158, 91.746, 65.5296, 44.9112, 78.5501], [88.9462, 90.158, 91.746, 65.5296, 44.9112, 78.5501], [88.9462, 90.158, 91.746, 65.5296, 44.9112, 78.5501], [88.9462, 90.158, 91.746, 65.5296, 44.9112, 78.5501], [88.9462, 90.158, 91.746, 65.5296, 44.9112, 78.5501], [88.9462, 90.158, 91.746, 65.5296, 44.9112, 78.5501]], "total_test_time": 571.5186793804169, "total_train_time": 152.42309474945068}
{"round": 4, "acc": [[89.2043, 90.4569, 92.0742, 66.7639, 46.7896, 79.0467], [89.2043, 90.4569, 92.0742, 66.7639, 46.7896, 79.0467], [89.2043, 90.4569, 92.0742, 66.7639, 46.7896, 79.0467], [89.2043, 90.4569, 92.0742, 66.7639, 46.7896, 79.0467], [89.2043, 90.4569, 92.0742, 66.7639, 46.7896, 79.0467], [89.2043, 90.4569, 92.0742, 66.7639, 46.7896, 79.0467]], "total_test_time": 761.7167890071869, "total_train_time": 203.19255924224854}
{"round": 5, "acc": [[89.6774, 90.5209, 92.1234, 67.5045, 48.0362, 79.146], [89.6774, 90.5209, 92.1234, 67.5045, 48.0362, 79.146], [89.6774, 90.5209, 92.1234, 67.5045, 48.0362, 79.146], [89.6774, 90.5209, 92.1234, 67.5045, 48.0362, 79.146], [89.6774, 90.5209, 92.1234, 67.5045, 48.0362, 79.146], [89.6774, 90.5209, 92.1234, 67.5045, 48.0362, 79.146]], "total_test_time": 950.3065717220306, "total_train_time": 253.85391926765442}
{"round": 6, "acc": [[89.7204, 90.7985, 91.9757, 68.4919, 49.7268, 79.5432], [89.7204, 90.7985, 91.9757, 68.4919, 49.7268, 79.5432], [89.7204, 90.7985, 91.9757, 68.4919, 49.7268, 79.5432], [89.7204, 90.7985, 91.9757, 68.4919, 49.7268, 79.5432], [89.7204, 90.7985, 91.9757, 68.4919, 49.7268, 79.5432], [89.7204, 90.7985, 91.9757, 68.4919, 49.7268, 79.5432]], "total_test_time": 1136.5459280014038, "total_train_time": 304.4436867237091}
{"round": 7, "acc": [[89.9785, 90.7558, 92.2219, 69.2998, 50.5123, 79.7418], [89.9785, 90.7558, 92.2219, 69.2998, 50.5123, 79.7418], [89.9785, 90.7558, 92.2219, 69.2998, 50.5123, 79.7418], [89.9785, 90.7558, 92.2219, 69.2998, 50.5123, 79.7418], [89.9785, 90.7558, 92.2219, 69.2998, 50.5123, 79.7418], [89.9785, 90.7558, 92.2219, 69.2998, 50.5123, 79.7418]], "total_test_time": 1323.2532839775085, "total_train_time": 355.2409324645996}
{"round": 13, "acc": [[89.9785, 90.7131, 92.4024, 70.2424, 52.1687, 80.0894], [89.9785, 90.7131, 92.4024, 70.2424, 52.1687, 80.0894], [89.9785, 90.7131, 92.4024, 70.2424, 52.1687, 80.0894], [89.9785, 90.7131, 92.4024, 70.2424, 52.1687, 80.0894], [89.9785, 90.7131, 92.4024, 70.2424, 52.1687, 80.0894], [89.9785, 90.7131, 92.4024, 70.2424, 52.1687, 80.0894]], "total_test_time": 1513.205941438675, "total_train_time": 661.3244712352753}
{"round": 23, "acc": [[89.5914, 90.7131, 92.2219, 69.1652, 51.2466, 79.6922], [89.5914, 90.7131, 92.2219, 69.1652, 51.2466, 79.6922], [89.5914, 90.7131, 92.2219, 69.1652, 51.2466, 79.6922], [89.5914, 90.7131, 92.2219, 69.1652, 51.2466, 79.6922], [89.5914, 90.7131, 92.2219, 69.1652, 51.2466, 79.6922], [89.5914, 90.7131, 92.2219, 69.1652, 51.2466, 79.6922]], "total_test_time": 1701.9775731563568, "total_train_time": 1174.8386273384094}
