{"base_model": "CLIP", "dataset": "domainnet", "subset_size": 50, "image_encoder_name": "convnext_base", "optimizer": "AdamW", "batch_size": 32, "learning_rate": 0.001, "global_rounds": 200, "local_epochs": 1, "warm_up": 10, "seed": 1}
{"round": 0, "acc": [[90.6129, 81.4448, 91.479, 85.8424, 31.96, 72.3282], [78.1336, 86.7422, 88.0461, 80.8456, 16.6133, 65.3149], [85.5881, 76.6006, 93.867, 81.5823, 28.4533, 68.2729], [87.2998, 76.2323, 88.521, 88.8853, 32.96, 62.3092], [74.5445, 59.5467, 77.6119, 68.6099, 63.3867, 46.8034], [84.7598, 76.1473, 87.7748, 81.7104, 23.36, 78.0534]], "total_test_time": 0, "total_train_time": 0}
{"round": 1, "acc": [[90.0607, 83.1445, 92.5237, 87.3158, 32.0133, 74.7615], [89.8399, 83.5977, 92.578, 87.1877, 31.9333, 75.0], [90.0055, 83.2011, 92.7544, 86.8354, 32.0133, 75.2863], [89.9503, 83.0878, 92.7001, 87.6361, 32.4, 74.9523], [90.0055, 83.2578, 92.4695, 87.0275, 31.2933, 74.2844], [90.0055, 83.3711, 92.6187, 87.0916, 31.8133, 75.1431]], "total_test_time": 903.1419668197632, "total_train_time": 265.91548442840576}
{"round": 4, "acc": [[90.6681, 82.4929, 92.3066, 86.7072, 33.4267, 73.855], [88.7907, 84.9575, 92.1167, 86.1627, 29.72, 73.7118], [87.2998, 80.6799, 93.5007, 85.1377, 31.2, 72.9962], [89.2877, 82.2096, 92.4288, 88.533, 31.4933, 73.3779], [87.6864, 79.1501, 90.7056, 85.2979, 39.6267, 66.6508], [88.7907, 81.9547, 92.1981, 85.8424, 31.1467, 76.813]], "total_test_time": 1807.055347442627, "total_train_time": 1061.611435174942}
{"round": 6, "acc": [[90.7786, 82.0113, 92.3338, 86.5791, 33.2267, 73.4256], [88.4594, 85.0425, 91.9946, 86.0026, 29.52, 73.1393], [87.2446, 80.6516, 93.6228, 84.6573, 30.5067, 72.3282], [89.2877, 82.3229, 92.3745, 88.7892, 31.8133, 73.4256], [87.2998, 78.6686, 90.4206, 85.1057, 39.8133, 65.6489], [88.4594, 81.3031, 92.0488, 85.2659, 31.0, 76.9084]], "total_test_time": 2714.0366020202637, "total_train_time": 1592.380385875702}
{"round": 16, "acc": [[91.0547, 81.9263, 92.171, 86.1947, 33.1067, 72.5191], [87.9072, 85.1841, 91.8453, 85.9705, 29.6533, 72.0897], [87.2446, 80.6516, 93.6364, 84.2409, 30.4533, 72.0897], [89.0668, 82.3513, 92.2795, 89.1095, 31.64, 72.3282], [87.5759, 78.8669, 90.4206, 85.2338, 39.64, 65.6966], [88.1833, 80.8215, 92.0081, 84.8495, 30.72, 77.1469]], "total_test_time": 3614.2523498535156, "total_train_time": 4246.73757982254}
