{"base_model": "CLIP", "dataset": "PACS", "subset_size": 7, "image_encoder_name": "convnext_base", "optimizer": "AdamW", "batch_size": 32, "learning_rate": 0.001, "global_rounds": 200, "local_epochs": 1, "warm_up": 10, "seed": 1}
{"round": 0, "acc": [[99.9401, 67.2922, 87.207, 95.7338], [89.3413, 98.9276, 67.2852, 87.372], [99.4611, 55.7641, 98.9258, 97.9522], [99.4012, 82.3056, 95.2637, 99.3601]], "total_test_time": 0, "total_train_time": 0}
{"round": 1, "acc": [[99.7605, 82.3056, 96.7773, 98.2935], [99.7605, 79.0885, 97.0703, 98.4642], [99.7605, 81.5013, 96.8262, 98.3362], [99.8204, 82.5737, 96.7773, 98.4215]], "total_test_time": 93.75273418426514, "total_train_time": 20.74454092979431}
{"round": 2, "acc": [[99.8204, 92.7614, 95.8008, 98.5068], [99.7605, 91.9571, 96.0449, 98.5495], [99.8204, 92.7614, 95.6543, 98.2509], [99.8204, 93.2976, 95.8496, 98.6775]], "total_test_time": 213.39569115638733, "total_train_time": 41.472976207733154}
{"round": 5, "acc": [[99.8802, 92.4933, 95.9473, 98.1655], [99.7605, 91.4209, 96.8262, 98.5495], [99.8802, 91.689, 97.3145, 97.7816], [99.7605, 93.5657, 95.4102, 98.6348]], "total_test_time": 307.1074798107147, "total_train_time": 103.47538685798645}
{"round": 12, "acc": [[99.7006, 96.2466, 96.2402, 97.6962], [99.7605, 95.9786, 95.8008, 98.4215], [99.8204, 95.7105, 97.3633, 97.8242], [99.7006, 94.9062, 95.2637, 98.7628]], "total_test_time": 400.6973686218262, "total_train_time": 248.8402223587036}
{"round": 22, "acc": [[99.9401, 92.4933, 95.2148, 97.6962], [99.5808, 94.37, 92.8223, 97.8242], [99.8204, 90.8847, 97.5098, 97.8669], [99.7605, 92.2252, 93.7988, 98.6775]], "total_test_time": 494.6159658432007, "total_train_time": 456.51075196266174}
