{"base_model": "CLIP", "dataset": "domainnet", "subset_size": 50, "image_encoder_name": "RN101", "optimizer": "AdamW", "batch_size": 32, "learning_rate": 0.001, "global_rounds": 200, "local_epochs": 1, "warm_up": 10, "seed": 1}
{"round": 0, "acc": [[53.5064, 29.2068, 46.6621, 26.9379, 4.6, 20.1813], [22.8603, 61.983, 52.3474, 29.4683, 5.6933, 22.0897], [28.106, 38.8952, 79.0909, 28.8277, 4.64, 20.8492], [32.9652, 28.4136, 42.2931, 49.1352, 9.1733, 15.3149], [3.4787, 4.8442, 2.4559, 2.1781, 47.1867, 1.1927], [21.2038, 25.7224, 40.8684, 17.713, 3.92, 34.2557]], "total_test_time": 0, "total_train_time": 0}
{"round": 1, "acc": [[33.1309, 35.6657, 55.9973, 32.7995, 5.2133, 24.2844], [34.4561, 46.6856, 67.3948, 38.2767, 6.76, 27.5286], [36.2783, 47.7337, 68.5753, 39.0775, 6.0667, 29.771], [28.7686, 34.4759, 52.1845, 32.8635, 6.1333, 19.8473], [2.0431, 1.5581, 2.0353, 5.7655, 6.0533, 2.0515], [33.7383, 34.0793, 56.5943, 31.7745, 5.2933, 22.8531]], "total_test_time": 417.59803891181946, "total_train_time": 116.96612000465393}
{"round": 2, "acc": [[34.4009, 35.8074, 55.5088, 33.9846, 5.2, 24.4752], [32.91, 49.3201, 68.6974, 38.501, 5.8933, 28.6737], [35.1739, 47.7337, 70.3392, 38.1166, 5.3867, 31.2977], [29.0447, 34.7309, 52.0624, 34.6893, 6.6533, 20.6584], [2.1535, 1.4164, 2.1574, 5.189, 6.0267, 1.8607], [33.1861, 32.8329, 54.844, 30.7495, 5.4133, 23.1393]], "total_test_time": 835.5046830177307, "total_train_time": 233.81605410575867}
{"round": 3, "acc": [[37.4931, 37.7054, 59.5387, 35.3299, 5.3733, 25.0954], [36.0022, 51.6714, 70.4613, 39.558, 6.1467, 29.4847], [36.8857, 49.3768, 71.384, 39.7502, 6.36, 31.7271], [32.4682, 36.5439, 55.8752, 36.9315, 7.36, 22.4237], [2.2087, 1.3598, 2.2524, 4.3562, 6.44, 2.8626], [34.0144, 36.7989, 58.5482, 32.0307, 5.9467, 25.6679]], "total_test_time": 1252.7678623199463, "total_train_time": 351.16618299484253}
{"round": 4, "acc": [[40.5853, 41.1615, 61.6011, 35.7783, 6.2267, 25.0477], [41.9658, 54.051, 71.3433, 42.1845, 7.4133, 30.0095], [42.2419, 52.238, 72.1845, 41.9603, 7.0, 31.6794], [35.5052, 38.8385, 57.8426, 38.1486, 8.1067, 21.8034], [2.1535, 1.5297, 2.3609, 4.8046, 6.8533, 1.9561], [39.4257, 37.3654, 59.0231, 33.0557, 7.1067, 26.9084]], "total_test_time": 1669.7922337055206, "total_train_time": 467.79378938674927}
{"round": 5, "acc": [[42.6284, 40.1983, 61.0583, 37.3479, 6.1067, 25.7634], [43.6775, 55.0142, 72.1981, 43.3056, 7.7333, 31.9656], [42.021, 49.0935, 72.2524, 39.2697, 7.4133, 31.2977], [37.5483, 39.9717, 58.6974, 40.8392, 8.24, 21.708], [3.6444, 1.6714, 2.3066, 4.8046, 8.6933, 1.9084], [41.4136, 36.8555, 60.1357, 34.6252, 8.7867, 26.1927]], "total_test_time": 2087.2030951976776, "total_train_time": 584.994503736496}
{"round": 15, "acc": [[43.8432, 41.1898, 60.1357, 37.9564, 6.8267, 25.334], [39.8675, 54.6176, 69.2944, 41.5439, 6.4, 30.2004], [39.8675, 44.9858, 67.1777, 37.7963, 5.2933, 24.3321], [37.3827, 37.0538, 54.6404, 41.1915, 8.7867, 22.1374], [2.7609, 1.1898, 2.076, 3.7156, 10.1333, 2.0038], [39.5362, 36.7139, 54.9389, 31.9667, 8.52, 27.958]], "total_test_time": 2505.5912351608276, "total_train_time": 1755.2824165821075}
