{"base_model": "CLIP", "dataset": "domainnet", "subset_size": 50, "image_encoder_name": "RN50", "optimizer": "AdamW", "batch_size": 32, "learning_rate": 0.001, "global_rounds": 200, "local_epochs": 1, "warm_up": 10, "seed": 1}
{"round": 0, "acc": [[52.1259, 25.7224, 41.4247, 25.4965, 5.0933, 16.5553], [25.8421, 59.2635, 51.4247, 27.8027, 2.3067, 20.7061], [29.2104, 35.0425, 79.5115, 25.3363, 3.92, 18.9885], [31.6952, 24.3626, 37.8155, 46.829, 5.5067, 13.2156], [3.1474, 0.4249, 2.9172, 1.8898, 51.9467, 3.0534], [18.2772, 19.2068, 30.3935, 16.3357, 4.48, 33.6355]], "total_test_time": 0, "total_train_time": 0}
{"round": 1, "acc": [[31.1982, 35.9207, 56.6621, 32.6393, 3.8133, 22.4237], [34.2352, 48.2436, 67.8155, 38.5971, 4.3867, 25.0954], [37.2722, 47.8754, 68.3853, 38.2447, 5.6533, 26.5267], [31.3639, 36.5439, 55.1289, 33.1518, 4.6267, 17.9389], [2.6505, 1.9547, 4.057, 7.5272, 5.6533, 3.5305], [31.8056, 31.8697, 52.9715, 30.0769, 4.9067, 21.5172]], "total_test_time": 335.73243403434753, "total_train_time": 90.7567503452301}
{"round": 2, "acc": [[37.4379, 37.5637, 60.2985, 35.7143, 4.2533, 25.4771], [39.3153, 50.9915, 70.6513, 40.0384, 5.76, 28.8168], [38.8736, 48.7819, 71.0583, 38.0205, 5.7333, 29.5324], [34.6218, 38.0737, 57.8155, 36.8674, 5.2267, 20.7061], [2.5953, 2.0963, 3.4464, 6.7905, 7.1467, 3.8645], [35.947, 36.8839, 58.5346, 33.2799, 5.5867, 25.6202]], "total_test_time": 667.2159521579742, "total_train_time": 180.4911229610443}
{"round": 3, "acc": [[39.3705, 40.5099, 60.1493, 37.4119, 4.1733, 26.0496], [39.5362, 53.2295, 71.9539, 42.2486, 5.6933, 29.2462], [41.1927, 51.0198, 71.6961, 39.622, 5.2933, 30.2481], [34.3457, 40.0283, 56.9335, 37.7643, 5.5467, 22.1374], [2.7057, 2.2663, 3.5957, 6.6624, 8.4133, 3.7214], [37.9348, 34.7592, 57.0014, 32.8956, 6.2667, 26.2405]], "total_test_time": 997.7071135044098, "total_train_time": 270.2793381214142}
{"round": 4, "acc": [[40.6957, 41.9547, 62.1981, 36.7393, 4.6933, 28.9122], [40.9166, 54.9858, 72.076, 41.3197, 6.0533, 31.0592], [38.7631, 50.5666, 72.483, 37.2197, 5.7867, 29.9141], [36.9409, 41.8414, 58.0326, 39.59, 6.0933, 23.4256], [2.1535, 2.2096, 3.5414, 6.6304, 9.6533, 3.5305], [37.1066, 32.9178, 56.133, 30.8776, 8.1333, 28.0534]], "total_test_time": 1327.7724714279175, "total_train_time": 360.3173806667328}
{"round": 5, "acc": [[43.6223, 40.4533, 61.8046, 39.1095, 5.2933, 27.7195], [42.4627, 54.3059, 72.3745, 43.4017, 4.4267, 30.4866], [43.6775, 53.1728, 73.4328, 41.1275, 5.7733, 30.0095], [36.9961, 39.9433, 57.8969, 40.8712, 5.96, 21.2786], [3.037, 2.7195, 3.867, 6.6304, 10.3333, 3.5782], [40.4197, 35.5241, 57.924, 34.2729, 5.7467, 28.2443]], "total_test_time": 1658.1333718299866, "total_train_time": 450.1615345478058}
{"round": 6, "acc": [[42.794, 40.8215, 62.9986, 38.9494, 4.4933, 27.8149], [40.9718, 53.8527, 71.8046, 43.3376, 5.0, 31.4408], [42.8493, 52.2946, 73.9349, 39.3338, 5.6533, 31.5363], [36.1679, 40.7932, 58.3039, 40.3267, 5.1333, 23.0916], [3.037, 1.8697, 3.1479, 8.2639, 12.6, 3.4351], [38.3214, 35.7224, 59.308, 35.3619, 6.9733, 28.6737]], "total_test_time": 1988.138123512268, "total_train_time": 539.9875421524048}
{"round": 16, "acc": [[41.9105, 40.4816, 58.9145, 38.3728, 3.84, 27.0515], [38.0453, 53.3994, 67.2049, 41.4478, 4.24, 28.0057], [35.5052, 45.949, 68.3853, 33.5042, 4.3067, 22.7099], [34.0696, 39.6884, 55.1696, 39.7502, 5.4667, 22.6145], [2.0431, 2.0963, 2.9308, 7.303, 9.52, 2.958], [34.18, 32.5779, 50.2849, 30.2691, 6.2933, 28.1489]], "total_test_time": 2318.9382996559143, "total_train_time": 1438.5911655426025}
