{"base_model": "CLIP", "dataset": "data2", "subset_size": 10, "image_encoder_name": "ViT-B-32", "optimizer": "AdamW", "batch_size": 128, "learning_rate": 0.001, "global_rounds": 50, "local_epochs": 1, "warm_up": 5, "seed": 1}
{"round": 49, "acc": [[99.026, 92.3699, 99.692, 97.5472, 67.0667, 87.3563], [98.0519, 92.8324, 99.7947, 97.9245, 61.4667, 87.931], [98.7013, 93.526, 99.7947, 97.1698, 60.8, 88.5057], [98.3766, 92.3699, 99.7947, 97.5472, 71.8, 85.6322], [98.0519, 91.5607, 99.692, 97.1698, 72.4667, 86.2069], [98.0519, 92.6012, 99.7947, 96.7925, 67.5333, 87.3563]], "total_test_time": 0.0003352165222167969, "total_train_time": 1128.7415089607239}
