{"base_model": "CLIP", "dataset": "office", "subset_size": 10, "image_encoder_name": "ViT-B-32", "optimizer": "AdamW", "batch_size": 32, "learning_rate": 0.001, "global_rounds": 200, "local_epochs": 1, "warm_up": 10, "seed": 1}
{"round": 0, "acc": [[79.542, 93.7688, 92.5841, 86.0082], [79.6947, 94.0691, 92.4312, 85.8711], [79.2366, 93.7688, 92.0489, 86.4198], [79.084, 93.6937, 92.1254, 86.1454]], "total_test_time": 0, "total_train_time": 0}
{"round": 1, "acc": [[80.0763, 94.3694, 92.4312, 86.2826], [80.0, 93.9189, 92.5841, 86.2826], [80.0, 94.2192, 92.2018, 86.1454], [79.6183, 94.2943, 92.0489, 85.5967]], "total_test_time": 86.39573097229004, "total_train_time": 20.03204369544983}
{"round": 2, "acc": [[80.9924, 94.6697, 92.3547, 85.4595], [80.9924, 94.2943, 92.8135, 86.6941], [80.8397, 94.5195, 92.2783, 85.5967], [81.145, 94.8949, 92.1254, 85.5967]], "total_test_time": 171.98808240890503, "total_train_time": 38.37882089614868}
{"round": 3, "acc": [[82.5954, 94.6697, 92.737, 85.4595], [81.9847, 94.7447, 92.8135, 86.2826], [82.1374, 94.6697, 92.737, 85.4595], [82.5191, 94.5195, 93.0428, 86.6941]], "total_test_time": 256.96665263175964, "total_train_time": 57.35578942298889}
{"round": 4, "acc": [[83.2824, 95.1201, 92.737, 86.1454], [82.9008, 95.3453, 92.9664, 85.5967], [83.2824, 95.3453, 92.8135, 85.8711], [83.4351, 95.2703, 92.6606, 86.2826]], "total_test_time": 342.9941084384918, "total_train_time": 78.0010130405426}
{"round": 5, "acc": [[83.7405, 95.7958, 92.8899, 86.4198], [83.1298, 95.4204, 92.8135, 86.9684], [83.6641, 96.1712, 93.1193, 86.2826], [83.7405, 95.5706, 93.2722, 86.4198]], "total_test_time": 430.97719264030457, "total_train_time": 97.84683752059937}
{"round": 6, "acc": [[83.6641, 96.021, 92.9664, 85.8711], [83.8931, 96.0961, 92.5841, 86.0082], [83.5878, 96.1712, 92.5841, 86.4198], [84.1985, 96.1712, 93.0428, 86.0082]], "total_test_time": 517.3081231117249, "total_train_time": 118.13956689834595}
{"round": 7, "acc": [[83.9695, 96.2462, 92.3547, 85.7339], [84.1221, 96.3964, 92.5841, 86.0082], [83.9695, 96.3213, 92.3547, 85.4595], [83.5115, 95.7958, 92.4312, 85.7339]], "total_test_time": 605.2130603790283, "total_train_time": 138.70352339744568}
{"round": 17, "acc": [[80.687, 92.9429, 85.9327, 76.2689], [79.9237, 93.5435, 85.5505, 76.406], [80.0, 93.6186, 86.2385, 77.3663], [80.0763, 93.2432, 86.2385, 75.8573]], "total_test_time": 690.5383386611938, "total_train_time": 342.66660928726196}
