{"base_model": "CLIP", "dataset": "office", "subset_size": 10, "image_encoder_name": "ViT-B-16", "optimizer": "AdamW", "batch_size": 32, "learning_rate": 0.001, "global_rounds": 200, "local_epochs": 1, "warm_up": 10, "seed": 1}
{"round": 0, "acc": [[81.9084, 95.1201, 93.2722, 87.9287], [82.6718, 95.1201, 93.2722, 86.9684], [81.9847, 94.5946, 92.8899, 87.2428], [81.9084, 94.8949, 93.0428, 87.38]], "total_test_time": 0, "total_train_time": 0}
{"round": 1, "acc": [[82.2137, 94.8198, 93.1957, 87.6543], [82.6718, 95.1952, 93.1193, 87.5171], [82.3664, 95.3453, 93.0428, 87.38], [82.7481, 94.97, 93.578, 87.38]], "total_test_time": 155.33677577972412, "total_train_time": 51.34502410888672}
{"round": 2, "acc": [[83.7405, 96.3964, 93.4251, 87.38], [83.6641, 96.021, 93.2722, 88.203], [83.6641, 96.3213, 93.3486, 87.1056], [83.7405, 96.2462, 93.8073, 87.6543]], "total_test_time": 309.5388524532318, "total_train_time": 102.67521548271179}
{"round": 3, "acc": [[83.3588, 96.5465, 93.2722, 88.0658], [83.5878, 96.5465, 93.1957, 87.38], [83.8931, 96.5465, 93.578, 87.2428], [83.9695, 96.4715, 93.6544, 87.7915]], "total_test_time": 466.2987036705017, "total_train_time": 153.61655712127686}
{"round": 4, "acc": [[84.0458, 96.8468, 93.3486, 88.0658], [84.3511, 96.997, 93.4251, 88.203], [83.8931, 97.1471, 93.3486, 88.7517], [83.5878, 96.9219, 93.3486, 87.38]], "total_test_time": 619.6077156066895, "total_train_time": 204.7679841518402}
{"round": 5, "acc": [[84.4275, 96.9219, 93.4251, 88.7517], [84.6565, 96.997, 93.1957, 89.0261], [84.6565, 96.7718, 93.2722, 88.203], [84.4275, 96.8468, 93.5015, 87.6543]], "total_test_time": 774.937869310379, "total_train_time": 255.86238598823547}
{"round": 6, "acc": [[85.1908, 97.1471, 93.3486, 88.3402], [85.8015, 97.0721, 93.4251, 88.4774], [85.6489, 96.9219, 93.1957, 87.9287], [85.1908, 97.0721, 93.4251, 87.7915]], "total_test_time": 928.0593402385712, "total_train_time": 307.9692795276642}
{"round": 7, "acc": [[84.9618, 96.4715, 93.1957, 88.3402], [85.1145, 96.6967, 93.4251, 89.0261], [85.2672, 96.9219, 93.3486, 88.3402], [85.1908, 97.1471, 93.2722, 88.4774]], "total_test_time": 1081.2097826004028, "total_train_time": 359.7075581550598}
{"round": 17, "acc": [[82.2137, 94.2943, 88.3792, 78.4636], [82.2901, 93.994, 87.7676, 78.8752], [82.5954, 94.4444, 87.6911, 77.7778], [82.2137, 94.2943, 87.6911, 79.0123]], "total_test_time": 1235.2098407745361, "total_train_time": 872.1477706432343}
