{"base_model": "CLIP", "dataset": "data", "subset_size": 150, "image_encoder_name": "ViT-B-32", "optimizer": "AdamW", "batch_size": 32, "learning_rate": 0.001, "global_rounds": 200, "local_epochs": 1, "warm_up": 10, "seed": 1}
{"round": 0, "acc": [[85.4612, 78.2853, 90.3884, 79.5528, 24.6844, 62.0213], [85.4612, 78.2853, 90.3884, 79.5528, 24.6844, 62.0213], [85.4612, 78.2853, 90.3884, 79.5528, 24.6844, 62.0213], [85.4612, 78.2853, 90.3884, 79.5528, 24.6844, 62.0213], [85.4612, 78.2853, 90.3884, 79.5528, 24.6844, 62.0213], [85.4612, 78.2853, 90.3884, 79.5528, 24.6844, 62.0213]], "total_test_time": 0, "total_train_time": 0}
{"round": 1, "acc": [[85.7485, 79.1437, 90.669, 79.9688, 25.2711, 63.1048], [85.7485, 79.1437, 90.669, 79.9688, 25.2711, 63.1048], [85.7485, 79.1437, 90.669, 79.9688, 25.2711, 63.1048], [85.7485, 79.1437, 90.669, 79.9688, 25.2711, 63.1048], [85.7485, 79.1437, 90.669, 79.9688, 25.2711, 63.1048], [85.7485, 79.1437, 90.669, 79.9688, 25.2711, 63.1048]], "total_test_time": 1139.2503972053528, "total_train_time": 197.44777917861938}
{"round": 2, "acc": [[85.8762, 79.451, 90.7984, 80.3328, 25.9778, 63.6279], [85.8762, 79.451, 90.7984, 80.3328, 25.9778, 63.6279], [85.8762, 79.451, 90.7984, 80.3328, 25.9778, 63.6279], [85.8762, 79.451, 90.7984, 80.3328, 25.9778, 63.6279], [85.8762, 79.451, 90.7984, 80.3328, 25.9778, 63.6279], [85.8762, 79.451, 90.7984, 80.3328, 25.9778, 63.6279]], "total_test_time": 2284.8789880275726, "total_train_time": 395.00776076316833}
{"round": 3, "acc": [[86.0038, 79.6948, 90.9322, 80.5278, 26.28, 63.852], [86.0038, 79.6948, 90.9322, 80.5278, 26.28, 63.852], [86.0038, 79.6948, 90.9322, 80.5278, 26.28, 63.852], [86.0038, 79.6948, 90.9322, 80.5278, 26.28, 63.852], [86.0038, 79.6948, 90.9322, 80.5278, 26.28, 63.852], [86.0038, 79.6948, 90.9322, 80.5278, 26.28, 63.852]], "total_test_time": 3427.5559208393097, "total_train_time": 593.3577814102173}
{"round": 4, "acc": [[86.1155, 79.769, 90.9668, 80.6057, 26.84, 64.0015], [86.1155, 79.769, 90.9668, 80.6057, 26.84, 64.0015], [86.1155, 79.769, 90.9668, 80.6057, 26.84, 64.0015], [86.1155, 79.769, 90.9668, 80.6057, 26.84, 64.0015], [86.1155, 79.769, 90.9668, 80.6057, 26.84, 64.0015], [86.1155, 79.769, 90.9668, 80.6057, 26.84, 64.0015]], "total_test_time": 4569.225789546967, "total_train_time": 790.5097312927246}
{"round": 5, "acc": [[86.1475, 79.822, 90.9711, 80.5667, 26.9244, 64.2443], [86.1475, 79.822, 90.9711, 80.5667, 26.9244, 64.2443], [86.1475, 79.822, 90.9711, 80.5667, 26.9244, 64.2443], [86.1475, 79.822, 90.9711, 80.5667, 26.9244, 64.2443], [86.1475, 79.822, 90.9711, 80.5667, 26.9244, 64.2443], [86.1475, 79.822, 90.9711, 80.5667, 26.9244, 64.2443]], "total_test_time": 5709.764644622803, "total_train_time": 989.0107011795044}
{"round": 6, "acc": [[86.2432, 79.9279, 91.0876, 80.5797, 27.0667, 64.263], [86.2432, 79.9279, 91.0876, 80.5797, 27.0667, 64.263], [86.2432, 79.9279, 91.0876, 80.5797, 27.0667, 64.263], [86.2432, 79.9279, 91.0876, 80.5797, 27.0667, 64.263], [86.2432, 79.9279, 91.0876, 80.5797, 27.0667, 64.263], [86.2432, 79.9279, 91.0876, 80.5797, 27.0667, 64.263]], "total_test_time": 6850.55334353447, "total_train_time": 1187.890658378601}
{"round": 10, "acc": [[86.4028, 80.0445, 91.0401, 80.5927, 27.2711, 64.5059], [86.4028, 80.0445, 91.0401, 80.5927, 27.2711, 64.5059], [86.4028, 80.0445, 91.0401, 80.5927, 27.2711, 64.5059], [86.4028, 80.0445, 91.0401, 80.5927, 27.2711, 64.5059], [86.4028, 80.0445, 91.0401, 80.5927, 27.2711, 64.5059], [86.4028, 80.0445, 91.0401, 80.5927, 27.2711, 64.5059]], "total_test_time": 7992.002841234207, "total_train_time": 1981.5652377605438}
{"round": 17, "acc": [[86.339, 80.2141, 91.1092, 80.6967, 27.3911, 64.3378], [86.339, 80.2141, 91.1092, 80.6967, 27.3911, 64.3378], [86.339, 80.2141, 91.1092, 80.6967, 27.3911, 64.3378], [86.339, 80.2141, 91.1092, 80.6967, 27.3911, 64.3378], [86.339, 80.2141, 91.1092, 80.6967, 27.3911, 64.3378], [86.339, 80.2141, 91.1092, 80.6967, 27.3911, 64.3378]], "total_test_time": 9131.187853574753, "total_train_time": 3370.01207780838}
{"round": 21, "acc": [[86.4028, 80.2141, 91.1049, 80.6837, 27.4044, 64.4125], [86.4028, 80.2141, 91.1049, 80.6837, 27.4044, 64.4125], [86.4028, 80.2141, 91.1049, 80.6837, 27.4044, 64.4125], [86.4028, 80.2141, 91.1049, 80.6837, 27.4044, 64.4125], [86.4028, 80.2141, 91.1049, 80.6837, 27.4044, 64.4125], [86.4028, 80.2141, 91.1049, 80.6837, 27.4044, 64.4125]], "total_test_time": 10271.045406103134, "total_train_time": 4164.602238893509}
{"round": 23, "acc": [[86.4826, 80.2989, 91.1092, 80.7747, 27.48, 64.4312], [86.4826, 80.2989, 91.1092, 80.7747, 27.48, 64.4312], [86.4826, 80.2989, 91.1092, 80.7747, 27.48, 64.4312], [86.4826, 80.2989, 91.1092, 80.7747, 27.48, 64.4312], [86.4826, 80.2989, 91.1092, 80.7747, 27.48, 64.4312], [86.4826, 80.2989, 91.1092, 80.7747, 27.48, 64.4312]], "total_test_time": 11411.551581144333, "total_train_time": 4560.820912122726}
{"round": 24, "acc": [[86.4028, 80.2671, 91.1308, 80.7877, 27.5067, 64.5432], [86.4028, 80.2671, 91.1308, 80.7877, 27.5067, 64.5432], [86.4028, 80.2671, 91.1308, 80.7877, 27.5067, 64.5432], [86.4028, 80.2671, 91.1308, 80.7877, 27.5067, 64.5432], [86.4028, 80.2671, 91.1308, 80.7877, 27.5067, 64.5432], [86.4028, 80.2671, 91.1308, 80.7877, 27.5067, 64.5432]], "total_test_time": 12552.837905406952, "total_train_time": 4758.340957164764}
{"round": 26, "acc": [[86.4826, 80.2883, 91.161, 80.7357, 27.5778, 64.5059], [86.4826, 80.2883, 91.161, 80.7357, 27.5778, 64.5059], [86.4826, 80.2883, 91.161, 80.7357, 27.5778, 64.5059], [86.4826, 80.2883, 91.161, 80.7357, 27.5778, 64.5059], [86.4826, 80.2883, 91.161, 80.7357, 27.5778, 64.5059], [86.4826, 80.2883, 91.161, 80.7357, 27.5778, 64.5059]], "total_test_time": 13693.81426024437, "total_train_time": 5154.735286474228}
{"round": 30, "acc": [[86.4986, 80.3095, 91.1955, 80.8917, 27.7511, 64.6367], [86.4986, 80.3095, 91.1955, 80.8917, 27.7511, 64.6367], [86.4986, 80.3095, 91.1955, 80.8917, 27.7511, 64.6367], [86.4986, 80.3095, 91.1955, 80.8917, 27.7511, 64.6367], [86.4986, 80.3095, 91.1955, 80.8917, 27.7511, 64.6367], [86.4986, 80.3095, 91.1955, 80.8917, 27.7511, 64.6367]], "total_test_time": 14835.655394792557, "total_train_time": 5948.117401599884}
{"round": 40, "acc": [[86.5145, 80.1823, 91.1308, 80.8527, 27.5956, 64.6553], [86.5145, 80.1823, 91.1308, 80.8527, 27.5956, 64.6553], [86.5145, 80.1823, 91.1308, 80.8527, 27.5956, 64.6553], [86.5145, 80.1823, 91.1308, 80.8527, 27.5956, 64.6553], [86.5145, 80.1823, 91.1308, 80.8527, 27.5956, 64.6553], [86.5145, 80.1823, 91.1308, 80.8527, 27.5956, 64.6553]], "total_test_time": 15976.307621002197, "total_train_time": 7927.9146733284}
