{"base_model": "CLIP", "dataset": "data", "subset_size": 50, "image_encoder_name": "ViT-B-32", "optimizer": "AdamW", "batch_size": 32, "learning_rate": 0.001, "global_rounds": 200, "local_epochs": 1, "warm_up": 10, "seed": 1}
{"round": 0, "acc": [[90.6129, 83.2011, 93.2022, 87.8283, 33.8267, 69.6565], [90.6129, 83.2011, 93.2022, 87.8283, 33.8267, 69.6565], [90.6129, 83.2011, 93.2022, 87.8283, 33.8267, 69.6565], [90.6129, 83.2011, 93.2022, 87.8283, 33.8267, 69.6565], [90.6129, 83.2011, 93.2022, 87.8283, 33.8267, 69.6565], [90.6129, 83.2011, 93.2022, 87.8283, 33.8267, 69.6565]], "total_test_time": 0, "total_train_time": 0}
{"round": 1, "acc": [[90.8338, 83.2011, 93.3107, 87.9244, 35.12, 70.4676], [90.8338, 83.2011, 93.3107, 87.9244, 35.12, 70.4676], [90.8338, 83.2011, 93.3107, 87.9244, 35.12, 70.4676], [90.8338, 83.2011, 93.3107, 87.9244, 35.12, 70.4676], [90.8338, 83.2011, 93.3107, 87.9244, 35.12, 70.4676], [90.8338, 83.2011, 93.3107, 87.9244, 35.12, 70.4676]], "total_test_time": 278.7428367137909, "total_train_time": 67.50906419754028}
{"round": 2, "acc": [[90.9994, 83.1445, 93.3786, 87.9885, 36.08, 70.8492], [90.9994, 83.1445, 93.3786, 87.9885, 36.08, 70.8492], [90.9994, 83.1445, 93.3786, 87.9885, 36.08, 70.8492], [90.9994, 83.1445, 93.3786, 87.9885, 36.08, 70.8492], [90.9994, 83.1445, 93.3786, 87.9885, 36.08, 70.8492], [90.9994, 83.1445, 93.3786, 87.9885, 36.08, 70.8492]], "total_test_time": 557.8066518306732, "total_train_time": 135.1525001525879}
{"round": 3, "acc": [[91.1651, 83.2578, 93.5007, 88.1486, 36.3333, 70.9447], [91.1651, 83.2578, 93.5007, 88.1486, 36.3333, 70.9447], [91.1651, 83.2578, 93.5007, 88.1486, 36.3333, 70.9447], [91.1651, 83.2578, 93.5007, 88.1486, 36.3333, 70.9447], [91.1651, 83.2578, 93.5007, 88.1486, 36.3333, 70.9447], [91.1651, 83.2578, 93.5007, 88.1486, 36.3333, 70.9447]], "total_test_time": 841.7768383026123, "total_train_time": 202.99860787391663}
{"round": 4, "acc": [[91.3308, 83.3711, 93.4735, 88.2127, 36.6667, 71.1832], [91.3308, 83.3711, 93.4735, 88.2127, 36.6667, 71.1832], [91.3308, 83.3711, 93.4735, 88.2127, 36.6667, 71.1832], [91.3308, 83.3711, 93.4735, 88.2127, 36.6667, 71.1832], [91.3308, 83.3711, 93.4735, 88.2127, 36.6667, 71.1832], [91.3308, 83.3711, 93.4735, 88.2127, 36.6667, 71.1832]], "total_test_time": 1125.791784286499, "total_train_time": 270.49523735046387}
{"round": 5, "acc": [[91.4412, 83.4278, 93.5278, 88.4049, 37.3867, 71.374], [91.4412, 83.4278, 93.5278, 88.4049, 37.3867, 71.374], [91.4412, 83.4278, 93.5278, 88.4049, 37.3867, 71.374], [91.4412, 83.4278, 93.5278, 88.4049, 37.3867, 71.374], [91.4412, 83.4278, 93.5278, 88.4049, 37.3867, 71.374], [91.4412, 83.4278, 93.5278, 88.4049, 37.3867, 71.374]], "total_test_time": 1409.7465279102325, "total_train_time": 337.929648399353}
{"round": 7, "acc": [[91.6068, 83.7394, 93.555, 88.4689, 37.7867, 71.6126], [91.6068, 83.7394, 93.555, 88.4689, 37.7867, 71.6126], [91.6068, 83.7394, 93.555, 88.4689, 37.7867, 71.6126], [91.6068, 83.7394, 93.555, 88.4689, 37.7867, 71.6126], [91.6068, 83.7394, 93.555, 88.4689, 37.7867, 71.6126], [91.6068, 83.7394, 93.555, 88.4689, 37.7867, 71.6126]], "total_test_time": 1693.896921157837, "total_train_time": 474.08083868026733}
{"round": 8, "acc": [[91.5516, 83.881, 93.5142, 88.4049, 37.9333, 71.8989], [91.5516, 83.881, 93.5142, 88.4049, 37.9333, 71.8989], [91.5516, 83.881, 93.5142, 88.4049, 37.9333, 71.8989], [91.5516, 83.881, 93.5142, 88.4049, 37.9333, 71.8989], [91.5516, 83.881, 93.5142, 88.4049, 37.9333, 71.8989], [91.5516, 83.881, 93.5142, 88.4049, 37.9333, 71.8989]], "total_test_time": 1980.487327337265, "total_train_time": 543.7178959846497}
{"round": 12, "acc": [[91.7725, 83.881, 93.5957, 88.501, 38.08, 72.2328], [91.7725, 83.881, 93.5957, 88.501, 38.08, 72.2328], [91.7725, 83.881, 93.5957, 88.501, 38.08, 72.2328], [91.7725, 83.881, 93.5957, 88.501, 38.08, 72.2328], [91.7725, 83.881, 93.5957, 88.501, 38.08, 72.2328], [91.7725, 83.881, 93.5957, 88.501, 38.08, 72.2328]], "total_test_time": 2267.5397441387177, "total_train_time": 820.9507308006287}
{"round": 17, "acc": [[91.7725, 83.966, 93.5957, 88.6931, 38.16, 72.2328], [91.7725, 83.966, 93.5957, 88.6931, 38.16, 72.2328], [91.7725, 83.966, 93.5957, 88.6931, 38.16, 72.2328], [91.7725, 83.966, 93.5957, 88.6931, 38.16, 72.2328], [91.7725, 83.966, 93.5957, 88.6931, 38.16, 72.2328], [91.7725, 83.966, 93.5957, 88.6931, 38.16, 72.2328]], "total_test_time": 2551.519475221634, "total_train_time": 1168.1946144104004}
{"round": 27, "acc": [[91.9382, 83.8527, 93.6364, 88.3088, 37.7333, 72.042], [91.9382, 83.8527, 93.6364, 88.3088, 37.7333, 72.042], [91.9382, 83.8527, 93.6364, 88.3088, 37.7333, 72.042], [91.9382, 83.8527, 93.6364, 88.3088, 37.7333, 72.042], [91.9382, 83.8527, 93.6364, 88.3088, 37.7333, 72.042], [91.9382, 83.8527, 93.6364, 88.3088, 37.7333, 72.042]], "total_test_time": 2839.8749103546143, "total_train_time": 1852.9452238082886}
