{"base_model": "CLIP", "dataset": "data", "subset_size": 150, "image_encoder_name": "ViT-B-32", "optimizer": "AdamW", "batch_size": 32, "learning_rate": 0.001, "global_rounds": 200, "local_epochs": 1, "warm_up": 10, "seed": 1}
{"round": 0, "acc": [[86.8337, 75.3709, 87.4234, 77.954, 23.3289, 59.873], [74.593, 81.9733, 81.4976, 70.5576, 8.4044, 52.4939], [83.6578, 74.7351, 91.4458, 74.8863, 20.9867, 60.3026], [78.7584, 59.6333, 75.0151, 82.2436, 23.8044, 49.8973], [74.21, 56.507, 77.4536, 64.7862, 46.1778, 44.2556], [74.6888, 48.4315, 76.4437, 63.0053, 19.3156, 67.6256]], "total_test_time": 0, "total_train_time": 0}
{"round": 1, "acc": [[85.956, 78.9529, 90.5524, 79.7478, 24.7156, 62.7125], [85.7804, 79.822, 90.6129, 79.9168, 24.24, 63.5531], [85.3335, 77.6812, 91.3077, 78.4349, 23.6933, 63.5158], [85.6208, 79.0165, 90.4704, 80.6317, 24.9822, 62.451], [85.2857, 76.8864, 90.0518, 78.8249, 28.7422, 60.0037], [85.7485, 78.8258, 90.8287, 79.4359, 24.2711, 64.8421]], "total_test_time": 1174.101422071457, "total_train_time": 199.50522136688232}
{"round": 5, "acc": [[86.9933, 77.9568, 90.0432, 78.058, 23.3333, 61.3488], [84.1047, 81.6236, 89.0764, 79.2149, 21.3556, 59.107], [84.759, 75.9962, 91.4588, 77.0051, 22.4178, 61.4048], [84.1047, 77.713, 89.3483, 81.7886, 22.9289, 59.2752], [82.3013, 70.7503, 87.6349, 75.4842, 33.5911, 50.6819], [85.0622, 76.6109, 90.3625, 77.798, 23.9644, 66.6916]], "total_test_time": 2348.3424410820007, "total_train_time": 986.9186367988586}
{"round": 15, "acc": [[87.0571, 77.0983, 89.7799, 77.694, 22.8044, 60.9004], [83.2748, 81.8355, 88.6319, 78.9029, 21.3156, 58.7895], [84.8069, 75.9114, 91.5537, 76.8231, 22.1822, 61.4982], [83.3067, 77.6918, 89.0721, 82.2436, 23.3111, 58.584], [82.3332, 71.0471, 87.8075, 75.7312, 33.5156, 51.3917], [84.6154, 76.081, 90.0, 76.9011, 23.9511, 66.6542]], "total_test_time": 3525.3069496154785, "total_train_time": 2953.5496702194214}
