{"base_model": "CLIP", "dataset": "domainnet", "subset_size": 100, "image_encoder_name": "ViT-B-32", "optimizer": "AdamW", "batch_size": 32, "learning_rate": 0.001, "global_rounds": 200, "local_epochs": 1, "warm_up": 10, "seed": 1}
{"round": 0, "acc": [[87.7977, 76.6587, 85.4972, 79.6204, 22.6133, 60.2867], [82.8472, 84.7162, 86.5259, 79.7247, 19.6667, 60.6748], [82.312, 76.9305, 92.7789, 74.5098, 23.46, 60.1672], [85.1485, 65.9313, 82.0682, 86.0659, 28.2467, 57.45], [78.1108, 62.9896, 83.4936, 66.6667, 52.8733, 52.971], [80.8135, 71.4948, 86.9428, 76.7, 19.3867, 72.3798]], "total_test_time": 0, "total_train_time": 0}
{"round": 1, "acc": [[88.6808, 82.478, 92.4561, 83.6879, 28.6467, 67.9904], [88.4934, 83.3733, 92.4292, 83.3333, 27.3467, 68.2293], [87.8512, 82.3022, 93.1083, 82.937, 27.1, 69.3938], [88.2526, 82.6059, 92.288, 84.4597, 28.68, 67.7217], [88.4132, 82.0943, 92.2141, 82.8536, 30.4267, 66.1989], [88.4132, 82.51, 92.4561, 83.6254, 28.3267, 68.8265]], "total_test_time": 679.937831401825, "total_train_time": 139.5768313407898}
{"round": 2, "acc": [[88.8146, 82.3661, 92.436, 83.5419, 28.78, 67.871], [87.4766, 84.3805, 92.0325, 83.1456, 24.9333, 67.6023], [87.209, 81.215, 93.2966, 81.3308, 25.66, 67.6321], [87.6907, 81.6946, 91.9384, 85.607, 26.4933, 66.9752], [85.4696, 75.6195, 90.1499, 78.9737, 37.6067, 56.1362], [88.1991, 82.558, 92.5234, 83.1247, 28.0, 70.8271]], "total_test_time": 1361.7397828102112, "total_train_time": 279.0127851963043}
{"round": 3, "acc": [[89.0554, 82.0144, 92.3284, 82.9579, 28.7267, 67.244], [87.102, 84.4125, 91.6695, 82.645, 24.28, 66.3183], [86.7541, 80.2558, 93.4378, 80.1836, 24.5733, 67.0947], [86.8611, 81.4388, 91.6964, 85.8156, 25.06, 65.9003], [85.3626, 75.8593, 90.1298, 79.0989, 37.5733, 56.166], [87.6907, 82.0624, 92.288, 82.6658, 27.7933, 71.2153]], "total_test_time": 2043.0708191394806, "total_train_time": 419.0363085269928}
{"round": 4, "acc": [[89.323, 81.8066, 92.2544, 82.7076, 28.3533, 66.7363], [86.8076, 84.4604, 91.4409, 82.6033, 24.5133, 65.5121], [86.8344, 80.0, 93.3974, 79.829, 25.2333, 67.0648], [86.3259, 81.4229, 91.6022, 86.2119, 25.2067, 65.7211], [85.2288, 75.7314, 90.0961, 78.9529, 37.5733, 56.3452], [87.5569, 81.8225, 92.1334, 82.3738, 27.8, 71.275]], "total_test_time": 2725.407388687134, "total_train_time": 558.3181765079498}
{"round": 6, "acc": [[89.5906, 81.4708, 92.2275, 82.2695, 28.32, 66.3482], [86.7006, 84.4764, 91.145, 82.6241, 24.1333, 65.1239], [87.0217, 79.8241, 93.4378, 79.4952, 25.28, 66.5273], [86.0583, 81.1671, 91.4072, 86.2745, 24.9, 64.7955], [85.3091, 75.8913, 90.1768, 78.9529, 37.7533, 55.9869], [87.5033, 81.4708, 92.0796, 82.0609, 27.5067, 71.5139]], "total_test_time": 3407.0129964351654, "total_train_time": 837.5919852256775}
{"round": 16, "acc": [[89.5103, 80.3997, 91.7031, 81.4977, 27.2867, 65.0343], [85.9781, 84.6203, 90.8761, 82.1235, 24.08, 64.885], [86.9146, 79.4404, 93.4781, 79.2032, 25.2467, 66.1391], [85.3893, 80.8153, 90.7013, 86.7126, 24.7467, 63.3025], [85.3358, 75.9073, 90.1701, 79.0572, 37.62, 56.2855], [86.9414, 80.9432, 92.0191, 81.1431, 27.16, 71.7826]], "total_test_time": 4090.444538116455, "total_train_time": 2295.368803024292}
