{"base_model": "CLIP", "dataset": "domainnet", "subset_size": 50, "image_encoder_name": "ViT-B-32", "optimizer": "AdamW", "batch_size": 32, "learning_rate": 0.001, "global_rounds": 200, "local_epochs": 1, "warm_up": 10, "seed": 1}
{"round": 0, "acc": [[91.0547, 78.1303, 89.81, 85.6182, 32.36, 67.4141], [72.667, 86.289, 87.6391, 78.9238, 14.3733, 60.4008], [86.6924, 74.9292, 94.1655, 80.8776, 29.92, 63.2156], [89.8951, 73.2295, 87.4491, 90.2947, 30.9867, 58.6832], [82.3302, 65.9773, 81.7232, 74.6316, 62.1467, 52.2901], [87.7416, 68.6686, 86.5536, 82.6714, 30.9467, 75.6202]], "total_test_time": 0, "total_train_time": 0}
{"round": 1, "acc": [[90.889, 82.7762, 93.4193, 87.7963, 34.6533, 70.0859], [90.7234, 83.1445, 93.3514, 87.7643, 34.4933, 70.6584], [90.6129, 83.1161, 93.5685, 87.3799, 34.6533, 70.4198], [90.6681, 82.8329, 93.365, 88.3408, 35.4933, 70.0859], [91.1651, 82.7479, 93.3107, 87.6041, 35.56, 69.3225], [90.889, 83.0312, 93.3243, 87.8924, 34.88, 70.0382]], "total_test_time": 182.18104672431946, "total_train_time": 47.09334349632263}
{"round": 5, "acc": [[91.9382, 82.2663, 93.0122, 87.7643, 35.5867, 69.1794], [89.5638, 85.0992, 92.0624, 86.9955, 31.84, 66.4122], [87.4103, 78.4703, 94.0977, 84.0167, 28.5067, 66.6031], [90.0055, 81.2465, 92.7001, 90.3267, 31.9467, 66.5076], [88.1833, 77.6771, 90.5699, 85.3299, 44.8533, 60.3053], [89.5638, 80.9632, 92.9715, 86.1947, 34.56, 74.0935]], "total_test_time": 364.18571305274963, "total_train_time": 236.15792965888977}
{"round": 11, "acc": [[91.7725, 81.983, 92.8901, 87.9564, 35.4933, 69.1317], [89.4533, 85.0992, 91.791, 86.9635, 31.4, 65.5057], [87.2446, 78.4703, 94.152, 83.5042, 28.5067, 66.2214], [89.7846, 80.5949, 92.6459, 90.3908, 32.16, 65.6966], [88.1281, 77.4221, 90.6649, 85.1698, 45.4267, 60.0191], [89.122, 80.8782, 92.7951, 85.7783, 34.1333, 74.8569]], "total_test_time": 545.7282521724701, "total_train_time": 519.1186234951019}
{"round": 15, "acc": [[91.8277, 81.898, 92.8087, 87.7322, 35.2, 68.1775], [89.122, 85.0992, 91.6147, 87.0916, 31.04, 65.2672], [87.2446, 78.4419, 94.1113, 83.376, 29.08, 66.0782], [89.7294, 80.5382, 92.7001, 90.5189, 32.2667, 65.792], [88.349, 77.7904, 90.787, 85.2979, 45.0133, 60.687], [89.0116, 80.7649, 92.7544, 85.6823, 34.1333, 74.7137]], "total_test_time": 728.5238401889801, "total_train_time": 708.3521168231964}
{"round": 25, "acc": [[91.9382, 81.3031, 92.7951, 87.6682, 35.4933, 68.6069], [88.9012, 85.0425, 91.5604, 87.0275, 31.3067, 65.0286], [87.2446, 78.0737, 94.1248, 83.5362, 28.9067, 66.0305], [89.7294, 80.3966, 92.5645, 90.3587, 32.4933, 65.6011], [88.2938, 77.6204, 90.6513, 85.2338, 45.0667, 60.0668], [88.9564, 80.5949, 92.6866, 85.4901, 34.0933, 74.8092]], "total_test_time": 910.2046518325806, "total_train_time": 1181.7625572681427}
