{"base_model": "CLIP", "dataset": "data", "subset_size": 10, "image_encoder_name": "ViT-B-32", "optimizer": "AdamW", "batch_size": 32, "learning_rate": 0.001, "global_rounds": 200, "local_epochs": 1, "warm_up": 10, "seed": 1}
{"round": 0, "acc": [[98.7013, 91.7919, 99.384, 96.6038, 56.6667, 83.3333], [98.7013, 91.7919, 99.384, 96.6038, 56.6667, 83.3333], [98.7013, 91.7919, 99.384, 96.6038, 56.6667, 83.3333], [98.7013, 91.7919, 99.384, 96.6038, 56.6667, 83.3333], [98.7013, 91.7919, 99.384, 96.6038, 56.6667, 83.3333], [98.7013, 91.7919, 99.384, 96.6038, 56.6667, 83.3333]], "total_test_time": 0, "total_train_time": 0}
{"round": 1, "acc": [[98.3766, 92.1387, 99.4867, 96.6038, 57.0, 83.3333], [98.3766, 92.1387, 99.4867, 96.6038, 57.0, 83.3333], [98.3766, 92.1387, 99.4867, 96.6038, 57.0, 83.3333], [98.3766, 92.1387, 99.4867, 96.6038, 57.0, 83.3333], [98.3766, 92.1387, 99.4867, 96.6038, 57.0, 83.3333], [98.3766, 92.1387, 99.4867, 96.6038, 57.0, 83.3333]], "total_test_time": 250.25012683868408, "total_train_time": 64.79118466377258}
