{"base_model": "CLIP", "dataset": "data", "subset_size": 10, "image_encoder_name": "ViT-B-16", "optimizer": "AdamW", "batch_size": 32, "learning_rate": 0.001, "global_rounds": 200, "local_epochs": 1, "warm_up": 10, "seed": 1}
{"round": 0, "acc": [[97.7273, 93.7572, 99.5893, 98.3019, 55.6, 90.8046], [97.7273, 93.7572, 99.5893, 98.3019, 55.6, 90.8046], [97.7273, 93.7572, 99.5893, 98.3019, 55.6, 90.8046], [97.7273, 93.7572, 99.5893, 98.3019, 55.6, 90.8046], [97.7273, 93.7572, 99.5893, 98.3019, 55.6, 90.8046], [97.7273, 93.7572, 99.5893, 98.3019, 55.6, 90.8046]], "total_test_time": 0, "total_train_time": 0}
{"round": 1, "acc": [[98.0519, 94.104, 99.5893, 98.3019, 56.9333, 90.8046], [98.0519, 94.104, 99.5893, 98.3019, 56.9333, 90.8046], [98.0519, 94.104, 99.5893, 98.3019, 56.9333, 90.8046], [98.0519, 94.104, 99.5893, 98.3019, 56.9333, 90.8046], [98.0519, 94.104, 99.5893, 98.3019, 56.9333, 90.8046], [98.0519, 94.104, 99.5893, 98.3019, 56.9333, 90.8046]], "total_test_time": 162.40771412849426, "total_train_time": 47.201470136642456}
{"round": 2, "acc": [[98.0519, 94.3353, 99.5893, 98.4906, 57.7333, 90.8046], [98.0519, 94.3353, 99.5893, 98.4906, 57.7333, 90.8046], [98.0519, 94.3353, 99.5893, 98.4906, 57.7333, 90.8046], [98.0519, 94.3353, 99.5893, 98.4906, 57.7333, 90.8046], [98.0519, 94.3353, 99.5893, 98.4906, 57.7333, 90.8046], [98.0519, 94.3353, 99.5893, 98.4906, 57.7333, 90.8046]], "total_test_time": 325.08701729774475, "total_train_time": 94.30160927772522}
{"round": 3, "acc": [[98.0519, 94.6821, 99.692, 98.4906, 60.0667, 91.3793], [98.0519, 94.6821, 99.692, 98.4906, 60.0667, 91.3793], [98.0519, 94.6821, 99.692, 98.4906, 60.0667, 91.3793], [98.0519, 94.6821, 99.692, 98.4906, 60.0667, 91.3793], [98.0519, 94.6821, 99.692, 98.4906, 60.0667, 91.3793], [98.0519, 94.6821, 99.692, 98.4906, 60.0667, 91.3793]], "total_test_time": 488.8159861564636, "total_train_time": 140.47335577011108}
{"round": 4, "acc": [[98.3766, 95.1445, 99.692, 98.4906, 62.1333, 91.3793], [98.3766, 95.1445, 99.692, 98.4906, 62.1333, 91.3793], [98.3766, 95.1445, 99.692, 98.4906, 62.1333, 91.3793], [98.3766, 95.1445, 99.692, 98.4906, 62.1333, 91.3793], [98.3766, 95.1445, 99.692, 98.4906, 62.1333, 91.3793], [98.3766, 95.1445, 99.692, 98.4906, 62.1333, 91.3793]], "total_test_time": 652.4456157684326, "total_train_time": 187.64510536193848}
{"round": 5, "acc": [[98.3766, 95.2601, 99.692, 98.4906, 63.4, 91.3793], [98.3766, 95.2601, 99.692, 98.4906, 63.4, 91.3793], [98.3766, 95.2601, 99.692, 98.4906, 63.4, 91.3793], [98.3766, 95.2601, 99.692, 98.4906, 63.4, 91.3793], [98.3766, 95.2601, 99.692, 98.4906, 63.4, 91.3793], [98.3766, 95.2601, 99.692, 98.4906, 63.4, 91.3793]], "total_test_time": 817.4541666507721, "total_train_time": 234.67462873458862}
{"round": 6, "acc": [[98.3766, 95.3757, 99.692, 98.6792, 64.6667, 91.3793], [98.3766, 95.3757, 99.692, 98.6792, 64.6667, 91.3793], [98.3766, 95.3757, 99.692, 98.6792, 64.6667, 91.3793], [98.3766, 95.3757, 99.692, 98.6792, 64.6667, 91.3793], [98.3766, 95.3757, 99.692, 98.6792, 64.6667, 91.3793], [98.3766, 95.3757, 99.692, 98.6792, 64.6667, 91.3793]], "total_test_time": 983.2773656845093, "total_train_time": 281.56314039230347}
{"round": 7, "acc": [[98.3766, 96.0694, 99.692, 98.4906, 65.5333, 91.3793], [98.3766, 96.0694, 99.692, 98.4906, 65.5333, 91.3793], [98.3766, 96.0694, 99.692, 98.4906, 65.5333, 91.3793], [98.3766, 96.0694, 99.692, 98.4906, 65.5333, 91.3793], [98.3766, 96.0694, 99.692, 98.4906, 65.5333, 91.3793], [98.3766, 96.0694, 99.692, 98.4906, 65.5333, 91.3793]], "total_test_time": 1147.6720764636993, "total_train_time": 328.90980052948}
{"round": 9, "acc": [[98.0519, 95.3757, 99.692, 98.6792, 66.4, 90.8046], [98.0519, 95.3757, 99.692, 98.6792, 66.4, 90.8046], [98.0519, 95.3757, 99.692, 98.6792, 66.4, 90.8046], [98.0519, 95.3757, 99.692, 98.6792, 66.4, 90.8046], [98.0519, 95.3757, 99.692, 98.6792, 66.4, 90.8046], [98.0519, 95.3757, 99.692, 98.6792, 66.4, 90.8046]], "total_test_time": 1313.9623823165894, "total_train_time": 423.8602759838104}
{"round": 10, "acc": [[97.4026, 95.2601, 99.692, 98.4906, 68.0, 90.8046], [97.4026, 95.2601, 99.692, 98.4906, 68.0, 90.8046], [97.4026, 95.2601, 99.692, 98.4906, 68.0, 90.8046], [97.4026, 95.2601, 99.692, 98.4906, 68.0, 90.8046], [97.4026, 95.2601, 99.692, 98.4906, 68.0, 90.8046], [97.4026, 95.2601, 99.692, 98.4906, 68.0, 90.8046]], "total_test_time": 1479.8021912574768, "total_train_time": 471.46568036079407}
{"round": 13, "acc": [[97.7273, 95.7225, 99.692, 98.4906, 68.5333, 93.1034], [97.7273, 95.7225, 99.692, 98.4906, 68.5333, 93.1034], [97.7273, 95.7225, 99.692, 98.4906, 68.5333, 93.1034], [97.7273, 95.7225, 99.692, 98.4906, 68.5333, 93.1034], [97.7273, 95.7225, 99.692, 98.4906, 68.5333, 93.1034], [97.7273, 95.7225, 99.692, 98.4906, 68.5333, 93.1034]], "total_test_time": 1645.5215783119202, "total_train_time": 614.5989735126495}
{"round": 23, "acc": [[97.7273, 96.185, 99.7947, 98.6792, 73.4, 90.8046], [97.7273, 96.185, 99.7947, 98.6792, 73.4, 90.8046], [97.7273, 96.185, 99.7947, 98.6792, 73.4, 90.8046], [97.7273, 96.185, 99.7947, 98.6792, 73.4, 90.8046], [97.7273, 96.185, 99.7947, 98.6792, 73.4, 90.8046], [97.7273, 96.185, 99.7947, 98.6792, 73.4, 90.8046]], "total_test_time": 1809.207495689392, "total_train_time": 1081.957481622696}
{"round": 28, "acc": [[98.7013, 94.9133, 99.8973, 98.1132, 75.6667, 89.0805], [98.7013, 94.9133, 99.8973, 98.1132, 75.6667, 89.0805], [98.7013, 94.9133, 99.8973, 98.1132, 75.6667, 89.0805], [98.7013, 94.9133, 99.8973, 98.1132, 75.6667, 89.0805], [98.7013, 94.9133, 99.8973, 98.1132, 75.6667, 89.0805], [98.7013, 94.9133, 99.8973, 98.1132, 75.6667, 89.0805]], "total_test_time": 1972.7086553573608, "total_train_time": 1315.3195939064026}
{"round": 29, "acc": [[97.4026, 94.9133, 99.7947, 98.4906, 74.8, 88.5057], [97.4026, 94.9133, 99.7947, 98.4906, 74.8, 88.5057], [97.4026, 94.9133, 99.7947, 98.4906, 74.8, 88.5057], [97.4026, 94.9133, 99.7947, 98.4906, 74.8, 88.5057], [97.4026, 94.9133, 99.7947, 98.4906, 74.8, 88.5057], [97.4026, 94.9133, 99.7947, 98.4906, 74.8, 88.5057]], "total_test_time": 2136.0150825977325, "total_train_time": 1362.7968719005585}
{"round": 31, "acc": [[98.0519, 94.104, 99.7947, 98.4906, 78.2, 92.5287], [98.0519, 94.104, 99.7947, 98.4906, 78.2, 92.5287], [98.0519, 94.104, 99.7947, 98.4906, 78.2, 92.5287], [98.0519, 94.104, 99.7947, 98.4906, 78.2, 92.5287], [98.0519, 94.104, 99.7947, 98.4906, 78.2, 92.5287], [98.0519, 94.104, 99.7947, 98.4906, 78.2, 92.5287]], "total_test_time": 2301.7717962265015, "total_train_time": 1457.2417900562286}
{"round": 32, "acc": [[98.3766, 94.2197, 99.692, 98.3019, 77.5333, 90.8046], [98.3766, 94.2197, 99.692, 98.3019, 77.5333, 90.8046], [98.3766, 94.2197, 99.692, 98.3019, 77.5333, 90.8046], [98.3766, 94.2197, 99.692, 98.3019, 77.5333, 90.8046], [98.3766, 94.2197, 99.692, 98.3019, 77.5333, 90.8046], [98.3766, 94.2197, 99.692, 98.3019, 77.5333, 90.8046]], "total_test_time": 2474.0755681991577, "total_train_time": 1507.9660551548004}
{"round": 33, "acc": [[98.3766, 94.5665, 99.692, 97.9245, 78.5333, 90.2299], [98.3766, 94.5665, 99.692, 97.9245, 78.5333, 90.2299], [98.3766, 94.5665, 99.692, 97.9245, 78.5333, 90.2299], [98.3766, 94.5665, 99.692, 97.9245, 78.5333, 90.2299], [98.3766, 94.5665, 99.692, 97.9245, 78.5333, 90.2299], [98.3766, 94.5665, 99.692, 97.9245, 78.5333, 90.2299]], "total_test_time": 2661.0669400691986, "total_train_time": 1558.6802248954773}
{"round": 35, "acc": [[96.7532, 94.6821, 99.7947, 98.6792, 77.6, 87.931], [96.7532, 94.6821, 99.7947, 98.6792, 77.6, 87.931], [96.7532, 94.6821, 99.7947, 98.6792, 77.6, 87.931], [96.7532, 94.6821, 99.7947, 98.6792, 77.6, 87.931], [96.7532, 94.6821, 99.7947, 98.6792, 77.6, 87.931], [96.7532, 94.6821, 99.7947, 98.6792, 77.6, 87.931]], "total_test_time": 2833.803692817688, "total_train_time": 1653.7867197990417}
{"round": 36,