{"base_model": "CLIP", "dataset": "data", "subset_size": 50, "image_encoder_name": "ViT-B-32", "optimizer": "AdamW", "batch_size": 32, "learning_rate": 0.001, "global_rounds": 200, "local_epochs": 1, "warm_up": 10, "seed": 1}
{"round": 0, "acc": [[90.6129, 79.0368, 89.6879, 85.9065, 33.6533, 66.8893], [59.249, 86.0057, 87.6119, 64.0935, 7.5067, 55.2004], [85.0359, 74.6459, 94.0706, 77.9949, 23.6933, 62.0706], [90.0055, 72.7762, 87.0556, 90.5509, 31.9733, 58.7786], [80.2319, 65.0142, 81.6554, 74.1832, 64.0, 50.3817], [84.3181, 71.0198, 87.8562, 80.2691, 20.7467, 74.4752]], "total_test_time": 0, "total_train_time": 0}
{"round": 1, "acc": [[90.9442, 82.8045, 93.3243, 87.7322, 35.1467, 69.9905], [90.6681, 83.1728, 93.2972, 88.0525, 34.4, 70.6584], [90.9442, 83.1161, 93.6092, 87.508, 34.6533, 70.8015], [90.7786, 83.0028, 93.2972, 88.3408, 34.9333, 69.5611], [91.1099, 82.9745, 93.2564, 87.3799, 35.12, 69.1794], [90.8338, 83.1728, 93.2972, 87.7322, 34.5867, 70.4198]], "total_test_time": 300.4783055782318, "total_train_time": 72.40197467803955}
{"round": 5, "acc": [[91.6621, 82.2946, 92.9986, 87.9564, 35.8133, 69.7519], [89.8951, 84.8159, 92.1438, 86.9955, 32.0267, 66.7462], [87.4103, 78.4419, 94.152, 84.2088, 28.8, 66.4599], [90.116, 81.5581, 92.8087, 90.2627, 32.28, 66.8893], [88.349, 77.847, 90.6242, 85.3299, 44.8133, 60.0668], [89.3981, 81.3314, 92.9444, 86.2588, 34.04, 73.855]], "total_test_time": 599.8947238922119, "total_train_time": 360.53981280326843}
{"round": 12, "acc": [[91.6621, 81.9263, 92.8087, 87.9244, 35.64, 69.084], [89.4533, 85.4108, 91.8453, 86.9955, 31.76, 65.792], [87.2446, 78.3569, 94.2605, 83.4401, 30.0533, 66.0305], [89.6742, 80.4533, 92.578, 90.3908, 32.1067, 65.5534], [88.2938, 77.6204, 90.6242, 85.2979, 45.0533, 59.9714], [88.5699, 80.4816, 92.6866, 85.6502, 34.24, 74.4752]], "total_test_time": 898.3918793201447, "total_train_time": 853.4523727893829}
{"round": 15, "acc": [[91.9382, 81.4164, 92.6594, 87.7322, 35.4533, 68.4637], [89.4533, 85.1841, 91.7096, 86.8033, 31.3067, 65.5057], [87.3551, 78.4419, 94.2334, 83.312, 29.1067, 66.7462], [89.5638, 80.6799, 92.6866, 90.3908, 32.12, 65.792], [88.1833, 77.762, 90.7056, 85.2659, 45.04, 60.4962], [88.6251, 80.3683, 92.6594, 85.426, 34.0933, 74.1889]], "total_test_time": 1198.7214069366455, "total_train_time": 1066.7551128864288}
{"round": 22, "acc": [[91.8277, 81.2465, 92.673, 87.6682, 35.1867, 68.3683], [89.122, 85.0142, 91.6282, 87.0275, 31.72, 65.5057], [87.1894, 78.5836, 94.0163, 83.4721, 29.04, 66.1737], [89.7294, 80.7082, 92.768, 90.4869, 32.2267, 65.8397], [88.1281, 77.7337, 90.6513, 85.2659, 45.2933, 60.687], [88.7355, 80.5949, 92.7001, 85.426, 34.44, 74.7615]], "total_test_time": 1498.1512143611908, "total_train_time": 1572.2118847370148}
{"round": 32, "acc": [[91.8277, 81.2748, 92.7001, 87.5721, 35.3067, 67.8435], [88.7907, 85.0425, 91.479, 86.9635, 31.24, 64.7424], [86.9133, 78.2436, 94.2198, 83.4401, 28.96, 66.3168], [89.7294, 80.17, 92.5916, 90.4869, 32.3733, 65.8874], [88.4042, 77.8754, 90.7463, 85.3619, 45.0, 60.5439], [88.7907, 80.7649, 92.7001, 85.4901, 34.1067, 75.0]], "total_test_time": 1796.8543736934662, "total_train_time": 2278.7991740703583}
