{"base_model": "CLIP", "dataset": "data", "subset_size": 100, "image_encoder_name": "ViT-B-32", "optimizer": "AdamW", "batch_size": 32, "learning_rate": 0.001, "global_rounds": 200, "local_epochs": 1, "warm_up": 10, "seed": 1}
{"round": 0, "acc": [[88.0921, 82.462, 92.2208, 83.5419, 28.2667, 67.6023], [88.0921, 82.462, 92.2208, 83.5419, 28.2667, 67.6023], [88.0921, 82.462, 92.2208, 83.5419, 28.2667, 67.6023], [88.0921, 82.462, 92.2208, 83.5419, 28.2667, 67.6023], [88.0921, 82.462, 92.2208, 83.5419, 28.2667, 67.6023], [88.0921, 82.462, 92.2208, 83.5419, 28.2667, 67.6023]], "total_test_time": 0, "total_train_time": 0}
{"round": 1, "acc": [[88.547, 82.7178, 92.4965, 83.9383, 28.84, 68.3488], [88.547, 82.7178, 92.4965, 83.9383, 28.84, 68.3488], [88.547, 82.7178, 92.4965, 83.9383, 28.84, 68.3488], [88.547, 82.7178, 92.4965, 83.9383, 28.84, 68.3488], [88.547, 82.7178, 92.4965, 83.9383, 28.84, 68.3488], [88.547, 82.7178, 92.4965, 83.9383, 28.84, 68.3488]], "total_test_time": 626.136536359787, "total_train_time": 127.41751313209534}
{"round": 2, "acc": [[88.6005, 82.9257, 92.604, 84.2929, 29.5, 68.6474], [88.6005, 82.9257, 92.604, 84.2929, 29.5, 68.6474], [88.6005, 82.9257, 92.604, 84.2929, 29.5, 68.6474], [88.6005, 82.9257, 92.604, 84.2929, 29.5, 68.6474], [88.6005, 82.9257, 92.604, 84.2929, 29.5, 68.6474], [88.6005, 82.9257, 92.604, 84.2929, 29.5, 68.6474]], "total_test_time": 1255.7010645866394, "total_train_time": 255.02486062049866}
{"round": 3, "acc": [[88.7878, 83.2134, 92.6108, 84.418, 29.82, 68.8265], [88.7878, 83.2134, 92.6108, 84.418, 29.82, 68.8265], [88.7878, 83.2134, 92.6108, 84.418, 29.82, 68.8265], [88.7878, 83.2134, 92.6108, 84.418, 29.82, 68.8265], [88.7878, 83.2134, 92.6108, 84.418, 29.82, 68.8265], [88.7878, 83.2134, 92.6108, 84.418, 29.82, 68.8265]], "total_test_time": 1888.4072315692902, "total_train_time": 383.0717442035675}
{"round": 4, "acc": [[88.8413, 83.3094, 92.6175, 84.4597, 30.1867, 69.0057], [88.8413, 83.3094, 92.6175, 84.4597, 30.1867, 69.0057], [88.8413, 83.3094, 92.6175, 84.4597, 30.1867, 69.0057], [88.8413, 83.3094, 92.6175, 84.4597, 30.1867, 69.0057], [88.8413, 83.3094, 92.6175, 84.4597, 30.1867, 69.0057], [88.8413, 83.3094, 92.6175, 84.4597, 30.1867, 69.0057]], "total_test_time": 2518.547173500061, "total_train_time": 511.36643505096436}
{"round": 5, "acc": [[88.8948, 83.4213, 92.6646, 84.4806, 30.36, 69.0953], [88.8948, 83.4213, 92.6646, 84.4806, 30.36, 69.0953], [88.8948, 83.4213, 92.6646, 84.4806, 30.36, 69.0953], [88.8948, 83.4213, 92.6646, 84.4806, 30.36, 69.0953], [88.8948, 83.4213, 92.6646, 84.4806, 30.36, 69.0953], [88.8948, 83.4213, 92.6646, 84.4806, 30.36, 69.0953]], "total_test_time": 3151.0033090114594, "total_train_time": 638.785445690155}
{"round": 6, "acc": [[89.0019, 83.4373, 92.6982, 84.6475, 30.5467, 69.1848], [89.0019, 83.4373, 92.6982, 84.6475, 30.5467, 69.1848], [89.0019, 83.4373, 92.6982, 84.6475, 30.5467, 69.1848], [89.0019, 83.4373, 92.6982, 84.6475, 30.5467, 69.1848], [89.0019, 83.4373, 92.6982, 84.6475, 30.5467, 69.1848], [89.0019, 83.4373, 92.6982, 84.6475, 30.5467, 69.1848]], "total_test_time": 3779.76801943779, "total_train_time": 766.0335257053375}
{"round": 7, "acc": [[89.0554, 83.6291, 92.7452, 84.5015, 30.74, 69.3341], [89.0554, 83.6291, 92.7452, 84.5015, 30.74, 69.3341], [89.0554, 83.6291, 92.7452, 84.5015, 30.74, 69.3341], [89.0554, 83.6291, 92.7452, 84.5015, 30.74, 69.3341], [89.0554, 83.6291, 92.7452, 84.5015, 30.74, 69.3341], [89.0554, 83.6291, 92.7452, 84.5015, 30.74, 69.3341]], "total_test_time": 4411.73926448822, "total_train_time": 894.1807584762573}
{"round": 9, "acc": [[89.1357, 83.4692, 92.6511, 84.7101, 30.84, 69.3043], [89.1357, 83.4692, 92.6511, 84.7101, 30.84, 69.3043], [89.1357, 83.4692, 92.6511, 84.7101, 30.84, 69.3043], [89.1357, 83.4692, 92.6511, 84.7101, 30.84, 69.3043], [89.1357, 83.4692, 92.6511, 84.7101, 30.84, 69.3043], [89.1357, 83.4692, 92.6511, 84.7101, 30.84, 69.3043]], "total_test_time": 5042.903427124023, "total_train_time": 1150.2518784999847}
{"round": 12, "acc": [[89.1089, 83.805, 92.7654, 84.5849, 30.6467, 69.3043], [89.1089, 83.805, 92.7654, 84.5849, 30.6467, 69.3043], [89.1089, 83.805, 92.7654, 84.5849, 30.6467, 69.3043], [89.1089, 83.805, 92.7654, 84.5849, 30.6467, 69.3043], [89.1089, 83.805, 92.7654, 84.5849, 30.6467, 69.3043], [89.1089, 83.805, 92.7654, 84.5849, 30.6467, 69.3043]], "total_test_time": 5672.227361679077, "total_train_time": 1535.1911058425903}
{"round": 22, "acc": [[89.0554, 83.693, 92.7587, 84.6058, 30.7067, 69.3043], [89.0554, 83.693, 92.7587, 84.6058, 30.7067, 69.3043], [89.0554, 83.693, 92.7587, 84.6058, 30.7067, 69.3043], [89.0554, 83.693, 92.7587, 84.6058, 30.7067, 69.3043], [89.0554, 83.693, 92.7587, 84.6058, 30.7067, 69.3043], [89.0554, 83.693, 92.7587, 84.6058, 30.7067, 69.3043]], "total_test_time": 6302.672772407532, "total_train_time": 2823.014579772949}
