{"base_model": "CLIP", "dataset": "office", "subset_size": 100, "image_encoder_name": "ViT-B-32", "optimizer": "AdamW", "batch_size": 32, "learning_rate": 0.001, "global_rounds": 200, "local_epochs": 1, "warm_up": 10, "seed": 1}
{"round": 0, "acc": [[80.5455, 91.8677, 91.5301, 80.4241], [75.4545, 94.8168, 89.6175, 80.6688], [77.0455, 93.2082, 92.623, 83.8499], [73.0, 90.2592, 89.5264, 84.2577]], "total_test_time": 0, "total_train_time": 0}
{"round": 1, "acc": [[77.6364, 94.7274, 92.623, 83.6868], [77.2273, 94.4593, 92.3953, 83.4421], [77.1818, 94.5934, 92.5319, 83.4421], [77.4545, 94.5487, 92.4408, 83.6868]], "total_test_time": 685.815836429596, "total_train_time": 126.21841192245483}
{"round": 2, "acc": [[77.9091, 94.8615, 92.3953, 84.4209], [77.5909, 94.6381, 92.3953, 83.6052], [77.6364, 94.6381, 92.3497, 83.8499], [77.5455, 94.37, 92.3953, 83.9315]], "total_test_time": 1370.4903464317322, "total_train_time": 251.6519491672516}
{"round": 3, "acc": [[78.0909, 94.9955, 92.5774, 83.5237], [77.3636, 94.5934, 92.3953, 83.6868], [77.3182, 94.4593, 92.3953, 83.1974], [77.5909, 94.2359, 92.4863, 83.6868]], "total_test_time": 2058.7348103523254, "total_train_time": 376.3863356113434}
{"round": 7, "acc": [[79.3182, 94.7274, 91.8944, 82.4633], [77.5909, 94.9508, 92.8051, 83.7684], [76.6818, 94.5487, 92.9417, 82.9527], [76.2727, 94.4147, 92.3953, 84.5024]], "total_test_time": 2743.329040288925, "total_train_time": 879.1508271694183}
{"round": 14, "acc": [[79.5, 93.7891, 91.6667, 78.7113], [77.0455, 94.8615, 92.3497, 82.2186], [76.1364, 94.504, 92.5774, 82.5449], [75.6364, 93.521, 91.8033, 84.4209]], "total_test_time": 3427.2785596847534, "total_train_time": 1763.8838489055634}
{"round": 23, "acc": [[79.2727, 93.3423, 91.3479, 77.814], [76.7273, 94.7721, 91.8488, 81.7292], [75.9545, 94.1912, 92.4863, 82.137], [75.0909, 93.1635, 91.5301, 84.1762]], "total_test_time": 4112.842680931091, "total_train_time": 2901.115263223648}
{"round": 33, "acc": [[79.3182, 93.1635, 91.1658, 77.4062], [76.2727, 94.5487, 91.7122, 81.4029], [75.6364, 94.0125, 92.3497, 82.137], [75.0909, 92.9848, 91.5301, 83.7684]], "total_test_time": 4798.797514200211, "total_train_time": 4164.233697652817}
