{"base_model": "CLIP", "dataset": "domainnet", "subset_size": 50, "image_encoder_name": "convnext_base", "optimizer": "AdamW", "batch_size": 32, "learning_rate": 0.001, "global_rounds": 200, "local_epochs": 1, "warm_up": 10, "seed": 1}
{"round": 0, "acc": [[85.9194, 80.2266, 90.7056, 83.7284, 61.3733, 69.6088], [85.9194, 80.2266, 90.7056, 83.7284, 61.3733, 69.6088], [85.9194, 80.2266, 90.7056, 83.7284, 61.3733, 69.6088], [85.9194, 80.2266, 90.7056, 83.7284, 61.3733, 69.6088], [85.9194, 80.2266, 90.7056, 83.7284, 61.3733, 69.6088], [85.9194, 80.2266, 90.7056, 83.7284, 61.3733, 69.6088]], "total_test_time": 899.6333203315735, "total_train_time": 37.504672050476074}
