{"base_model": "CLIP", "dataset": "PACS", "subset_size": 7, "image_encoder_name": "convnext_base", "optimizer": "AdamW", "batch_size": 32, "learning_rate": 0.001, "global_rounds": 200, "local_epochs": 1, "warm_up": 10, "seed": 1}
{"round": 0, "acc": [[99.8802, 96.5147, 98.2422, 99.1041], [99.8802, 96.5147, 98.2422, 99.1041], [99.8802, 96.5147, 98.2422, 99.1041], [99.8802, 96.5147, 98.2422, 99.1041]], "total_test_time": 96.13897180557251, "total_train_time": 0.4420778751373291}
