{"base_model": "CLIP", "dataset": "domainnet", "subset_size": 50, "image_encoder_name": "convnext_base", "optimizer": "AdamW", "batch_size": 32, "learning_rate": 0.001, "global_rounds": 200, "local_epochs": 1, "warm_up": 10, "seed": 1}
{"round": 0, "acc": [[86.582, 81.6714, 91.8725, 85.3299, 70.6667, 71.5172], [86.582, 81.6714, 91.8725, 85.3299, 70.6667, 71.5172], [86.582, 81.6714, 91.8725, 85.3299, 70.6667, 71.5172], [86.582, 81.6714, 91.8725, 85.3299, 70.6667, 71.5172], [86.582, 81.6714, 91.8725, 85.3299, 70.6667, 71.5172], [86.582, 81.6714, 91.8725, 85.3299, 70.6667, 71.5172]], "total_test_time": 902.2627577781677, "total_train_time": 274.58604526519775}
