{"base_model": "CLIP", "dataset": "domainnet", "subset_size": 50, "image_encoder_name": "convnext_base", "optimizer": "AdamW", "batch_size": 32, "learning_rate": 0.001, "global_rounds": 200, "local_epochs": 1, "warm_up": 10, "seed": 1}
{"round": 0, "acc": [[87.9072, 81.8414, 91.6418, 85.394, 68.8667, 71.8511], [87.9072, 81.8414, 91.6418, 85.394, 68.8667, 71.8511], [87.9072, 81.8414, 91.6418, 85.394, 68.8667, 71.8511], [87.9072, 81.8414, 91.6418, 85.394, 68.8667, 71.8511], [87.9072, 81.8414, 91.6418, 85.394, 68.8667, 71.8511], [87.9072, 81.8414, 91.6418, 85.394, 68.8667, 71.8511]], "total_test_time": 900.4429557323456, "total_train_time": 185.06889081001282}
