{"base_model": "CLIP", "dataset": "domainnet", "subset_size": 50, "image_encoder_name": "convnext_base", "optimizer": "AdamW", "batch_size": 32, "learning_rate": 0.001, "global_rounds": 200, "local_epochs": 1, "warm_up": 10, "seed": 1}
{"round": 0, "acc": [[84.3181, 78.3003, 88.9959, 83.344, 67.7067, 66.8893], [84.3181, 78.3003, 88.9959, 83.344, 67.7067, 66.8893], [84.3181, 78.3003, 88.9959, 83.344, 67.7067, 66.8893], [84.3181, 78.3003, 88.9959, 83.344, 67.7067, 66.8893], [84.3181, 78.3003, 88.9959, 83.344, 67.7067, 66.8893], [84.3181, 78.3003, 88.9959, 83.344, 67.7067, 66.8893]], "total_test_time": 901.551775932312, "total_train_time": 48.32726430892944}
