{"base_model": "CLIP", "dataset": "domainnet", "subset_size": 50, "image_encoder_name": "convnext_base", "optimizer": "AdamW", "batch_size": 32, "learning_rate": 0.001, "global_rounds": 200, "local_epochs": 1, "warm_up": 10, "seed": 1}
{"round": 0, "acc": [[88.5146, 82.9462, 92.2388, 87.1877, 71.3733, 72.9008], [88.5146, 82.9462, 92.2388, 87.1877, 71.3733, 72.9008], [88.5146, 82.9462, 92.2388, 87.1877, 71.3733, 72.9008], [88.5146, 82.9462, 92.2388, 87.1877, 71.3733, 72.9008], [88.5146, 82.9462, 92.2388, 87.1877, 71.3733, 72.9008], [88.5146, 82.9462, 92.2388, 87.1877, 71.3733, 72.9008]], "total_test_time": 892.3007674217224, "total_train_time": 396.5603377819061}
