{"base_model": "CLIP", "dataset": "domainnet", "subset_size": 50, "image_encoder_name": "convnext_base", "optimizer": "AdamW", "batch_size": 32, "learning_rate": 0.001, "global_rounds": 200, "local_epochs": 1, "warm_up": 10, "seed": 1}
{"round": 0, "acc": [[87.7968, 80.7649, 90.8141, 84.8815, 66.56, 70.8969], [87.7968, 80.7649, 90.8141, 84.8815, 66.56, 70.8969], [87.7968, 80.7649, 90.8141, 84.8815, 66.56, 70.8969], [87.7968, 80.7649, 90.8141, 84.8815, 66.56, 70.8969], [87.7968, 80.7649, 90.8141, 84.8815, 66.56, 70.8969], [87.7968, 80.7649, 90.8141, 84.8815, 66.56, 70.8969]], "total_test_time": 901.4117903709412, "total_train_time": 81.79887223243713}
