{"base_model": "CLIP", "dataset": "domainnet", "subset_size": 50, "image_encoder_name": "convnext_base", "optimizer": "AdamW", "batch_size": 32, "learning_rate": 0.001, "global_rounds": 200, "local_epochs": 1, "warm_up": 10, "seed": 1}
{"round": 0, "acc": [[89.8951, 83.2578, 92.9037, 87.508, 73.04, 73.7118], [89.8951, 83.2578, 92.9037, 87.508, 73.04, 73.7118], [89.8951, 83.2578, 92.9037, 87.508, 73.04, 73.7118], [89.8951, 83.2578, 92.9037, 87.508, 73.04, 73.7118], [89.8951, 83.2578, 92.9037, 87.508, 73.04, 73.7118], [89.8951, 83.2578, 92.9037, 87.508, 73.04, 73.7118]], "total_test_time": 898.1975469589233, "total_train_time": 698.371963262558}
