{"base_model": "CLIP", "dataset": "domainnet", "subset_size": 50, "image_encoder_name": "convnext_base", "optimizer": "AdamW", "batch_size": 32, "learning_rate": 0.001, "global_rounds": 200, "local_epochs": 1, "warm_up": 10, "seed": 1}
{"round": 0, "acc": [[88.9564, 82.153, 92.6323, 86.8033, 71.6, 72.7576], [88.9564, 82.153, 92.6323, 86.8033, 71.6, 72.7576], [88.9564, 82.153, 92.6323, 86.8033, 71.6, 72.7576], [88.9564, 82.153, 92.6323, 86.8033, 71.6, 72.7576], [88.9564, 82.153, 92.6323, 86.8033, 71.6, 72.7576], [88.9564, 82.153, 92.6323, 86.8033, 71.6, 72.7576]], "total_test_time": 900.8064739704132, "total_train_time": 415.3299949169159}
