{"base_model": "CLIP", "dataset": "PACS", "subset_size": 7, "image_encoder_name": "convnext_base", "optimizer": "AdamW", "batch_size": 32, "learning_rate": 0.001, "global_rounds": 200, "local_epochs": 1, "warm_up": 10, "seed": 1}
{"round": 0, "acc": [[99.7605, 95.9786, 98.3398, 98.9761], [99.7605, 95.9786, 98.3398, 98.9761], [99.7605, 95.9786, 98.3398, 98.9761], [99.7605, 95.9786, 98.3398, 98.9761]], "total_test_time": 96.16170072555542, "total_train_time": 0.6282005310058594}
