{"base_model": "CLIP", "dataset": "domainnet", "subset_size": 50, "image_encoder_name": "convnext_base", "optimizer": "AdamW", "batch_size": 32, "learning_rate": 0.001, "global_rounds": 200, "local_epochs": 1, "warm_up": 10, "seed": 1}
{"round": 0, "acc": [[90.392, 84.5042, 93.1072, 88.0205, 72.2267, 73.8073], [90.392, 84.5042, 93.1072, 88.0205, 72.2267, 73.8073], [90.392, 84.5042, 93.1072, 88.0205, 72.2267, 73.8073], [90.392, 84.5042, 93.1072, 88.0205, 72.2267, 73.8073], [90.392, 84.5042, 93.1072, 88.0205, 72.2267, 73.8073], [90.392, 84.5042, 93.1072, 88.0205, 72.2267, 73.8073]], "total_test_time": 897.7625997066498, "total_train_time": 799.2249932289124}
