{"base_model": "CLIP", "dataset": "domainnet", "subset_size": 50, "image_encoder_name": "convnext_base", "optimizer": "AdamW", "batch_size": 32, "learning_rate": 0.001, "global_rounds": 200, "local_epochs": 1, "warm_up": 10, "seed": 1}
{"round": 0, "acc": [[87.2446, 82.1246, 91.3976, 85.8424, 71.0533, 70.9924], [87.2446, 82.1246, 91.3976, 85.8424, 71.0533, 70.9924], [87.2446, 82.1246, 91.3976, 85.8424, 71.0533, 70.9924], [87.2446, 82.1246, 91.3976, 85.8424, 71.0533, 70.9924], [87.2446, 82.1246, 91.3976, 85.8424, 71.0533, 70.9924], [87.2446, 82.1246, 91.3976, 85.8424, 71.0533, 70.9924]], "total_test_time": 893.8140616416931, "total_train_time": 266.4570701122284}
