{"base_model": "CLIP", "dataset": "domainnet", "subset_size": 50, "image_encoder_name": "convnext_base", "optimizer": "AdamW", "batch_size": 32, "learning_rate": 0.001, "global_rounds": 200, "local_epochs": 1, "warm_up": 10, "seed": 1}
{"round": 0, "acc": [[89.7294, 83.0595, 92.6323, 87.4119, 71.7467, 72.9485], [89.7294, 83.0595, 92.6323, 87.4119, 71.7467, 72.9485], [89.7294, 83.0595, 92.6323, 87.4119, 71.7467, 72.9485], [89.7294, 83.0595, 92.6323, 87.4119, 71.7467, 72.9485], [89.7294, 83.0595, 92.6323, 87.4119, 71.7467, 72.9485], [89.7294, 83.0595, 92.6323, 87.4119, 71.7467, 72.9485]], "total_test_time": 891.5171501636505, "total_train_time": 530.8118672370911}
