{"base_model": "CLIP", "dataset": "domainnet", "subset_size": 50, "image_encoder_name": "convnext_base", "optimizer": "AdamW", "batch_size": 32, "learning_rate": 0.001, "global_rounds": 200, "local_epochs": 1, "warm_up": 10, "seed": 1}
{"round": 0, "acc": [[89.4533, 82.6346, 92.7273, 87.3479, 72.04, 73.521], [89.4533, 82.6346, 92.7273, 87.3479, 72.04, 73.521], [89.4533, 82.6346, 92.7273, 87.3479, 72.04, 73.521], [89.4533, 82.6346, 92.7273, 87.3479, 72.04, 73.521], [89.4533, 82.6346, 92.7273, 87.3479, 72.04, 73.521], [89.4533, 82.6346, 92.7273, 87.3479, 72.04, 73.521]], "total_test_time": 902.0346376895905, "total_train_time": 501.1125030517578}
