{"base_model": "CLIP", "dataset": "domainnet", "subset_size": 50, "image_encoder_name": "convnext_base", "optimizer": "AdamW", "batch_size": 32, "learning_rate": 0.001, "global_rounds": 200, "local_epochs": 1, "warm_up": 10, "seed": 1}
{"round": 0, "acc": [[89.3429, 84.5042, 92.7273, 87.476, 72.4133, 74.4275], [89.3429, 84.5042, 92.7273, 87.476, 72.4133, 74.4275], [89.3429, 84.5042, 92.7273, 87.476, 72.4133, 74.4275], [89.3429, 84.5042, 92.7273, 87.476, 72.4133, 74.4275], [89.3429, 84.5042, 92.7273, 87.476, 72.4133, 74.4275], [89.3429, 84.5042, 92.7273, 87.476, 72.4133, 74.4275]], "total_test_time": 903.8420252799988, "total_train_time": 802.9716761112213}
