{"base_model": "CLIP", "dataset": "PACS", "subset_size": 7, "image_encoder_name": "convnext_base", "optimizer": "AdamW", "batch_size": 32, "learning_rate": 0.001, "global_rounds": 200, "local_epochs": 1, "warm_up": 10, "seed": 1}
{"round": 0, "acc": [[99.8802, 88.4718, 95.8496, 97.3976], [99.8802, 88.4718, 95.8496, 97.3976], [99.8802, 88.4718, 95.8496, 97.3976], [99.8802, 88.4718, 95.8496, 97.3976]], "total_test_time": 93.92520380020142, "total_train_time": 0.045001983642578125}
