{"base_model": "CLIP", "dataset": "domainnet", "subset_size": 50, "image_encoder_name": "convnext_base", "optimizer": "AdamW", "batch_size": 32, "learning_rate": 0.001, "global_rounds": 200, "local_epochs": 1, "warm_up": 10, "seed": 1}
{"round": 0, "acc": [[89.9503, 83.5977, 92.7001, 87.8924, 71.6267, 73.6641], [89.9503, 83.5977, 92.7001, 87.8924, 71.6267, 73.6641], [89.9503, 83.5977, 92.7001, 87.8924, 71.6267, 73.6641], [89.9503, 83.5977, 92.7001, 87.8924, 71.6267, 73.6641], [89.9503, 83.5977, 92.7001, 87.8924, 71.6267, 73.6641], [89.9503, 83.5977, 92.7001, 87.8924, 71.6267, 73.6641]], "total_test_time": 892.5201241970062, "total_train_time": 752.4808127880096}
