{"base_model": "CLIP", "dataset": "domainnet", "subset_size": 50, "image_encoder_name": "convnext_base", "optimizer": "AdamW", "batch_size": 32, "learning_rate": 0.001, "global_rounds": 200, "local_epochs": 1, "warm_up": 10, "seed": 1}
{"round": 0, "acc": [[90.392, 84.1926, 92.8901, 87.6041, 73.52, 75.2863], [90.392, 84.1926, 92.8901, 87.6041, 73.52, 75.2863], [90.392, 84.1926, 92.8901, 87.6041, 73.52, 75.2863], [90.392, 84.1926, 92.8901, 87.6041, 73.52, 75.2863], [90.392, 84.1926, 92.8901, 87.6041, 73.52, 75.2863], [90.392, 84.1926, 92.8901, 87.6041, 73.52, 75.2863]], "total_test_time": 897.0522539615631, "total_train_time": 1448.618795633316}
