{"base_model": "CLIP", "dataset": "domainnet", "subset_size": 50, "image_encoder_name": "convnext_base", "optimizer": "AdamW", "batch_size": 32, "learning_rate": 0.001, "global_rounds": 200, "local_epochs": 1, "warm_up": 10, "seed": 1}
{"round": 0, "acc": [[89.4533, 82.7479, 91.7503, 87.1877, 56.0133, 74.1889], [89.4533, 82.7479, 91.7503, 87.1877, 56.0133, 74.1889], [89.4533, 82.7479, 91.7503, 87.1877, 56.0133, 74.1889], [89.4533, 82.7479, 91.7503, 87.1877, 56.0133, 74.1889], [89.4533, 82.7479, 91.7503, 87.1877, 56.0133, 74.1889], [89.4533, 82.7479, 91.7503, 87.1877, 56.0133, 74.1889]], "total_test_time": 900.994945526123, "total_train_time": 2.3242170810699463}
