{"base_model": "CLIP", "dataset": "PACS", "subset_size": 7, "image_encoder_name": "convnext_base", "optimizer": "AdamW", "batch_size": 32, "learning_rate": 0.001, "global_rounds": 200, "local_epochs": 1, "warm_up": 10, "seed": 1}
{"round": 0, "acc": [[99.7605, 95.9786, 98.7305, 99.1894], [99.7605, 95.9786, 98.7305, 99.1894], [99.7605, 95.9786, 98.7305, 99.1894], [99.7605, 95.9786, 98.7305, 99.1894]], "total_test_time": 95.75355625152588, "total_train_time": 2.4508824348449707}
