{"base_model": "CLIP", "dataset": "domainnet", "subset_size": 50, "image_encoder_name": "convnext_base", "optimizer": "AdamW", "batch_size": 32, "learning_rate": 0.001, "global_rounds": 200, "local_epochs": 1, "warm_up": 10, "seed": 1}
{"round": 0, "acc": [[89.1773, 84.6459, 92.9579, 88.3728, 73.2667, 74.666], [89.1773, 84.6459, 92.9579, 88.3728, 73.2667, 74.666], [89.1773, 84.6459, 92.9579, 88.3728, 73.2667, 74.666], [89.1773, 84.6459, 92.9579, 88.3728, 73.2667, 74.666], [89.1773, 84.6459, 92.9579, 88.3728, 73.2667, 74.666], [89.1773, 84.6459, 92.9579, 88.3728, 73.2667, 74.666]], "total_test_time": 898.1967461109161, "total_train_time": 1021.2198567390442}
