{"base_model": "CLIP", "dataset": "domainnet", "subset_size": 50, "image_encoder_name": "convnext_base", "optimizer": "AdamW", "batch_size": 32, "learning_rate": 0.001, "global_rounds": 200, "local_epochs": 1, "warm_up": 10, "seed": 1}
{"round": 0, "acc": [[87.7968, 82.0397, 92.4966, 87.6041, 69.44, 73.0439], [87.7968, 82.0397, 92.4966, 87.6041, 69.44, 73.0439], [87.7968, 82.0397, 92.4966, 87.6041, 69.44, 73.0439], [87.7968, 82.0397, 92.4966, 87.6041, 69.44, 73.0439], [87.7968, 82.0397, 92.4966, 87.6041, 69.44, 73.0439], [87.7968, 82.0397, 92.4966, 87.6041, 69.44, 73.0439]], "total_test_time": 894.5951359272003, "total_train_time": 264.2336902618408}
