{"base_model": "CLIP", "dataset": "domainnet", "subset_size": 50, "image_encoder_name": "convnext_base", "optimizer": "AdamW", "batch_size": 32, "learning_rate": 0.001, "global_rounds": 200, "local_epochs": 1, "warm_up": 10, "seed": 1}
{"round": 0, "acc": [[86.2507, 79.4618, 89.6336, 84.337, 69.4933, 69.1794], [86.2507, 79.4618, 89.6336, 84.337, 69.4933, 69.1794], [86.2507, 79.4618, 89.6336, 84.337, 69.4933, 69.1794], [86.2507, 79.4618, 89.6336, 84.337, 69.4933, 69.1794], [86.2507, 79.4618, 89.6336, 84.337, 69.4933, 69.1794], [86.2507, 79.4618, 89.6336, 84.337, 69.4933, 69.1794]], "total_test_time": 900.2468309402466, "total_train_time": 123.37987065315247}
