{"base_model": "CLIP", "dataset": "domainnet", "subset_size": 50, "image_encoder_name": "RN101", "optimizer": "AdamW", "batch_size": 32, "learning_rate": 0.001, "global_rounds": 200, "local_epochs": 1, "warm_up": 10, "seed": 1}
{"round": 0, "acc": [[51.0215, 43.4278, 63.5278, 43.786, 9.92, 28.9599], [45.0028, 58.1586, 75.6716, 44.811, 8.24, 29.9141], [47.8189, 56.7139, 78.1818, 45.4196, 8.88, 30.8206], [41.9105, 37.8187, 57.1099, 46.9891, 14.5867, 20.6584], [2.8713, 2.3796, 1.8182, 6.246, 47.48, 1.0496], [42.6836, 37.4788, 58.7517, 33.9846, 7.2267, 29.0553]], "total_test_time": 416.649817943573, "total_train_time": 1450.7543692588806}
