{"base_model": "CLIP", "dataset": "domainnet", "subset_size": 50, "image_encoder_name": "RN101", "optimizer": "AdamW", "batch_size": 32, "learning_rate": 0.001, "global_rounds": 200, "local_epochs": 1, "warm_up": 10, "seed": 1}
{"round": 0, "acc": [[51.6289, 43.9093, 65.0611, 44.2024, 10.16, 27.2424], [45.7758, 59.2068, 76.133, 44.1384, 7.12, 28.5782], [49.1441, 57.9037, 78.8738, 45.0032, 9.1067, 28.7214], [40.3644, 35.6091, 56.0516, 47.918, 17.76, 19.0363], [2.8713, 0.6799, 2.1031, 6.1499, 50.2267, 2.3378], [45.2236, 40.5099, 59.7015, 34.9455, 6.96, 30.3912]], "total_test_time": 418.4183237552643, "total_train_time": 1229.8373744487762}
