{"base_model": "CLIP", "dataset": "domainnet", "subset_size": 50, "image_encoder_name": "RN101", "optimizer": "AdamW", "batch_size": 32, "learning_rate": 0.001, "global_rounds": 200, "local_epochs": 1, "warm_up": 10, "seed": 1}
{"round": 0, "acc": [[49.4754, 44.0793, 64.0706, 43.722, 11.2267, 28.1489], [43.2358, 58.3286, 75.5631, 44.779, 9.8533, 27.6718], [48.2606, 55.4391, 78.114, 45.4837, 9.6133, 30.2958], [39.9227, 36.3739, 56.0244, 47.95, 14.72, 19.5134], [4.1414, 1.1048, 3.0529, 5.4452, 48.6533, 2.0038], [42.0762, 37.2521, 55.0882, 31.8706, 8.24, 28.8645]], "total_test_time": 419.32820868492126, "total_train_time": 1099.1996335983276}
