{"base_model": "CLIP", "dataset": "domainnet", "subset_size": 50, "image_encoder_name": "RN101", "optimizer": "AdamW", "batch_size": 32, "learning_rate": 0.001, "global_rounds": 200, "local_epochs": 1, "warm_up": 10, "seed": 1}
{"round": 0, "acc": [[44.2849, 38.5269, 58.9552, 38.4689, 11.2533, 25.6202], [41.9105, 52.8895, 70.2307, 42.0884, 9.8533, 28.3397], [44.1193, 52.3796, 73.4464, 41.8962, 9.6267, 28.6737], [36.72, 31.898, 51.0991, 42.5048, 14.8533, 19.4656], [3.3131, 3.0312, 2.9444, 6.0858, 40.6267, 2.6718], [38.4318, 34.5326, 53.0801, 30.6855, 9.9333, 27.7672]], "total_test_time": 475.048983335495, "total_train_time": 452.9789574146271}
