{"base_model": "CLIP", "dataset": "domainnet", "subset_size": 50, "image_encoder_name": "RN101", "optimizer": "AdamW", "batch_size": 32, "learning_rate": 0.001, "global_rounds": 200, "local_epochs": 1, "warm_up": 10, "seed": 1}
{"round": 0, "acc": [[47.8741, 40.6799, 63.2564, 40.9033, 8.9333, 26.5267], [44.561, 56.7989, 75.1967, 41.8642, 8.8267, 28.1489], [46.825, 54.4193, 77.1913, 41.704, 9.04, 30.6298], [37.4379, 32.9178, 53.4464, 45.4837, 14.04, 20.1813], [3.0922, 3.2295, 2.4423, 6.1819, 45.9733, 1.4313], [41.3031, 35.5807, 56.73, 32.9596, 9.0, 28.0057]], "total_test_time": 419.8338243961334, "total_train_time": 813.1894719600677}
