{"base_model": "CLIP", "dataset": "domainnet", "subset_size": 50, "image_encoder_name": "RN101", "optimizer": "AdamW", "batch_size": 32, "learning_rate": 0.001, "global_rounds": 200, "local_epochs": 1, "warm_up": 10, "seed": 1}
{"round": 0, "acc": [[48.1502, 43.5694, 64.3826, 43.3056, 7.08, 26.9084], [43.5671, 56.9688, 74.9254, 43.1454, 7.8, 29.3893], [47.101, 54.9008, 77.5441, 44.2665, 8.0533, 29.3416], [37.9348, 35.4108, 56.038, 45.6438, 13.6933, 19.4656], [3.037, 2.5779, 2.2931, 7.6553, 46.7333, 1.6698], [41.7449, 37.9037, 57.4355, 34.9455, 8.7467, 28.9599]], "total_test_time": 417.44340324401855, "total_train_time": 924.5980622768402}
