{"base_model": "CLIP", "dataset": "domainnet", "subset_size": 50, "image_encoder_name": "RN101", "optimizer": "AdamW", "batch_size": 32, "learning_rate": 0.001, "global_rounds": 200, "local_epochs": 1, "warm_up": 10, "seed": 1}
{"round": 0, "acc": [[41.5792, 37.9887, 57.4084, 36.7713, 7.8667, 24.0935], [37.1618, 49.0085, 68.1547, 36.6752, 8.08, 24.3798], [40.9166, 49.6884, 71.479, 40.0064, 8.8133, 27.1947], [31.9161, 33.9943, 50.6784, 38.1166, 10.3333, 17.9389], [4.1966, 2.0963, 2.0896, 5.1249, 34.88, 1.7653], [36.2231, 36.0907, 52.9172, 30.3011, 7.5067, 23.7118]], "total_test_time": 420.20075392723083, "total_train_time": 28.371536016464233}
