{"base_model": "CLIP", "dataset": "domainnet", "subset_size": 50, "image_encoder_name": "RN101", "optimizer": "AdamW", "batch_size": 32, "learning_rate": 0.001, "global_rounds": 200, "local_epochs": 1, "warm_up": 10, "seed": 1}
{"round": 0, "acc": [[43.6223, 40.6799, 60.2985, 38.4689, 9.16, 23.855], [42.1314, 53.3428, 70.5292, 42.1204, 7.7067, 26.9561], [43.1253, 50.8499, 73.9213, 40.7111, 8.3733, 27.5763], [35.3396, 32.7479, 50.597, 42.5048, 15.2533, 16.7462], [3.037, 0.7365, 2.5373, 3.7796, 39.36, 2.7195], [40.1436, 33.0312, 53.6906, 32.1268, 7.96, 25.1908]], "total_test_time": 419.63740587234497, "total_train_time": 98.89409065246582}
