{"base_model": "CLIP", "dataset": "domainnet", "subset_size": 50, "image_encoder_name": "RN101", "optimizer": "AdamW", "batch_size": 32, "learning_rate": 0.001, "global_rounds": 200, "local_epochs": 1, "warm_up": 10, "seed": 1}
{"round": 0, "acc": [[50.138, 43.796, 65.4274, 43.5618, 10.3733, 28.8645], [45.4997, 58.5552, 76.1465, 44.4587, 8.2133, 28.2443], [47.6532, 56.2606, 78.6974, 45.9321, 9.5467, 30.2481], [40.5301, 36.0057, 56.5672, 49.0391, 16.3733, 19.3702], [3.2579, 3.4278, 2.7408, 5.6054, 48.88, 1.2405], [44.8923, 39.0368, 58.2768, 33.8565, 8.9467, 29.2462]], "total_test_time": 420.707496881485, "total_train_time": 1297.4025144577026}
