{"base_model": "CLIP", "dataset": "domainnet", "subset_size": 50, "image_encoder_name": "RN101", "optimizer": "AdamW", "batch_size": 32, "learning_rate": 0.001, "global_rounds": 200, "local_epochs": 1, "warm_up": 10, "seed": 1}
{"round": 0, "acc": [[47.3771, 40.4816, 60.8277, 39.3978, 9.0133, 24.8569], [39.8675, 54.6742, 73.3379, 38.9494, 8.0267, 27.0515], [45.2789, 53.8527, 75.3189, 40.583, 8.88, 28.292], [37.6588, 33.2578, 53.2022, 44.3946, 12.48, 18.7977], [4.4727, 3.3711, 2.5237, 5.0288, 44.1867, 1.0973], [40.0331, 35.7507, 54.0434, 30.7816, 7.88, 27.4809]], "total_test_time": 418.6391098499298, "total_train_time": 647.5896036624908}
