{"base_model": "CLIP", "dataset": "domainnet", "subset_size": 50, "image_encoder_name": "RN101", "optimizer": "AdamW", "batch_size": 32, "learning_rate": 0.001, "global_rounds": 200, "local_epochs": 1, "warm_up": 10, "seed": 1}
{"round": 0, "acc": [[39.5914, 35.5524, 53.7992, 32.7995, 7.2133, 23.0916], [39.1496, 49.4334, 67.422, 39.3978, 5.7333, 28.9122], [40.8614, 49.7734, 69.213, 41.1275, 6.64, 30.0573], [32.7443, 34.6742, 49.5251, 35.0096, 9.0933, 20.563], [2.54, 0.9632, 1.0176, 5.0288, 26.2667, 0.5725], [36.444, 30.2266, 47.8697, 27.6105, 6.76, 23.5687]], "total_test_time": 471.3869249820709, "total_train_time": 2.7557389736175537}
