{"base_model": "CLIP", "dataset": "domainnet", "subset_size": 50, "image_encoder_name": "RN101", "optimizer": "AdamW", "batch_size": 32, "learning_rate": 0.001, "global_rounds": 200, "local_epochs": 1, "warm_up": 10, "seed": 1}
{"round": 0, "acc": [[43.788, 39.6317, 60.7327, 38.1486, 10.5333, 26.145], [40.1988, 55.9773, 71.7096, 39.8783, 7.7733, 26.0496], [43.4567, 53.7677, 74.6404, 41.9603, 8.4133, 28.7214], [34.4561, 31.3031, 52.3338, 40.8392, 14.6533, 18.7977], [3.0922, 3.9943, 2.171, 3.7796, 40.5467, 1.0973], [38.7631, 35.2408, 53.5278, 30.205, 8.9733, 26.0973]], "total_test_time": 419.0694534778595, "total_train_time": 261.56217980384827}
