{"base_model": "CLIP", "dataset": "domainnet", "subset_size": 50, "image_encoder_name": "RN101", "optimizer": "AdamW", "batch_size": 32, "learning_rate": 0.001, "global_rounds": 200, "local_epochs": 1, "warm_up": 10, "seed": 1}
{"round": 0, "acc": [[45.9967, 42.153, 60.9905, 41.8001, 9.1067, 26.3359], [43.291, 54.136, 72.483, 42.0564, 8.2133, 25.8588], [45.7758, 53.6827, 75.251, 42.729, 8.16, 28.4828], [37.6588, 35.0142, 52.863, 44.2345, 13.2533, 19.9427], [4.0309, 2.1246, 1.7775, 5.7976, 43.1733, 1.2405], [41.2479, 35.5241, 53.5278, 30.1089, 9.88, 27.0038]], "total_test_time": 716.8458204269409, "total_train_time": 726.042477607727}
