{"base_model": "CLIP", "dataset": "domainnet", "subset_size": 50, "image_encoder_name": "RN101", "optimizer": "AdamW", "batch_size": 32, "learning_rate": 0.001, "global_rounds": 200, "local_epochs": 1, "warm_up": 10, "seed": 1}
{"round": 0, "acc": [[46.6593, 41.7847, 62.5373, 40.647, 10.44, 25.6202], [45.5549, 54.9008, 73.7313, 43.0493, 8.3333, 27.7195], [47.3771, 54.0227, 76.9878, 44.0423, 9.44, 28.1011], [37.5483, 34.1926, 53.3243, 44.4266, 14.6, 18.6546], [2.7609, 2.2096, 3.0936, 6.9186, 45.1467, 1.0496], [42.5179, 35.6657, 57.4355, 32.319, 9.4133, 27.624]], "total_test_time": 470.8950297832489, "total_train_time": 878.6223359107971}
