{"base_model": "CLIP", "dataset": "domainnet", "subset_size": 50, "image_encoder_name": "RN101", "optimizer": "AdamW", "batch_size": 32, "learning_rate": 0.001, "global_rounds": 200, "local_epochs": 1, "warm_up": 10, "seed": 1}
{"round": 0, "acc": [[50.8559, 44.1926, 65.7531, 44.3946, 9.6267, 28.6737], [44.1745, 59.0368, 76.8792, 45.3555, 7.9067, 31.5363], [48.7576, 57.6487, 79.0502, 45.7079, 7.84, 31.0115], [39.9227, 35.6091, 55.1967, 48.975, 13.84, 19.4656], [3.2027, 2.7195, 2.3881, 5.7015, 50.8667, 0.7634], [43.4014, 40.3399, 59.6472, 35.458, 9.16, 30.4389]], "total_test_time": 417.2392244338989, "total_train_time": 1378.115694284439}
