{"base_model": "CLIP", "dataset": "domainnet", "subset_size": 50, "image_encoder_name": "RN101", "optimizer": "AdamW", "batch_size": 32, "learning_rate": 0.001, "global_rounds": 200, "local_epochs": 1, "warm_up": 10, "seed": 1}
{"round": 0, "acc": [[42.9597, 35.779, 56.7978, 37.4439, 11.1467, 23.0439], [41.0271, 48.8102, 67.6662, 41.0634, 7.6667, 24.0458], [44.5058, 49.8584, 71.2619, 43.4657, 9.9733, 28.1966], [36.2783, 32.8045, 51.3161, 40.5189, 15.2667, 16.6031], [4.5279, 1.3881, 2.5645, 5.189, 40.9733, 1.5744], [38.5422, 33.4278, 51.9674, 30.205, 9.8667, 24.3798]], "total_test_time": 471.76410818099976, "total_train_time": 39.88303303718567}
