{"base_model": "CLIP", "dataset": "domainnet", "subset_size": 50, "image_encoder_name": "RN101", "optimizer": "AdamW", "batch_size": 32, "learning_rate": 0.001, "global_rounds": 200, "local_epochs": 1, "warm_up": 10, "seed": 1}
{"round": 0, "acc": [[51.7394, 44.7592, 65.6309, 45.1313, 10.52, 29.2462], [46.2728, 59.4618, 76.7707, 45.5798, 8.4133, 31.9656], [49.5859, 58.0737, 79.7286, 45.7399, 8.32, 32.4427], [40.751, 36.034, 55.5631, 49.2633, 16.3333, 19.1317], [3.5892, 2.0963, 2.5916, 7.303, 50.72, 2.0515], [42.8493, 39.1785, 58.806, 35.7783, 7.96, 30.6298]], "total_test_time": 416.11744356155396, "total_train_time": 1414.4992218017578}
