{"base_model": "CLIP", "dataset": "domainnet", "subset_size": 50, "image_encoder_name": "RN101", "optimizer": "AdamW", "batch_size": 32, "learning_rate": 0.001, "global_rounds": 200, "local_epochs": 1, "warm_up": 10, "seed": 1}
{"round": 0, "acc": [[47.6532, 43.5694, 64.0706, 41.8001, 10.6, 28.1966], [46.328, 55.8924, 74.3555, 42.5689, 9.9333, 27.624], [47.598, 54.6459, 77.8019, 44.779, 9.72, 28.7691], [38.3766, 35.0425, 54.3284, 45.4516, 13.9733, 19.7042], [3.5892, 3.0312, 2.6187, 5.5734, 46.1067, 1.7653], [43.1806, 37.847, 56.4993, 32.9917, 9.6133, 28.8645]], "total_test_time": 474.54244208335876, "total_train_time": 1422.0797157287598}
