{"base_model": "CLIP", "dataset": "domainnet", "subset_size": 50, "image_encoder_name": "RN101", "optimizer": "AdamW", "batch_size": 32, "learning_rate": 0.001, "global_rounds": 200, "local_epochs": 1, "warm_up": 10, "seed": 1}
{"round": 0, "acc": [[43.0701, 39.6317, 59.118, 39.2697, 9.76, 24.4275], [42.021, 52.0963, 69.7422, 40.2306, 6.8933, 25.9542], [45.2789, 52.8045, 72.7001, 42.665, 8.56, 28.8168], [35.947, 33.0878, 51.1669, 41.7681, 13.7333, 17.7481], [3.6996, 2.6629, 2.8765, 5.189, 40.12, 2.2424], [37.8244, 34.9008, 54.6133, 32.7034, 8.1067, 26.0019]], "total_test_time": 554.7442860603333, "total_train_time": 86.95131254196167}
