{"base_model": "CLIP", "dataset": "domainnet", "subset_size": 5, "image_encoder_name": "RN50-quickgelu", "optimizer": "AdamW", "batch_size": 32, "learning_rate": 0.001, "global_rounds": 200, "local_epochs": 1, "warm_up": 10, "seed": 1}
{"round": 0, "acc": [[84.9624, 87.541, 95.9032, 88.5246, 41.0667, 87.6923], [77.4436, 83.9344, 95.3445, 90.4918, 46.9333, 81.5385], [84.9624, 87.8689, 95.5307, 87.8689, 54.1333, 86.1538], [71.4286, 75.082, 88.0819, 86.2295, 55.3333, 69.2308], [26.3158, 8.8525, 28.6778, 29.8361, 81.0667, 10.7692], [85.7143, 89.8361, 97.7654, 92.7869, 52.1333, 87.6923]], "total_test_time": 29.758818864822388, "total_train_time": 0.6462111473083496}
