{"base_model": "CLIP", "dataset": "domainnet", "subset_size": 5, "image_encoder_name": "RN50", "optimizer": "AdamW", "batch_size": 32, "learning_rate": 0.001, "global_rounds": 200, "local_epochs": 1, "warm_up": 10, "seed": 1}
{"round": 0, "acc": [[81.203, 84.2623, 93.4823, 76.0656, 36.9333, 81.5385], [73.6842, 85.9016, 96.8343, 74.7541, 32.6667, 56.9231], [68.4211, 80.6557, 94.2272, 66.5574, 27.2, 53.8462], [81.9549, 83.9344, 89.9441, 78.6885, 39.0667, 67.6923], [39.8496, 50.1639, 13.0354, 45.9016, 74.5333, 9.2308], [80.4511, 87.8689, 97.7654, 81.3115, 36.8, 72.3077]], "total_test_time": 28.349629163742065, "total_train_time": 0.6685929298400879}
