{"base_model": "CLIP", "dataset": "domainnet", "subset_size": 50, "image_encoder_name": "RN50", "optimizer": "AdamW", "batch_size": 32, "learning_rate": 0.001, "global_rounds": 200, "local_epochs": 1, "warm_up": 10, "seed": 1}
{"round": 0, "acc": [[50.3589, 42.9178, 64.7761, 44.1384, 8.4133, 27.2901], [44.8371, 58.1303, 76.9878, 44.3306, 6.3333, 29.7233], [47.2115, 55.8357, 79.3894, 43.1454, 6.5867, 29.5324], [40.1988, 36.8272, 56.5265, 48.7828, 12.7333, 19.1794], [4.1966, 0.6799, 3.2972, 6.8546, 50.8133, 3.1966], [43.8984, 40.0, 58.9959, 35.7783, 8.36, 30.8683]], "total_test_time": 336.6442151069641, "total_train_time": 577.5133681297302}
