{"base_model": "CLIP", "dataset": "domainnet", "subset_size": 50, "image_encoder_name": "RN50", "optimizer": "AdamW", "batch_size": 32, "learning_rate": 0.001, "global_rounds": 200, "local_epochs": 1, "warm_up": 10, "seed": 1}
{"round": 0, "acc": [[48.6472, 40.6799, 64.1113, 43.1454, 7.56, 27.7672], [43.9536, 56.6856, 75.5767, 42.9532, 5.3867, 30.916], [47.9293, 56.3173, 78.5753, 43.1134, 5.92, 31.1546], [40.3092, 34.051, 57.517, 46.9571, 14.56, 19.7996], [3.7548, 0.5666, 2.9579, 6.9827, 50.04, 3.0534], [41.0823, 37.1388, 55.8752, 34.2729, 6.8267, 30.7729]], "total_test_time": 340.24451065063477, "total_train_time": 312.7516622543335}
