{"base_model": "CLIP", "dataset": "domainnet", "subset_size": 50, "image_encoder_name": "RN50", "optimizer": "AdamW", "batch_size": 32, "learning_rate": 0.001, "global_rounds": 200, "local_epochs": 1, "warm_up": 10, "seed": 1}
{"round": 0, "acc": [[47.8741, 38.6969, 62.3066, 42.4087, 8.2533, 27.5286], [44.6162, 56.4589, 74.5455, 42.8251, 5.84, 30.2958], [46.4384, 54.9008, 77.6119, 42.0564, 6.48, 29.8664], [39.3705, 35.6657, 57.6934, 45.4837, 12.5733, 19.1794], [3.1474, 1.6431, 2.7815, 7.271, 49.1733, 2.5763], [42.5732, 37.9603, 56.7571, 34.3049, 7.0667, 29.9618]], "total_test_time": 339.9646761417389, "total_train_time": 221.82828307151794}
