{"base_model": "CLIP", "dataset": "domainnet", "subset_size": 50, "image_encoder_name": "RN50x4", "optimizer": "AdamW", "batch_size": 32, "learning_rate": 0.001, "global_rounds": 200, "local_epochs": 1, "warm_up": 10, "seed": 1}
{"round": 0, "acc": [[63.6113, 48.7252, 78.3311, 61.6272, 14.9333, 56.7271], [72.6118, 65.9773, 85.8209, 72.7098, 18.88, 62.166], [74.5445, 64.4193, 86.1737, 72.4536, 21.64, 62.5477], [60.6847, 44.1643, 74.8304, 63.9654, 19.3067, 53.3397], [4.4727, 2.2096, 2.8358, 12.9725, 31.7733, 3.6737], [69.3539, 56.4589, 81.8046, 67.713, 15.5867, 59.9237]], "total_test_time": 935.2753946781158, "total_train_time": 27.077730178833008}
