{"base_model": "CLIP", "dataset": "domainnet", "subset_size": 50, "image_encoder_name": "RN50", "optimizer": "AdamW", "batch_size": 32, "learning_rate": 0.001, "global_rounds": 200, "local_epochs": 1, "warm_up": 10, "seed": 1}
{"round": 0, "acc": [[54.169, 42.7762, 65.4953, 45.3876, 7.8133, 28.5782], [47.101, 61.0765, 78.5346, 44.2024, 8.44, 29.6756], [49.5306, 59.0085, 80.6106, 45.9962, 8.1467, 31.5363], [42.8493, 37.5637, 59.213, 51.5375, 13.5733, 20.9924], [4.0309, 1.4164, 3.175, 8.0077, 54.1467, 2.5286], [45.0028, 40.3683, 59.9186, 36.9315, 6.9867, 34.2557]], "total_test_time": 333.0793068408966, "total_train_time": 1605.4869618415833}
