{"base_model": "CLIP", "dataset": "domainnet", "subset_size": 10, "image_encoder_name": "RN50", "optimizer": "AdamW", "batch_size": 32, "learning_rate": 0.001, "global_rounds": 200, "local_epochs": 1, "warm_up": 10, "seed": 1}
{"round": 0, "acc": [[69.4805, 61.2717, 85.4209, 56.7925, 19.2, 45.977], [61.6883, 70.8671, 91.4784, 67.5472, 16.0667, 43.1034], [65.2597, 75.2601, 90.4517, 64.3396, 18.7333, 49.4253], [64.2857, 55.1445, 79.9795, 54.5283, 24.8667, 33.3333], [21.7532, 10.4046, 12.5257, 21.3208, 57.2667, 17.8161], [65.5844, 58.9595, 77.5154, 52.8302, 13.7333, 42.5287]], "total_test_time": 68.8156008720398, "total_train_time": 0.17897295951843262}
