{"base_model": "CLIP", "dataset": "domainnet", "subset_size": 50, "image_encoder_name": "RN50x4", "optimizer": "AdamW", "batch_size": 32, "learning_rate": 0.001, "global_rounds": 200, "local_epochs": 1, "warm_up": 10, "seed": 1}
{"round": 0, "acc": [[66.7035, 51.9263, 79.403, 65.0224, 17.5733, 64.1221], [76.6427, 69.0085, 86.9199, 75.7207, 27.48, 70.229], [77.5814, 68.6119, 86.6079, 76.2652, 29.8933, 70.2767], [67.4765, 55.7224, 79.3216, 67.4888, 24.28, 62.6431], [4.2518, 2.238, 4.1927, 10.6662, 33.3467, 5.6775], [71.6731, 61.2748, 81.0719, 71.2684, 20.2667, 64.5992]], "total_test_time": 935.4248759746552, "total_train_time": 2.7747039794921875}
