{"base_model": "CLIP", "dataset": "domainnet", "subset_size": 50, "image_encoder_name": "RN50x4", "optimizer": "AdamW", "batch_size": 32, "learning_rate": 0.001, "global_rounds": 200, "local_epochs": 1, "warm_up": 10, "seed": 1}
{"round": 0, "acc": [[68.3048, 57.5637, 81.9539, 65.631, 15.32, 60.4485], [75.4279, 71.3598, 88.6296, 76.9379, 20.2933, 64.4561], [77.3606, 70.4249, 88.7924, 76.2972, 22.6533, 65.6489], [66.0409, 53.5127, 79.0638, 70.4036, 22.1867, 56.7271], [5.5218, 2.2663, 4.749, 14.8302, 44.4133, 5.2004], [73.7162, 63.7677, 83.4328, 73.1903, 17.4133, 63.9313]], "total_test_time": 937.2313785552979, "total_train_time": 159.03691053390503}
