{"base_model": "CLIP", "dataset": "domainnet", "subset_size": 50, "image_encoder_name": "RN50", "optimizer": "AdamW", "batch_size": 32, "learning_rate": 0.001, "global_rounds": 200, "local_epochs": 1, "warm_up": 10, "seed": 1}
{"round": 0, "acc": [[52.5124, 40.9915, 65.3189, 45.0352, 9.9067, 27.2424], [43.4567, 58.5269, 77.1642, 43.0814, 7.8667, 29.0553], [49.0889, 56.4306, 79.2673, 44.5227, 6.7333, 31.1069], [41.8001, 33.9943, 58.6974, 50.1602, 16.2667, 20.8492], [4.2518, 2.1813, 2.5237, 8.9686, 51.6933, 1.5267], [45.058, 38.4986, 59.0638, 35.8744, 6.3867, 32.0134]], "total_test_time": 337.31445932388306, "total_train_time": 618.3337562084198}
