{"base_model": "CLIP", "dataset": "domainnet", "subset_size": 50, "image_encoder_name": "RN50", "optimizer": "AdamW", "batch_size": 32, "learning_rate": 0.001, "global_rounds": 200, "local_epochs": 1, "warm_up": 10, "seed": 1}
{"round": 0, "acc": [[52.5124, 44.0227, 66.7707, 46.6688, 7.52, 30.2481], [47.2115, 60.6516, 78.3446, 44.2985, 6.4533, 31.4408], [50.8559, 57.9037, 80.7734, 45.2594, 7.1333, 31.8702], [43.5119, 39.5751, 61.0041, 51.4094, 13.6133, 20.4676], [3.534, 1.5864, 3.0936, 8.9686, 53.96, 2.1469], [45.4997, 40.4249, 60.4885, 35.8744, 7.5333, 33.4924]], "total_test_time": 357.78989028930664, "total_train_time": 1664.4614162445068}
