{"base_model": "CLIP", "dataset": "domainnet", "subset_size": 50, "image_encoder_name": "RN50x4", "optimizer": "AdamW", "batch_size": 32, "learning_rate": 0.001, "global_rounds": 200, "local_epochs": 1, "warm_up": 10, "seed": 1}
{"round": 0, "acc": [[65.8752, 54.3909, 79.8236, 63.9654, 13.96, 57.9676], [73.2744, 67.3654, 85.9973, 73.0301, 24.8267, 60.9256], [74.5445, 65.3824, 86.8657, 73.3184, 26.24, 61.9752], [61.3473, 51.5297, 76.6893, 65.9193, 24.72, 53.8645], [6.5157, 3.3428, 5.4953, 14.2857, 43.88, 4.1031], [70.9553, 59.7734, 82.6323, 68.4177, 20.56, 59.0649]], "total_test_time": 936.6639876365662, "total_train_time": 27.3878173828125}
