{"base_model": "CLIP", "dataset": "domainnet", "subset_size": 50, "image_encoder_name": "RN50", "optimizer": "AdamW", "batch_size": 32, "learning_rate": 0.001, "global_rounds": 200, "local_epochs": 1, "warm_up": 10, "seed": 1}
{"round": 0, "acc": [[49.6963, 41.0482, 63.46, 41.9603, 9.7067, 26.6221], [43.4567, 56.5439, 75.0882, 41.672, 8.7867, 27.5763], [46.4384, 53.7677, 77.4084, 42.5048, 8.72, 28.626], [40.1988, 34.5326, 57.8562, 46.6688, 14.7867, 19.7042], [3.7548, 1.898, 3.8128, 7.3991, 48.5867, 4.3893], [40.4749, 37.3371, 56.1601, 30.7816, 9.0267, 30.105]], "total_test_time": 338.2915060520172, "total_train_time": 152.30585837364197}
