{"base_model": "CLIP", "dataset": "domainnet", "subset_size": 50, "image_encoder_name": "RN50", "optimizer": "AdamW", "batch_size": 32, "learning_rate": 0.001, "global_rounds": 200, "local_epochs": 1, "warm_up": 10, "seed": 1}
{"round": 0, "acc": [[49.7515, 43.5127, 64.152, 43.0814, 6.44, 27.4332], [41.5792, 57.4788, 76.9607, 41.1915, 7.6133, 28.8645], [47.0458, 54.3909, 78.8602, 40.9673, 6.6133, 30.2004], [38.7631, 37.0822, 59.1316, 47.5977, 12.6133, 22.2328], [4.307, 2.068, 4.1655, 8.4881, 50.5867, 2.7672], [41.3031, 40.255, 56.6893, 35.2018, 6.8267, 31.0592]], "total_test_time": 336.5051898956299, "total_train_time": 299.1952750682831}
