{"base_model": "CLIP", "dataset": "domainnet", "subset_size": 50, "image_encoder_name": "RN50", "optimizer": "AdamW", "batch_size": 32, "learning_rate": 0.001, "global_rounds": 200, "local_epochs": 1, "warm_up": 10, "seed": 1}
{"round": 0, "acc": [[43.291, 35.5524, 55.1696, 38.2447, 8.3467, 25.4294], [41.3584, 49.0652, 66.5129, 40.8712, 5.4, 26.5744], [44.3954, 48.272, 70.8955, 40.583, 7.7867, 29.1508], [35.947, 33.0028, 51.7368, 40.8392, 12.28, 17.605], [4.3622, 0.9632, 3.3379, 8.2319, 47.2533, 2.5286], [36.0022, 30.9065, 48.1954, 28.2511, 5.44, 27.0038]], "total_test_time": 339.14558815956116, "total_train_time": 41.08059763908386}
