{"base_model": "CLIP", "dataset": "domainnet", "subset_size": 50, "image_encoder_name": "RN50", "optimizer": "AdamW", "batch_size": 32, "learning_rate": 0.001, "global_rounds": 200, "local_epochs": 1, "warm_up": 10, "seed": 1}
{"round": 0, "acc": [[40.5853, 40.0567, 58.1411, 36.3229, 6.52, 22.6622], [34.7874, 51.2181, 69.2537, 35.0096, 3.92, 23.3302], [37.4379, 50.1416, 72.2524, 35.426, 5.4, 23.9504], [35.0083, 39.1218, 56.6757, 40.4228, 11.1467, 18.3683], [3.4235, 0.8782, 2.9037, 5.8937, 37.9333, 2.8626], [37.1618, 34.2493, 51.8996, 30.9417, 5.6533, 24.2366]], "total_test_time": 337.5530650615692, "total_train_time": 23.90593385696411}
