{"base_model": "CLIP", "dataset": "domainnet", "subset_size": 50, "image_encoder_name": "RN50", "optimizer": "AdamW", "batch_size": 32, "learning_rate": 0.001, "global_rounds": 200, "local_epochs": 1, "warm_up": 10, "seed": 1}
{"round": 0, "acc": [[46.3832, 39.1218, 60.1628, 39.8783, 8.4, 23.9504], [42.4075, 52.9178, 71.2076, 41.5439, 7.76, 28.292], [47.6532, 51.3314, 74.7626, 41.7361, 7.0267, 28.3397], [37.1618, 33.7394, 52.9715, 45.0032, 13.8667, 18.1298], [3.7548, 2.068, 2.768, 8.0077, 46.5467, 2.8149], [37.6588, 33.966, 52.5916, 33.2159, 5.0533, 28.3397]], "total_test_time": 340.21311712265015, "total_train_time": 122.87046980857849}
