{"base_model": "CLIP", "dataset": "domainnet", "subset_size": 50, "image_encoder_name": "RN50", "optimizer": "AdamW", "batch_size": 32, "learning_rate": 0.001, "global_rounds": 200, "local_epochs": 1, "warm_up": 10, "seed": 1}
{"round": 0, "acc": [[50.4694, 40.0, 63.2972, 43.754, 8.5333, 27.7195], [43.788, 57.5637, 76.3229, 43.0814, 8.04, 29.1985], [47.3219, 55.5807, 79.1316, 43.1454, 8.6267, 29.7233], [41.7449, 36.1473, 58.4396, 48.5266, 12.56, 22.1851], [3.6996, 1.4164, 2.863, 8.6803, 50.4667, 2.958], [43.2358, 37.6204, 56.3636, 34.0487, 6.9333, 31.1069]], "total_test_time": 338.3826835155487, "total_train_time": 505.0640814304352}
