{"base_model": "CLIP", "dataset": "domainnet", "subset_size": 50, "image_encoder_name": "RN50", "optimizer": "AdamW", "batch_size": 32, "learning_rate": 0.001, "global_rounds": 200, "local_epochs": 1, "warm_up": 10, "seed": 1}
{"round": 0, "acc": [[38.5975, 30.7365, 49.4166, 33.0878, 8.76, 22.3282], [34.8978, 46.0907, 63.8263, 35.6182, 5.4667, 24.6183], [40.0331, 46.4306, 67.4355, 38.1486, 8.04, 27.7672], [34.5113, 30.8499, 48.3446, 33.7284, 9.88, 18.7023], [2.6505, 0.255, 2.8901, 3.8117, 30.3333, 2.7195], [34.4009, 29.1785, 47.2049, 26.009, 6.4533, 22.9962]], "total_test_time": 337.3028826713562, "total_train_time": 1.5689094066619873}
