{"base_model": "CLIP", "dataset": "domainnet", "subset_size": 50, "image_encoder_name": "RN50", "optimizer": "AdamW", "batch_size": 32, "learning_rate": 0.001, "global_rounds": 200, "local_epochs": 1, "warm_up": 10, "seed": 1}
{"round": 0, "acc": [[48.5367, 40.6799, 61.6011, 41.4158, 8.1067, 26.2882], [42.9597, 54.8725, 73.9891, 41.5759, 9.0933, 28.5782], [46.6041, 52.8045, 76.4315, 41.3517, 9.2667, 29.2939], [39.757, 36.119, 58.8602, 45.0673, 11.6, 18.7023], [2.6505, 1.6997, 2.7408, 8.3921, 47.5733, 2.2901], [43.291, 37.7904, 56.7843, 33.9846, 6.92, 30.1527]], "total_test_time": 344.05935978889465, "total_train_time": 100.2420301437378}
