{"base_model": "CLIP", "dataset": "domainnet", "subset_size": 10, "image_encoder_name": "RN50", "optimizer": "AdamW", "batch_size": 32, "learning_rate": 0.001, "global_rounds": 200, "local_epochs": 1, "warm_up": 10, "seed": 1}
{"round": 0, "acc": [[71.4286, 64.5087, 87.1663, 63.5849, 23.3333, 45.4023], [68.5065, 72.3699, 87.885, 63.7736, 17.0, 38.5057], [69.4805, 73.8728, 89.0144, 57.3585, 15.8, 44.8276], [62.3377, 56.3006, 81.0062, 66.7925, 37.2, 35.6322], [15.5844, 8.7861, 14.8871, 25.283, 71.0667, 15.5172], [65.2597, 57.6879, 77.4127, 50.7547, 21.3333, 49.4253]], "total_test_time": 72.11599802970886, "total_train_time": 2.7996816635131836}
