{"base_model": "CLIP", "dataset": "domainnet", "subset_size": 50, "image_encoder_name": "RN50", "optimizer": "AdamW", "batch_size": 32, "learning_rate": 0.001, "global_rounds": 200, "local_epochs": 1, "warm_up": 10, "seed": 1}
{"round": 0, "acc": [[50.7454, 41.5581, 65.0746, 46.1883, 8.5867, 29.3893], [45.1132, 60.2266, 77.8697, 43.1454, 6.32, 30.7252], [49.5306, 56.119, 80.0271, 43.9782, 8.1467, 30.8683], [41.6897, 38.1303, 59.6472, 50.6406, 12.2667, 22.5668], [3.6444, 2.0397, 3.5007, 7.3671, 52.4133, 3.626], [43.5671, 37.1671, 58.6567, 35.2659, 7.5067, 34.4466]], "total_test_time": 336.63029313087463, "total_train_time": 1145.6814868450165}
