{"base_model": "CLIP", "dataset": "domainnet", "subset_size": 50, "image_encoder_name": "RN50", "optimizer": "AdamW", "batch_size": 32, "learning_rate": 0.001, "global_rounds": 200, "local_epochs": 1, "warm_up": 10, "seed": 1}
{"round": 0, "acc": [[46.7145, 39.745, 59.905, 40.1666, 7.2133, 26.7653], [41.4688, 54.136, 73.3107, 39.9423, 6.28, 26.3836], [45.2236, 52.7195, 75.3053, 37.9885, 5.7067, 29.0553], [37.1066, 36.1473, 56.0651, 43.6579, 12.8133, 21.0401], [2.9818, 1.5297, 2.7408, 6.4702, 45.1333, 3.4828], [39.9779, 35.2125, 55.4681, 32.6714, 8.1467, 25.9542]], "total_test_time": 338.5129737854004, "total_train_time": 64.42074680328369}
