{"base_model": "CLIP", "dataset": "domainnet", "subset_size": 50, "image_encoder_name": "RN50", "optimizer": "AdamW", "batch_size": 32, "learning_rate": 0.001, "global_rounds": 200, "local_epochs": 1, "warm_up": 10, "seed": 1}
{"round": 0, "acc": [[50.138, 42.6629, 65.5767, 45.1954, 8.0533, 30.4866], [44.0641, 60.3399, 77.6798, 44.6188, 8.48, 31.1069], [47.5428, 56.4023, 80.2442, 44.4266, 7.8533, 30.6775], [42.3523, 37.2238, 60.2985, 49.8719, 11.5467, 20.563], [3.6444, 2.4079, 2.9308, 7.271, 52.7867, 2.624], [42.794, 39.8867, 59.7151, 36.6432, 8.7867, 33.1584]], "total_test_time": 339.31510639190674, "total_train_time": 748.0428264141083}
