{"base_model": "CLIP", "dataset": "domainnet", "subset_size": 50, "image_encoder_name": "RN50", "optimizer": "AdamW", "batch_size": 32, "learning_rate": 0.001, "global_rounds": 200, "local_epochs": 1, "warm_up": 10, "seed": 1}
{"round": 0, "acc": [[48.4263, 40.8499, 61.4518, 41.9283, 7.28, 26.145], [42.9045, 54.7875, 72.9037, 41.7361, 6.96, 28.6737], [48.4815, 53.6261, 75.9159, 43.9782, 6.2933, 29.3893], [39.3705, 36.8839, 57.3406, 44.779, 12.7467, 20.8492], [3.534, 2.7479, 3.46, 8.1678, 47.28, 3.8168], [41.9658, 36.4873, 55.7123, 34.369, 7.3067, 28.3874]], "total_test_time": 339.48587584495544, "total_train_time": 166.01895689964294}
