{"base_model": "CLIP", "dataset": "domainnet", "subset_size": 50, "image_encoder_name": "RN50", "optimizer": "AdamW", "batch_size": 32, "learning_rate": 0.001, "global_rounds": 200, "local_epochs": 1, "warm_up": 10, "seed": 1}
{"round": 0, "acc": [[51.2424, 42.6346, 64.3012, 44.8751, 7.6267, 27.1469], [44.1745, 60.2833, 76.9199, 44.2345, 6.5867, 30.2958], [48.0398, 56.9972, 79.4301, 44.4266, 7.0933, 30.8683], [41.4136, 37.0255, 59.0095, 50.6406, 12.5867, 20.8492], [3.3683, 2.153, 3.6499, 7.6233, 53.5333, 3.1966], [45.1684, 39.6317, 58.6296, 34.7213, 8.2533, 31.8225]], "total_test_time": 337.4055984020233, "total_train_time": 763.1487274169922}
