{"base_model": "CLIP", "dataset": "domainnet", "subset_size": 50, "image_encoder_name": "RN50", "optimizer": "AdamW", "batch_size": 32, "learning_rate": 0.001, "global_rounds": 200, "local_epochs": 1, "warm_up": 10, "seed": 1}
{"round": 0, "acc": [[51.6842, 43.5127, 64.8711, 46.7329, 7.88, 29.5324], [47.9293, 60.6799, 78.0054, 44.779, 8.1467, 31.1069], [50.4141, 57.6771, 80.2307, 44.747, 6.4533, 31.0592], [44.3401, 36.0623, 60.0136, 50.6726, 12.92, 21.8034], [2.7609, 1.5864, 2.9715, 8.296, 53.76, 2.5286], [45.058, 39.7167, 57.9783, 36.0346, 7.08, 33.9695]], "total_test_time": 338.0435769557953, "total_train_time": 1442.581797838211}
