{"base_model": "CLIP", "dataset": "domainnet", "subset_size": 50, "image_encoder_name": "RN50x4", "optimizer": "AdamW", "batch_size": 32, "learning_rate": 0.001, "global_rounds": 200, "local_epochs": 1, "warm_up": 10, "seed": 1}
{"round": 0, "acc": [[66.6483, 53.6261, 81.479, 67.0404, 15.4267, 62.2615], [74.0475, 69.8867, 87.829, 75.6246, 18.4667, 65.124], [74.9862, 69.3201, 88.4261, 75.3363, 21.2133, 66.7462], [64.1634, 52.2946, 78.5346, 67.8732, 21.8, 57.1088], [5.0248, 3.2578, 4.5726, 15.3427, 41.36, 5.6775], [71.2314, 61.8697, 83.7856, 72.1332, 15.7333, 62.9771]], "total_test_time": 935.6709458827972, "total_train_time": 129.80774426460266}
