{"base_model": "CLIP", "dataset": "domainnet", "subset_size": 50, "image_encoder_name": "RN50", "optimizer": "AdamW", "batch_size": 32, "learning_rate": 0.001, "global_rounds": 200, "local_epochs": 1, "warm_up": 10, "seed": 1}
{"round": 0, "acc": [[49.8067, 40.9632, 64.4776, 43.5939, 8.4, 29.4847], [44.8923, 59.0368, 76.6214, 41.9283, 5.5333, 30.105], [48.5367, 55.6374, 79.6336, 43.754, 7.5333, 31.6794], [40.0331, 37.5637, 58.5753, 47.5016, 12.4533, 21.0878], [3.4787, 1.4731, 2.5373, 8.6483, 50.5067, 2.9103], [43.0701, 39.0652, 58.6296, 34.0807, 5.6133, 31.5363]], "total_test_time": 338.8678967952728, "total_train_time": 624.1240923404694}
