{"base_model": "CLIP", "dataset": "data", "subset_size": 150, "image_encoder_name": "ViT-B-32", "optimizer": "AdamW", "batch_size": 32, "learning_rate": 0.001, "global_rounds": 200, "local_epochs": 1, "warm_up": 10, "seed": 1}
{"round": -1, "acc": [[85.7485, 78.2535, 89.6547, 78.7859, 44.4044, 62.1521], [84.7271, 80.3942, 89.3051, 78.3829, 43.4089, 62.2642], [84.5515, 77.978, 90.4359, 78.136, 42.8267, 62.6191], [85.142, 78.0521, 89.5252, 80.5018, 44.4889, 61.8532], [83.993, 76.4519, 89.003, 76.9271, 50.9911, 61.218], [84.3122, 77.7236, 89.8144, 77.954, 44.1244, 64.8048]], "total_test_time": 1174.7965819835663, "total_train_time": 104.09176850318909}
