{"base_model": "CLIP", "dataset": "data", "subset_size": 100, "image_encoder_name": "ViT-B-32", "optimizer": "AdamW", "batch_size": 32, "learning_rate": 0.001, "global_rounds": 200, "local_epochs": 1, "warm_up": 10, "seed": 1}
{"round": -1, "acc": [[88.4934, 82.1743, 91.5283, 82.5824, 49.7533, 68.5876], [86.1119, 84.4285, 91.4543, 82.1861, 44.92, 68.7967], [85.6034, 81.0871, 92.994, 80.1001, 38.1333, 69.573], [86.2724, 80.6395, 91.2593, 85.607, 46.0067, 68.1696], [86.0851, 79.9041, 91.2392, 80.8302, 58.36, 67.3933], [86.7273, 82.1583, 91.609, 82.3738, 48.5667, 71.4243]], "total_test_time": 657.0414397716522, "total_train_time": 134.20104360580444}
