{"base_model": "CLIP", "dataset": "data", "subset_size": 50, "image_encoder_name": "ViT-B-32", "optimizer": "AdamW", "batch_size": 32, "learning_rate": 0.001, "global_rounds": 200, "local_epochs": 1, "warm_up": 10, "seed": 1}
{"round": -1, "acc": [[91.8829, 82.9178, 92.8494, 88.1486, 56.9067, 71.374], [90.2264, 84.8725, 92.7408, 87.3799, 52.2533, 71.3263], [89.7294, 81.2465, 94.3284, 86.1627, 45.1333, 70.563], [91.3308, 81.1048, 92.5373, 90.3587, 51.96, 71.4218], [91.1099, 81.8697, 92.6323, 87.476, 65.36, 71.2786], [90.6129, 82.8612, 92.7408, 87.9244, 57.2267, 74.0458]], "total_test_time": 298.6101222038269, "total_train_time": 73.63286781311035}
