{"base_model": "CLIP", "dataset": "data", "subset_size": 50, "image_encoder_name": "ViT-B-32", "optimizer": "AdamW", "batch_size": 32, "learning_rate": 0.001, "global_rounds": 200, "local_epochs": 1, "warm_up": 10, "seed": 1}
{"round": 0, "acc": [[90.116, 82.4079, 91.8725, 86.6111, 61.9867, 70.8015], [90.116, 82.4079, 91.8725, 86.6111, 61.9867, 70.8015], [90.116, 82.4079, 91.8725, 86.6111, 61.9867, 70.8015], [90.116, 82.4079, 91.8725, 86.6111, 61.9867, 70.8015], [90.116, 82.4079, 91.8725, 86.6111, 61.9867, 70.8015], [90.116, 82.4079, 91.8725, 86.6111, 61.9867, 70.8015]], "total_test_time": 176.25946879386902, "total_train_time": 46.725369930267334, "converge_round": 1768}
