{"base_model": "CLIP", "dataset": "data", "subset_size": 50, "image_encoder_name": "ViT-B-32", "optimizer": "AdamW", "batch_size": 32, "learning_rate": 0.001, "global_rounds": 200, "local_epochs": 1, "warm_up": 10, "seed": 1}
{"round": -1, "acc": [[91.386, 82.6912, 92.7544, 88.0846, 58.9867, 71.8511], [91.2203, 82.8612, 92.7273, 87.6682, 58.68, 71.5172], [91.2755, 82.4363, 93.0801, 87.8924, 58.5067, 71.5649], [90.9442, 82.4079, 92.7544, 88.4049, 58.24, 71.5172], [90.7234, 82.2946, 92.6594, 87.7643, 60.6133, 71.5649], [91.1651, 82.5212, 92.7951, 88.0205, 58.5467, 72.2805]], "total_test_time": 298.03018045425415, "total_train_time": 11.212052822113037}
