{"base_model": "CLIP", "dataset": "domainnet", "subset_size": 50, "image_encoder_name": "ViT-B-32", "optimizer": "AdamW", "batch_size": 32, "learning_rate": 0.001, "global_rounds": 200, "local_epochs": 1, "warm_up": 10, "seed": 1}
{"round": 0, "acc": [[91.3308, 84.2776, 93.8806, 88.6931, 76.5067, 71.6126], [91.3308, 84.2776, 93.8806, 88.6931, 76.5067, 71.6126], [91.3308, 84.2776, 93.8806, 88.6931, 76.5067, 71.6126], [91.3308, 84.2776, 93.8806, 88.6931, 76.5067, 71.6126], [91.3308, 84.2776, 93.8806, 88.6931, 76.5067, 71.6126], [91.3308, 84.2776, 93.8806, 88.6931, 76.5067, 71.6126]], "total_test_time": 330.6371819972992, "total_train_time": 860.8436892032623}
