{"base_model": "CLIP", "dataset": "data", "subset_size": 100, "image_encoder_name": "ViT-B-32", "optimizer": "AdamW", "batch_size": 32, "learning_rate": 0.001, "global_rounds": 200, "local_epochs": 1, "warm_up": 10, "seed": 1}
{"round": -1, "acc": [[88.547, 82.1103, 91.5821, 82.9996, 49.2067, 68.4682], [86.9414, 83.5651, 91.7031, 82.1026, 46.7533, 68.7071], [86.0048, 81.9824, 92.5772, 82.2695, 45.7533, 69.8417], [87.1287, 81.3909, 91.5081, 84.7935, 48.12, 68.1995], [86.647, 80.4476, 91.3871, 81.1431, 55.7067, 67.6918], [86.8879, 81.9824, 91.6829, 82.4155, 48.5867, 70.7973]], "total_test_time": 665.5224668979645, "total_train_time": 68.29188871383667}
