{"base_model": "CLIP", "dataset": "data", "subset_size": 50, "image_encoder_name": "ViT-B-32", "optimizer": "AdamW", "batch_size": 32, "learning_rate": 0.001, "global_rounds": 200, "local_epochs": 1, "warm_up": 10, "seed": 1}
{"round": -1, "acc": [[91.9934, 83.1445, 92.8223, 87.8603, 56.7467, 71.9466], [90.6681, 84.5042, 92.8494, 87.6682, 55.44, 71.2786], [90.5025, 82.6912, 93.6906, 87.54, 52.36, 71.2786], [91.0547, 82.2096, 92.7951, 89.622, 53.16, 71.4218], [91.1099, 82.2946, 92.673, 87.9885, 62.9067, 71.4218], [90.9442, 82.8612, 92.7951, 87.8924, 57.2933, 73.7118]], "total_test_time": 298.52919340133667, "total_train_time": 36.24317193031311}
