{"base_model": "CLIP", "dataset": "domainnet", "subset_size": 50, "image_encoder_name": "ViT-B-32", "optimizer": "AdamW", "batch_size": 32, "learning_rate": 0.001, "global_rounds": 200, "local_epochs": 1, "warm_up": 10, "seed": 1}
{"round": 0, "acc": [[91.386, 83.3711, 93.3107, 89.0455, 76.5867, 70.0859], [91.386, 83.3711, 93.3107, 89.0455, 76.5867, 70.0859], [91.386, 83.3711, 93.3107, 89.0455, 76.5867, 70.0859], [91.386, 83.3711, 93.3107, 89.0455, 76.5867, 70.0859], [91.386, 83.3711, 93.3107, 89.0455, 76.5867, 70.0859], [91.386, 83.3711, 93.3107, 89.0455, 76.5867, 70.0859]], "total_test_time": 330.0996427536011, "total_train_time": 627.574559211731}
