{"base_model": "CLIP", "dataset": "data", "subset_size": 50, "image_encoder_name": "ViT-B-32", "optimizer": "AdamW", "batch_size": 32, "learning_rate": 0.001, "global_rounds": 200, "local_epochs": 1, "warm_up": 10, "seed": 1}
{"round": 0, "acc": [[90.8338, 83.3144, 92.7001, 87.7643, 55.0267, 72.3282], [90.8338, 83.3144, 92.7001, 87.7643, 55.0267, 72.3282], [90.8338, 83.3144, 92.7001, 87.7643, 55.0267, 72.3282], [90.8338, 83.3144, 92.7001, 87.7643, 55.0267, 72.3282], [90.8338, 83.3144, 92.7001, 87.7643, 55.0267, 72.3282], [90.8338, 83.3144, 92.7001, 87.7643, 55.0267, 72.3282]], "total_test_time": 176.645738363266, "total_train_time": 15.141990423202515, "converge_round": 557}
