{"base_model": "CLIP", "dataset": "domainnet", "subset_size": 100, "image_encoder_name": "ViT-B-32", "optimizer": "AdamW", "batch_size": 32, "learning_rate": 0.001, "global_rounds": 200, "local_epochs": 1, "warm_up": 10, "seed": 1}
{"round": 0, "acc": [[87.3428, 82.526, 92.2006, 83.6671, 69.1867, 67.8411], [87.3428, 82.526, 92.2006, 83.6671, 69.1867, 67.8411], [87.3428, 82.526, 92.2006, 83.6671, 69.1867, 67.8411], [87.3428, 82.526, 92.2006, 83.6671, 69.1867, 67.8411], [87.3428, 82.526, 92.2006, 83.6671, 69.1867, 67.8411], [87.3428, 82.526, 92.2006, 83.6671, 69.1867, 67.8411]], "total_test_time": 700.3408787250519, "total_train_time": 2255.2947607040405}
