{"base_model": "CLIP", "dataset": "domainnet", "subset_size": 150, "image_encoder_name": "ViT-B-32", "optimizer": "AdamW", "batch_size": 32, "learning_rate": 0.001, "global_rounds": 200, "local_epochs": 1, "warm_up": 10, "seed": 1}
{"round": 0, "acc": [[85.3655, 80.1399, 90.2244, 80.2418, 65.1511, 62.7312], [85.3655, 80.1399, 90.2244, 80.2418, 65.1511, 62.7312], [85.3655, 80.1399, 90.2244, 80.2418, 65.1511, 62.7312], [85.3655, 80.1399, 90.2244, 80.2418, 65.1511, 62.7312], [85.3655, 80.1399, 90.2244, 80.2418, 65.1511, 62.7312], [85.3655, 80.1399, 90.2244, 80.2418, 65.1511, 62.7312]], "total_test_time": 1216.775995016098, "total_train_time": 2642.063071489334}
