{"base_model": "CLIP", "dataset": "data", "subset_size": 50, "image_encoder_name": "ViT-B-32", "optimizer": "AdamW", "batch_size": 32, "learning_rate": 0.001, "global_rounds": 200, "local_epochs": 1, "warm_up": 10, "seed": 1}
{"round": -1, "acc": [[90.6681, 82.4363, 92.6594, 87.8283, 58.9467, 71.4695], [91.0547, 82.6629, 92.7137, 87.6041, 58.92, 71.374], [91.0547, 82.3796, 92.8223, 87.9564, 58.7867, 71.374], [90.8338, 82.3229, 92.7137, 87.9885, 58.8, 71.5649], [90.7786, 82.2096, 92.6459, 87.5721, 59.7333, 71.7557], [90.9442, 82.3513, 92.7815, 87.7643, 58.9333, 71.374]], "total_test_time": 297.39155673980713, "total_train_time": 4.028136491775513}
