{"base_model": "CLIP", "dataset": "domainnet", "subset_size": 150, "image_encoder_name": "ViT-B-32", "optimizer": "AdamW", "batch_size": 32, "learning_rate": 0.001, "global_rounds": 200, "local_epochs": 1, "warm_up": 10, "seed": 1}
{"round": 0, "acc": [[86.1953, 80.9665, 90.6085, 81.4117, 66.8622, 63.6466], [86.1953, 80.9665, 90.6085, 81.4117, 66.8622, 63.6466], [86.1953, 80.9665, 90.6085, 81.4117, 66.8622, 63.6466], [86.1953, 80.9665, 90.6085, 81.4117, 66.8622, 63.6466], [86.1953, 80.9665, 90.6085, 81.4117, 66.8622, 63.6466], [86.1953, 80.9665, 90.6085, 81.4117, 66.8622, 63.6466]], "total_test_time": 1226.8776969909668, "total_train_time": 3460.7123758792877}
