{"base_model": "CLIP", "dataset": "domainnet", "subset_size": 5, "image_encoder_name": "ViT-B-16", "optimizer": "AdamW", "batch_size": 32, "learning_rate": 0.001, "global_rounds": 200, "local_epochs": 1, "warm_up": 10, "seed": 1}
{"round": 0, "acc": [[97.7444, 97.377, 99.8138, 97.7049, 86.9333, 89.2308], [97.7444, 97.377, 99.8138, 97.7049, 86.9333, 89.2308], [97.7444, 97.377, 99.8138, 97.7049, 86.9333, 89.2308], [97.7444, 97.377, 99.8138, 97.7049, 86.9333, 89.2308], [97.7444, 97.377, 99.8138, 97.7049, 86.9333, 89.2308], [97.7444, 97.377, 99.8138, 97.7049, 86.9333, 89.2308]], "total_test_time": 58.997774839401245, "total_train_time": 2.966238021850586}
