{"base_model": "CLIP", "dataset": "domainnet", "subset_size": 100, "image_encoder_name": "ViT-B-32", "optimizer": "AdamW", "batch_size": 32, "learning_rate": 0.001, "global_rounds": 200, "local_epochs": 1, "warm_up": 10, "seed": 1}
{"round": 0, "acc": [[87.5301, 81.7906, 92.0796, 83.1665, 68.22, 65.9898], [87.5301, 81.7906, 92.0796, 83.1665, 68.22, 65.9898], [87.5301, 81.7906, 92.0796, 83.1665, 68.22, 65.9898], [87.5301, 81.7906, 92.0796, 83.1665, 68.22, 65.9898], [87.5301, 81.7906, 92.0796, 83.1665, 68.22, 65.9898], [87.5301, 81.7906, 92.0796, 83.1665, 68.22, 65.9898]], "total_test_time": 701.832291841507, "total_train_time": 2365.2603352069855}
