{"base_model": "CLIP", "dataset": "PACS", "subset_size": 7, "image_encoder_name": "ViT-B-32", "optimizer": "AdamW", "batch_size": 32, "learning_rate": 0.001, "global_rounds": 200, "local_epochs": 1, "warm_up": 10, "seed": 1}
{"round": 0, "acc": [[99.9401, 97.0509, 99.5117, 99.5307], [99.9401, 97.0509, 99.5117, 99.5307], [99.9401, 97.0509, 99.5117, 99.5307], [99.9401, 97.0509, 99.5117, 99.5307]], "total_test_time": 37.30551838874817, "total_train_time": 1.8522815704345703}
