{"base_model": "CLIP", "dataset": "domainnet", "subset_size": 100, "image_encoder_name": "ViT-B-32", "optimizer": "AdamW", "batch_size": 32, "learning_rate": 0.001, "global_rounds": 200, "local_epochs": 1, "warm_up": 10, "seed": 1}
{"round": 0, "acc": [[85.3893, 79.7922, 90.3718, 81.2057, 61.44, 64.258], [85.3893, 79.7922, 90.3718, 81.2057, 61.44, 64.258], [85.3893, 79.7922, 90.3718, 81.2057, 61.44, 64.258], [85.3893, 79.7922, 90.3718, 81.2057, 61.44, 64.258], [85.3893, 79.7922, 90.3718, 81.2057, 61.44, 64.258], [85.3893, 79.7922, 90.3718, 81.2057, 61.44, 64.258]], "total_test_time": 674.8465576171875, "total_train_time": 182.41449570655823}
