{"base_model": "CLIP", "dataset": "domainnet", "subset_size": 50, "image_encoder_name": "ViT-B-32", "optimizer": "AdamW", "batch_size": 32, "learning_rate": 0.001, "global_rounds": 200, "local_epochs": 1, "warm_up": 10, "seed": 1}
{"round": 0, "acc": [[90.2264, 82.3796, 92.8901, 87.2518, 73.4667, 69.4656], [90.2264, 82.3796, 92.8901, 87.2518, 73.4667, 69.4656], [90.2264, 82.3796, 92.8901, 87.2518, 73.4667, 69.4656], [90.2264, 82.3796, 92.8901, 87.2518, 73.4667, 69.4656], [90.2264, 82.3796, 92.8901, 87.2518, 73.4667, 69.4656], [90.2264, 82.3796, 92.8901, 87.2518, 73.4667, 69.4656]], "total_test_time": 337.2840750217438, "total_train_time": 352.6174077987671}
