{"base_model": "CLIP", "dataset": "data", "subset_size": 50, "image_encoder_name": "ViT-B-32", "optimizer": "AdamW", "batch_size": 32, "learning_rate": 0.001, "global_rounds": 200, "local_epochs": 1, "warm_up": 10, "seed": 1}
{"round": -1, "acc": [[91.3308, 82.4079, 92.7951, 88.0846, 58.7733, 71.8034], [90.9994, 82.4929, 92.7273, 87.7963, 59.12, 71.1832], [90.9994, 82.3229, 92.8223, 87.8283, 59.0667, 71.4695], [91.1651, 82.3796, 92.7815, 88.1486, 58.44, 71.5172], [90.9994, 82.0963, 92.7815, 87.6361, 59.7333, 71.4695], [90.8338, 82.4079, 92.7001, 87.8283, 59.1333, 72.2805]], "total_test_time": 294.8398904800415, "total_train_time": 35.206477880477905}
