{"base_model": "CLIP", "dataset": "domainnet", "subset_size": 100, "image_encoder_name": "ViT-B-32", "optimizer": "AdamW", "batch_size": 32, "learning_rate": 0.001, "global_rounds": 200, "local_epochs": 1, "warm_up": 10, "seed": 1}
{"round": 0, "acc": [[87.5836, 82.1743, 92.1267, 83.7088, 68.9667, 66.5273], [87.5836, 82.1743, 92.1267, 83.7088, 68.9667, 66.5273], [87.5836, 82.1743, 92.1267, 83.7088, 68.9667, 66.5273], [87.5836, 82.1743, 92.1267, 83.7088, 68.9667, 66.5273], [87.5836, 82.1743, 92.1267, 83.7088, 68.9667, 66.5273], [87.5836, 82.1743, 92.1267, 83.7088, 68.9667, 66.5273]], "total_test_time": 707.7238190174103, "total_train_time": 2053.7630183696747}
