{"base_model": "CLIP", "dataset": "domainnet", "subset_size": 50, "image_encoder_name": "ViT-B-32", "optimizer": "AdamW", "batch_size": 32, "learning_rate": 0.001, "global_rounds": 200, "local_epochs": 1, "warm_up": 10, "seed": 1}
{"round": 0, "acc": [[89.5638, 82.8045, 92.8765, 88.3728, 74.7067, 70.8015], [89.5638, 82.8045, 92.8765, 88.3728, 74.7067, 70.8015], [89.5638, 82.8045, 92.8765, 88.3728, 74.7067, 70.8015], [89.5638, 82.8045, 92.8765, 88.3728, 74.7067, 70.8015], [89.5638, 82.8045, 92.8765, 88.3728, 74.7067, 70.8015], [89.5638, 82.8045, 92.8765, 88.3728, 74.7067, 70.8015]], "total_test_time": 325.76586532592773, "total_train_time": 481.93002462387085}
