{"base_model": "CLIP", "dataset": "data", "subset_size": 100, "image_encoder_name": "ViT-B-32", "optimizer": "AdamW", "batch_size": 32, "learning_rate": 0.001, "global_rounds": 200, "local_epochs": 1, "warm_up": 10, "seed": 1}
{"round": -1, "acc": [[86.9682, 81.5348, 91.414, 81.9149, 51.4867, 68.0203], [86.6738, 81.8705, 91.4476, 81.894, 51.46, 68.1995], [86.54, 81.4069, 91.609, 81.8732, 51.3867, 68.08], [86.6738, 81.3909, 91.4812, 82.4781, 51.24, 68.08], [86.433, 81.0552, 91.4476, 81.6854, 52.6933, 67.7516], [86.54, 81.5188, 91.4409, 81.8523, 51.42, 68.1696]], "total_test_time": 654.7504804134369, "total_train_time": 6.858269691467285}
