{"base_model": "CLIP", "dataset": "data", "subset_size": 50, "image_encoder_name": "ViT-B-32", "optimizer": "AdamW", "batch_size": 32, "learning_rate": 0.001, "global_rounds": 200, "local_epochs": 1, "warm_up": 10, "seed": 1}
{"round": -1, "acc": [[91.0547, 82.7479, 92.7001, 87.7963, 58.7333, 71.8511], [91.1099, 83.0595, 92.7408, 87.6041, 58.7467, 71.1355], [90.8338, 82.2946, 92.9715, 87.8283, 58.44, 71.5172], [90.7786, 82.5779, 92.6459, 88.0525, 57.9867, 71.7557], [90.889, 82.2946, 92.6866, 87.8924, 60.0533, 71.4218], [91.0547, 82.3796, 92.7815, 87.9564, 59.0533, 71.9466]], "total_test_time": 296.8261308670044, "total_train_time": 6.198487281799316}
