{"base_model": "CLIP", "dataset": "data", "subset_size": 50, "image_encoder_name": "ViT-B-32", "optimizer": "AdamW", "batch_size": 32, "learning_rate": 0.001, "global_rounds": 200, "local_epochs": 1, "warm_up": 10, "seed": 1}
{"round": -1, "acc": [[90.889, 82.2946, 92.7001, 87.7322, 59.0933, 71.4695], [90.9994, 82.4079, 92.7815, 87.7322, 59.2533, 71.4695], [91.1099, 82.3229, 92.8765, 87.9564, 58.9333, 71.374], [90.889, 82.1813, 92.7137, 87.9564, 58.8667, 71.4695], [90.7234, 82.2946, 92.7001, 87.6041, 59.24, 71.5172], [91.0547, 82.238, 92.7408, 87.8603, 59.08, 71.5172]], "total_test_time": 299.4098918437958, "total_train_time": 6.308156490325928}
