{"base_model": "CLIP", "dataset": "domainnet", "subset_size": 150, "image_encoder_name": "ViT-B-32", "optimizer": "AdamW", "batch_size": 32, "learning_rate": 0.001, "global_rounds": 200, "local_epochs": 1, "warm_up": 10, "seed": 1}
{"round": 0, "acc": [[83.9451, 77.2573, 88.8304, 78.5129, 62.2133, 59.8169], [83.9451, 77.2573, 88.8304, 78.5129, 62.2133, 59.8169], [83.9451, 77.2573, 88.8304, 78.5129, 62.2133, 59.8169], [83.9451, 77.2573, 88.8304, 78.5129, 62.2133, 59.8169], [83.9451, 77.2573, 88.8304, 78.5129, 62.2133, 59.8169], [83.9451, 77.2573, 88.8304, 78.5129, 62.2133, 59.8169]], "total_test_time": 1230.4920852184296, "total_train_time": 1833.181184053421}
