{"base_model": "CLIP", "dataset": "domainnet", "subset_size": 100, "image_encoder_name": "ViT-B-32", "optimizer": "AdamW", "batch_size": 32, "learning_rate": 0.001, "global_rounds": 200, "local_epochs": 1, "warm_up": 10, "seed": 1}
{"round": 0, "acc": [[86.433, 81.279, 91.4476, 83.0622, 67.04, 65.6913], [86.433, 81.279, 91.4476, 83.0622, 67.04, 65.6913], [86.433, 81.279, 91.4476, 83.0622, 67.04, 65.6913], [86.433, 81.279, 91.4476, 83.0622, 67.04, 65.6913], [86.433, 81.279, 91.4476, 83.0622, 67.04, 65.6913], [86.433, 81.279, 91.4476, 83.0622, 67.04, 65.6913]], "total_test_time": 709.5720739364624, "total_train_time": 1481.4814686775208}
