{"base_model": "CLIP", "dataset": "domainnet", "subset_size": 150, "image_encoder_name": "ViT-B-32", "optimizer": "AdamW", "batch_size": 32, "learning_rate": 0.001, "global_rounds": 200, "local_epochs": 1, "warm_up": 10, "seed": 1}
{"round": 0, "acc": [[86.0996, 81.1997, 90.7682, 81.4897, 67.5422, 63.796], [86.0996, 81.1997, 90.7682, 81.4897, 67.5422, 63.796], [86.0996, 81.1997, 90.7682, 81.4897, 67.5422, 63.796], [86.0996, 81.1997, 90.7682, 81.4897, 67.5422, 63.796], [86.0996, 81.1997, 90.7682, 81.4897, 67.5422, 63.796], [86.0996, 81.1997, 90.7682, 81.4897, 67.5422, 63.796]], "total_test_time": 1219.8816132545471, "total_train_time": 3869.3734033107758}
