{"base_model": "CLIP", "dataset": "data", "subset_size": 100, "image_encoder_name": "ViT-B-32", "optimizer": "AdamW", "batch_size": 32, "learning_rate": 0.001, "global_rounds": 200, "local_epochs": 1, "warm_up": 10, "seed": 1}
{"round": -1, "acc": [[86.9146, 81.5667, 91.3467, 81.8106, 51.22, 68.08], [86.647, 82.0943, 91.4812, 82.2278, 51.28, 68.3488], [86.5935, 81.5028, 91.6627, 81.8732, 51.36, 68.1099], [86.8344, 81.5188, 91.5417, 82.7493, 51.4067, 67.9904], [86.3794, 81.1831, 91.4005, 81.4143, 53.1067, 67.871], [86.5668, 81.4388, 91.5215, 82.1026, 51.4, 68.7369]], "total_test_time": 658.3913044929504, "total_train_time": 11.621158123016357}
