{"base_model": "CLIP", "dataset": "domainnet", "subset_size": 150, "image_encoder_name": "ViT-B-32", "optimizer": "AdamW", "batch_size": 32, "learning_rate": 0.001, "global_rounds": 200, "local_epochs": 1, "warm_up": 10, "seed": 1}
{"round": 0, "acc": [[81.248, 73.8872, 86.0639, 75.4972, 58.6933, 55.7258], [81.248, 73.8872, 86.0639, 75.4972, 58.6933, 55.7258], [81.248, 73.8872, 86.0639, 75.4972, 58.6933, 55.7258], [81.248, 73.8872, 86.0639, 75.4972, 58.6933, 55.7258], [81.248, 73.8872, 86.0639, 75.4972, 58.6933, 55.7258], [81.248, 73.8872, 86.0639, 75.4972, 58.6933, 55.7258]], "total_test_time": 1230.7457528114319, "total_train_time": 208.02394270896912}
