{"base_model": "CLIP", "dataset": "data", "subset_size": 100, "image_encoder_name": "ViT-B-32", "optimizer": "AdamW", "batch_size": 32, "learning_rate": 0.001, "global_rounds": 200, "local_epochs": 1, "warm_up": 10, "seed": 1}
{"round": -1, "acc": [[87.316, 81.7106, 91.3804, 81.9983, 50.98, 68.4085], [86.8344, 82.558, 91.535, 82.0192, 50.6333, 68.6175], [86.5668, 81.4708, 91.8913, 81.9358, 50.68, 68.8862], [87.2893, 81.4069, 91.5081, 83.5002, 50.72, 68.0203], [86.4597, 81.1351, 91.4409, 81.748, 53.6867, 67.9009], [86.6738, 81.6467, 91.5484, 82.2695, 50.6267, 69.364]], "total_test_time": 659.4289398193359, "total_train_time": 21.043683528900146}
