{"base_model": "CLIP", "dataset": "PACS", "subset_size": 7, "image_encoder_name": "ViT-B-32", "optimizer": "AdamW", "batch_size": 32, "learning_rate": 0.001, "global_rounds": 200, "local_epochs": 1, "warm_up": 10, "seed": 1}
{"round": 0, "acc": [[99.8802, 90.6166, 97.4121, 98.0802], [99.8802, 90.6166, 97.4121, 98.0802], [99.8802, 90.6166, 97.4121, 98.0802], [99.8802, 90.6166, 97.4121, 98.0802]], "total_test_time": 30.37816071510315, "total_train_time": 0.04644131660461426}
