{"base_model": "CLIP", "dataset": "domainnet", "subset_size": 100, "image_encoder_name": "ViT-B-32", "optimizer": "AdamW", "batch_size": 32, "learning_rate": 0.001, "global_rounds": 200, "local_epochs": 1, "warm_up": 10, "seed": 1}
{"round": 0, "acc": [[86.433, 81.4548, 91.1921, 81.4143, 49.84, 67.3335], [86.433, 81.4548, 91.1921, 81.4143, 49.84, 67.3335], [86.433, 81.4548, 91.1921, 81.4143, 49.84, 67.3335], [86.433, 81.4548, 91.1921, 81.4143, 49.84, 67.3335], [86.433, 81.4548, 91.1921, 81.4143, 49.84, 67.3335], [86.433, 81.4548, 91.1921, 81.4143, 49.84, 67.3335]], "total_test_time": 687.9618792533875, "total_train_time": 7.2855308055877686}
