{"base_model": "CLIP", "dataset": "data", "subset_size": 150, "image_encoder_name": "ViT-B-32", "optimizer": "AdamW", "batch_size": 32, "learning_rate": 0.001, "global_rounds": 200, "local_epochs": 1, "warm_up": 10, "seed": 1}
{"round": -1, "acc": [[84.0249, 77.1619, 89.1757, 77.837, 46.44, 61.2927], [84.1526, 77.607, 89.1627, 77.863, 46.5022, 61.7037], [83.9291, 77.2891, 89.3871, 77.811, 46.2578, 61.8532], [84.1366, 77.2255, 89.2533, 78.045, 46.2578, 61.685], [83.8015, 76.9076, 89.1109, 77.304, 47.7467, 61.4422], [83.8174, 77.1619, 89.2965, 77.616, 46.5511, 62.2081]], "total_test_time": 1174.2419254779816, "total_train_time": 9.66165280342102}
