{"base_model": "CLIP", "dataset": "data", "subset_size": 50, "image_encoder_name": "ViT-B-32", "optimizer": "AdamW", "batch_size": 32, "learning_rate": 0.001, "global_rounds": 200, "local_epochs": 1, "warm_up": 10, "seed": 1}
{"round": -1, "acc": [[91.4964, 82.7762, 92.6866, 88.0846, 58.24, 71.4218], [91.1099, 83.0312, 92.7408, 87.8924, 58.7467, 71.6126], [90.9994, 82.6346, 93.2972, 87.8924, 57.6667, 72.1374], [90.889, 82.3513, 92.7273, 88.565, 57.92, 71.5649], [91.0547, 82.2663, 92.6187, 87.7322, 61.2133, 71.6603], [91.1651, 82.5496, 92.8901, 87.9885, 58.4533, 72.376]], "total_test_time": 294.7650032043457, "total_train_time": 19.934362649917603}
