{"base_model": "CLIP", "dataset": "data", "subset_size": 150, "image_encoder_name": "ViT-B-32", "optimizer": "AdamW", "batch_size": 32, "learning_rate": 0.001, "global_rounds": 200, "local_epochs": 1, "warm_up": 10, "seed": 1}
{"round": -1, "acc": [[85.7644, 78.1899, 89.5555, 78.305, 42.6844, 62.0026], [83.5621, 81.4116, 89.0073, 78.019, 38.7733, 61.6103], [83.4184, 77.6706, 91.4156, 76.8491, 34.7022, 62.974], [84.0568, 77.554, 89.3138, 81.3987, 39.3067, 61.1806], [83.6578, 76.0174, 88.7484, 76.0432, 54.32, 60.7883], [83.8813, 77.6812, 89.6849, 77.668, 42.1244, 65.4586]], "total_test_time": 1180.0614273548126, "total_train_time": 203.6569950580597}
