{"base_model": "CLIP", "dataset": "data", "subset_size": 150, "image_encoder_name": "ViT-B-32", "optimizer": "AdamW", "batch_size": 32, "learning_rate": 0.001, "global_rounds": 200, "local_epochs": 1, "warm_up": 10, "seed": 1}
{"round": -1, "acc": [[85.0144, 77.7448, 89.2663, 78.331, 45.3689, 61.629], [84.5356, 78.9741, 89.2792, 78.266, 44.8622, 61.7224], [83.993, 77.7024, 89.8058, 78.331, 45.2089, 62.6004], [84.5994, 77.5011, 89.3526, 79.0329, 44.8267, 61.9279], [83.594, 76.685, 89.0203, 77.538, 48.7911, 61.3861], [83.9611, 77.607, 89.6979, 78.24, 45.5689, 63.2729]], "total_test_time": 1170.7358574867249, "total_train_time": 31.22485661506653}
