{"base_model": "CLIP", "dataset": "domainnet", "subset_size": 150, "image_encoder_name": "ViT-B-32", "optimizer": "AdamW", "batch_size": 32, "learning_rate": 0.001, "global_rounds": 200, "local_epochs": 1, "warm_up": 10, "seed": 1}
{"round": 0, "acc": [[85.7166, 79.8538, 90.3194, 81.1777, 65.3111, 63.2729], [85.7166, 79.8538, 90.3194, 81.1777, 65.3111, 63.2729], [85.7166, 79.8538, 90.3194, 81.1777, 65.3111, 63.2729], [85.7166, 79.8538, 90.3194, 81.1777, 65.3111, 63.2729], [85.7166, 79.8538, 90.3194, 81.1777, 65.3111, 63.2729], [85.7166, 79.8538, 90.3194, 81.1777, 65.3111, 63.2729]], "total_test_time": 1224.7195093631744, "total_train_time": 4027.4778814315796}
