{"base_model": "CLIP", "dataset": "domainnet", "subset_size": 50, "image_encoder_name": "ViT-B-32", "optimizer": "AdamW", "batch_size": 32, "learning_rate": 0.001, "global_rounds": 200, "local_epochs": 1, "warm_up": 10, "seed": 1}
{"round": 0, "acc": [[90.7234, 82.8329, 93.3107, 88.1486, 75.1867, 69.7996], [90.7234, 82.8329, 93.3107, 88.1486, 75.1867, 69.7996], [90.7234, 82.8329, 93.3107, 88.1486, 75.1867, 69.7996], [90.7234, 82.8329, 93.3107, 88.1486, 75.1867, 69.7996], [90.7234, 82.8329, 93.3107, 88.1486, 75.1867, 69.7996], [90.7234, 82.8329, 93.3107, 88.1486, 75.1867, 69.7996]], "total_test_time": 338.44239377975464, "total_train_time": 705.4740025997162}
