{"base_model": "CLIP", "dataset": "domainnet", "subset_size": 50, "image_encoder_name": "ViT-B-32", "optimizer": "AdamW", "batch_size": 32, "learning_rate": 0.001, "global_rounds": 200, "local_epochs": 1, "warm_up": 10, "seed": 1}
{"round": 0, "acc": [[88.4594, 80.3683, 91.3026, 85.5221, 68.2, 66.4122], [88.4594, 80.3683, 91.3026, 85.5221, 68.2, 66.4122], [88.4594, 80.3683, 91.3026, 85.5221, 68.2, 66.4122], [88.4594, 80.3683, 91.3026, 85.5221, 68.2, 66.4122], [88.4594, 80.3683, 91.3026, 85.5221, 68.2, 66.4122], [88.4594, 80.3683, 91.3026, 85.5221, 68.2, 66.4122]], "total_test_time": 336.9255425930023, "total_train_time": 37.319228649139404}
