{"base_model": "CLIP", "dataset": "domainnet", "subset_size": 10, "image_encoder_name": "ViT-B-32", "optimizer": "AdamW", "batch_size": 32, "learning_rate": 0.001, "global_rounds": 200, "local_epochs": 1, "warm_up": 10, "seed": 1}
{"round": 0, "acc": [[97.4026, 93.0636, 99.4867, 96.9811, 90.0667, 87.931], [97.4026, 93.0636, 99.4867, 96.9811, 90.0667, 87.931], [97.4026, 93.0636, 99.4867, 96.9811, 90.0667, 87.931], [97.4026, 93.0636, 99.4867, 96.9811, 90.0667, 87.931], [97.4026, 93.0636, 99.4867, 96.9811, 90.0667, 87.931], [97.4026, 93.0636, 99.4867, 96.9811, 90.0667, 87.931]], "total_test_time": 66.5100040435791, "total_train_time": 21.502233743667603}
