{"base_model": "CLIP", "dataset": "domainnet", "subset_size": 50, "image_encoder_name": "ViT-B-32", "optimizer": "AdamW", "batch_size": 32, "learning_rate": 0.001, "global_rounds": 200, "local_epochs": 1, "warm_up": 10, "seed": 1}
{"round": 0, "acc": [[90.2264, 82.7479, 92.6459, 87.3479, 56.4933, 72.5191], [90.2264, 82.7479, 92.6459, 87.3479, 56.4933, 72.5191], [90.2264, 82.7479, 92.6459, 87.3479, 56.4933, 72.5191], [90.2264, 82.7479, 92.6459, 87.3479, 56.4933, 72.5191], [90.2264, 82.7479, 92.6459, 87.3479, 56.4933, 72.5191], [90.2264, 82.7479, 92.6459, 87.3479, 56.4933, 72.5191]], "total_test_time": 338.18799805641174, "total_train_time": 1.9391796588897705}
