{"base_model": "CLIP", "dataset": "PACS", "subset_size": 7, "image_encoder_name": "ViT-B-32", "optimizer": "AdamW", "batch_size": 32, "learning_rate": 0.001, "global_rounds": 200, "local_epochs": 1, "warm_up": 10, "seed": 1}
{"round": 0, "acc": [[100.0, 97.5871, 99.5117, 99.7867], [100.0, 97.5871, 99.5117, 99.7867], [100.0, 97.5871, 99.5117, 99.7867], [100.0, 97.5871, 99.5117, 99.7867]], "total_test_time": 31.209386587142944, "total_train_time": 2.0145139694213867}
