{"base_model": "CLIP", "dataset": "data", "subset_size": 150, "image_encoder_name": "ViT-B-32", "optimizer": "AdamW", "batch_size": 32, "learning_rate": 0.001, "global_rounds": 200, "local_epochs": 1, "warm_up": 10, "seed": 1}
{"round": -1, "acc": [[83.7855, 77.1513, 89.1411, 77.811, 46.56, 61.4609], [83.9611, 77.2679, 89.1023, 77.395, 46.5511, 61.5169], [83.9132, 76.897, 89.2577, 77.499, 46.7333, 61.4609], [84.0887, 77.056, 89.1713, 77.746, 46.6178, 61.3861], [83.7855, 76.8758, 89.1325, 77.304, 47.3111, 61.3301], [83.8334, 77.0242, 89.2188, 77.551, 46.64, 61.7598]], "total_test_time": 1742.3303170204163, "total_train_time": 11.940729141235352}
