{"base_model": "CLIP", "dataset": "data", "subset_size": 150, "image_encoder_name": "ViT-B-32", "optimizer": "AdamW", "batch_size": 32, "learning_rate": 0.001, "global_rounds": 200, "local_epochs": 1, "warm_up": 10, "seed": 1}
{"round": -1, "acc": [[85.0144, 77.7872, 89.2749, 78.318, 45.3156, 61.685], [84.5675, 79.0271, 89.2792, 78.214, 44.7556, 61.7224], [84.0568, 77.7024, 89.8144, 78.331, 45.1511, 62.5817], [84.6154, 77.4905, 89.344, 79.0069, 44.7156, 62.0026], [83.5621, 76.6744, 89.0246, 77.499, 48.5644, 61.3675], [83.9132, 77.607, 89.7022, 78.214, 45.4978, 63.2729]], "total_test_time": 1577.147225856781, "total_train_time": 44.96542525291443}
