{"base_model": "CLIP", "dataset": "domainnet", "subset_size": 50, "image_encoder_name": "ViT-B-32", "optimizer": "AdamW", "batch_size": 32, "learning_rate": 0.001, "global_rounds": 200, "local_epochs": 1, "warm_up": 10, "seed": 1}
{"round": 0, "acc": [[90.3368, 81.6997, 92.2388, 87.1877, 73.4, 68.416], [90.3368, 81.6997, 92.2388, 87.1877, 73.4, 68.416], [90.3368, 81.6997, 92.2388, 87.1877, 73.4, 68.416], [90.3368, 81.6997, 92.2388, 87.1877, 73.4, 68.416], [90.3368, 81.6997, 92.2388, 87.1877, 73.4, 68.416], [90.3368, 81.6997, 92.2388, 87.1877, 73.4, 68.416]], "total_test_time": 355.1008574962616, "total_train_time": 229.90036034584045}
