{"base_model": "CLIP", "dataset": "data", "subset_size": 150, "image_encoder_name": "ViT-B-32", "optimizer": "AdamW", "batch_size": 32, "learning_rate": 0.001, "global_rounds": 200, "local_epochs": 1, "warm_up": 10, "seed": 1}
{"round": 0, "acc": [[82.4769, 75.0106, 87.2723, 75.8742, 48.9156, 58.995], [82.4769, 75.0106, 87.2723, 75.8742, 48.9156, 58.995], [82.4769, 75.0106, 87.2723, 75.8742, 48.9156, 58.995], [82.4769, 75.0106, 87.2723, 75.8742, 48.9156, 58.995], [82.4769, 75.0106, 87.2723, 75.8742, 48.9156, 58.995], [82.4769, 75.0106, 87.2723, 75.8742, 48.9156, 58.995]], "total_test_time": 643.8201513290405, "total_train_time": 235.33725309371948, "converge_round": 3128}
