{"base_model": "CLIP", "dataset": "data", "subset_size": 100, "image_encoder_name": "ViT-B-32", "optimizer": "AdamW", "batch_size": 32, "learning_rate": 0.001, "global_rounds": 200, "local_epochs": 1, "warm_up": 10, "seed": 1}
{"round": -1, "acc": [[86.9682, 81.5348, 91.4274, 81.9358, 51.5267, 67.9904], [86.6738, 81.8705, 91.4476, 81.894, 51.4533, 68.1995], [86.54, 81.4069, 91.609, 81.8732, 51.3933, 68.1099], [86.647, 81.3909, 91.4812, 82.499, 51.2533, 68.08], [86.433, 81.0552, 91.4476, 81.6646, 52.68, 67.7814], [86.5132, 81.5348, 91.4409, 81.8523, 51.42, 68.1099]], "total_test_time": 652.0926580429077, "total_train_time": 6.523212194442749}
