{"base_model": "CLIP", "dataset": "domainnet", "subset_size": 100, "image_encoder_name": "ViT-B-32", "optimizer": "AdamW", "batch_size": 32, "learning_rate": 0.001, "global_rounds": 200, "local_epochs": 1, "warm_up": 10, "seed": 1}
{"round": 0, "acc": [[86.9414, 81.1671, 91.7905, 82.5407, 67.0533, 65.8107], [86.9414, 81.1671, 91.7905, 82.5407, 67.0533, 65.8107], [86.9414, 81.1671, 91.7905, 82.5407, 67.0533, 65.8107], [86.9414, 81.1671, 91.7905, 82.5407, 67.0533, 65.8107], [86.9414, 81.1671, 91.7905, 82.5407, 67.0533, 65.8107], [86.9414, 81.1671, 91.7905, 82.5407, 67.0533, 65.8107]], "total_test_time": 706.2644500732422, "total_train_time": 1768.4617938995361}
