{"base_model": "CLIP", "dataset": "domainnet", "subset_size": 100, "image_encoder_name": "ViT-B-32", "optimizer": "AdamW", "batch_size": 32, "learning_rate": 0.001, "global_rounds": 200, "local_epochs": 1, "warm_up": 10, "seed": 1}
{"round": 0, "acc": [[88.0118, 82.8297, 92.4158, 84.1677, 70.1733, 68.1696], [88.0118, 82.8297, 92.4158, 84.1677, 70.1733, 68.1696], [88.0118, 82.8297, 92.4158, 84.1677, 70.1733, 68.1696], [88.0118, 82.8297, 92.4158, 84.1677, 70.1733, 68.1696], [88.0118, 82.8297, 92.4158, 84.1677, 70.1733, 68.1696], [88.0118, 82.8297, 92.4158, 84.1677, 70.1733, 68.1696]], "total_test_time": 700.0206582546234, "total_train_time": 2526.456039428711}
