{"base_model": "CLIP", "dataset": "data", "subset_size": 150, "image_encoder_name": "ViT-B-32", "optimizer": "AdamW", "batch_size": 32, "learning_rate": 0.001, "global_rounds": 200, "local_epochs": 1, "warm_up": 10, "seed": 1}
{"round": -1, "acc": [[85.5889, 77.9674, 89.5943, 78.318, 44.7289, 62.04], [84.1685, 80.8181, 89.331, 78.6429, 42.9022, 62.4696], [84.4558, 78.2005, 91.0272, 78.032, 40.8844, 63.1048], [84.6633, 77.8084, 89.3958, 80.9307, 42.9689, 61.7411], [83.7855, 76.4201, 88.839, 76.5111, 53.44, 60.8631], [84.2324, 77.5329, 89.6547, 77.694, 44.0667, 65.0103]], "total_test_time": 1177.8536660671234, "total_train_time": 203.409241437912}
