{"base_model": "CLIP", "dataset": "domainnet", "subset_size": 50, "image_encoder_name": "ViT-B-32", "optimizer": "AdamW", "batch_size": 32, "learning_rate": 0.001, "global_rounds": 200, "local_epochs": 1, "warm_up": 10, "seed": 1}
{"round": 0, "acc": [[89.3429, 81.898, 91.8318, 87.508, 72.4667, 67.5095], [89.3429, 81.898, 91.8318, 87.508, 72.4667, 67.5095], [89.3429, 81.898, 91.8318, 87.508, 72.4667, 67.5095], [89.3429, 81.898, 91.8318, 87.508, 72.4667, 67.5095], [89.3429, 81.898, 91.8318, 87.508, 72.4667, 67.5095], [89.3429, 81.898, 91.8318, 87.508, 72.4667, 67.5095]], "total_test_time": 323.34903359413147, "total_train_time": 308.3382318019867}
