{"base_model": "CLIP", "dataset": "data", "subset_size": 50, "image_encoder_name": "ViT-B-32", "optimizer": "AdamW", "batch_size": 32, "learning_rate": 0.001, "global_rounds": 200, "local_epochs": 1, "warm_up": 10, "seed": 1}
{"round": -1, "acc": [[90.7234, 82.2663, 92.673, 87.7643, 58.9467, 71.5649], [90.7786, 82.2946, 92.768, 87.7002, 59.0133, 71.374], [90.8338, 82.2663, 92.7137, 87.7643, 59.0533, 71.4218], [90.8338, 82.2663, 92.7408, 87.9564, 58.7867, 71.5172], [90.889, 82.2663, 92.768, 87.6361, 59.1067, 71.5172], [90.7786, 82.3229, 92.6866, 87.7322, 59.0667, 71.2786]], "total_test_time": 293.7842435836792, "total_train_time": 2.118007183074951}
