{"base_model": "CLIP", "dataset": "data", "subset_size": 50, "image_encoder_name": "ViT-B-32", "optimizer": "AdamW", "batch_size": 32, "learning_rate": 0.001, "global_rounds": 200, "local_epochs": 1, "warm_up": 10, "seed": 1}
{"round": -1, "acc": [[90.7234, 82.2663, 92.6594, 87.7643, 58.96, 71.5649], [90.7786, 82.2946, 92.768, 87.7002, 59.0267, 71.374], [90.8338, 82.2663, 92.7001, 87.7643, 59.0667, 71.4218], [90.8338, 82.2663, 92.7273, 87.9244, 58.7867, 71.5172], [90.889, 82.2663, 92.7544, 87.6682, 59.0933, 71.4695], [90.7786, 82.3513, 92.6866, 87.7322, 59.04, 71.2786]], "total_test_time": 300.13004970550537, "total_train_time": 2.1955149173736572}
