{"base_model": "CLIP", "dataset": "data", "subset_size": 150, "image_encoder_name": "ViT-B-32", "optimizer": "AdamW", "batch_size": 32, "learning_rate": 0.001, "global_rounds": 200, "local_epochs": 1, "warm_up": 10, "seed": 1}
{"round": -1, "acc": [[86.1634, 78.3807, 89.7626, 78.7209, 42.2711, 62.507], [84.5675, 80.5638, 89.098, 78.032, 40.6089, 61.9466], [83.9132, 78.3595, 90.6517, 78.162, 40.7333, 63.2916], [85.1899, 78.1369, 89.5511, 80.8787, 41.72, 62.0587], [83.8813, 76.5367, 89.0419, 76.8491, 50.9956, 60.9752], [84.1526, 77.9462, 89.9655, 78.201, 43.0222, 65.029]], "total_test_time": 1179.102557182312, "total_train_time": 103.37641882896423}
