{"base_model": "CLIP", "dataset": "data", "subset_size": 100, "image_encoder_name": "ViT-B-32", "optimizer": "AdamW", "batch_size": 32, "learning_rate": 0.001, "global_rounds": 200, "local_epochs": 1, "warm_up": 10, "seed": 1}
{"round": 0, "acc": [[85.9781, 80.2078, 89.7062, 79.9124, 53.1, 65.9301], [85.9781, 80.2078, 89.7062, 79.9124, 53.1, 65.9301], [85.9781, 80.2078, 89.7062, 79.9124, 53.1, 65.9301], [85.9781, 80.2078, 89.7062, 79.9124, 53.1, 65.9301], [85.9781, 80.2078, 89.7062, 79.9124, 53.1, 65.9301], [85.9781, 80.2078, 89.7062, 79.9124, 53.1, 65.9301]], "total_test_time": 373.1882610321045, "total_train_time": 142.20044779777527, "converge_round": 2620}
