{"base_model": "CLIP", "dataset": "domainnet", "subset_size": 150, "image_encoder_name": "ViT-B-32", "optimizer": "AdamW", "batch_size": 32, "learning_rate": 0.001, "global_rounds": 200, "local_epochs": 1, "warm_up": 10, "seed": 1}
{"round": 0, "acc": [[82.8758, 76.6109, 88.1485, 77.1221, 57.0, 57.762], [82.8758, 76.6109, 88.1485, 77.1221, 57.0, 57.762], [82.8758, 76.6109, 88.1485, 77.1221, 57.0, 57.762], [82.8758, 76.6109, 88.1485, 77.1221, 57.0, 57.762], [82.8758, 76.6109, 88.1485, 77.1221, 57.0, 57.762], [82.8758, 76.6109, 88.1485, 77.1221, 57.0, 57.762]], "total_test_time": 1224.9729936122894, "total_train_time": 528.7229120731354}
