{"base_model": "CLIP", "dataset": "data", "subset_size": 100, "image_encoder_name": "ViT-B-32", "optimizer": "AdamW", "batch_size": 32, "learning_rate": 0.001, "global_rounds": 200, "local_epochs": 1, "warm_up": 10, "seed": 1}
{"round": -1, "acc": [[86.7006, 81.231, 91.3804, 81.7272, 51.6333, 67.7217], [86.4597, 81.4388, 91.4274, 81.7272, 51.5933, 67.9904], [86.5132, 81.3429, 91.4947, 81.748, 51.4267, 68.08], [86.647, 81.231, 91.4678, 81.8106, 51.64, 67.871], [86.2724, 81.0871, 91.4274, 81.5811, 52.0333, 67.9307], [86.4597, 81.247, 91.4409, 81.6229, 51.48, 67.871]], "total_test_time": 655.628157377243, "total_train_time": 4.522454023361206}
