{"base_model": "CLIP", "dataset": "domainnet", "subset_size": 50, "image_encoder_name": "ViT-B-32", "optimizer": "AdamW", "batch_size": 32, "learning_rate": 0.001, "global_rounds": 200, "local_epochs": 1, "warm_up": 10, "seed": 1}
{"round": 0, "acc": [[90.2816, 81.4731, 92.2117, 86.5471, 72.6667, 69.0363], [90.2816, 81.4731, 92.2117, 86.5471, 72.6667, 69.0363], [90.2816, 81.4731, 92.2117, 86.5471, 72.6667, 69.0363], [90.2816, 81.4731, 92.2117, 86.5471, 72.6667, 69.0363], [90.2816, 81.4731, 92.2117, 86.5471, 72.6667, 69.0363], [90.2816, 81.4731, 92.2117, 86.5471, 72.6667, 69.0363]], "total_test_time": 323.752703666687, "total_train_time": 204.8045732975006}
