{"base_model": "CLIP", "dataset": "domainnet", "subset_size": 150, "image_encoder_name": "ViT-B-32", "optimizer": "AdamW", "batch_size": 32, "learning_rate": 0.001, "global_rounds": 200, "local_epochs": 1, "warm_up": 10, "seed": 1}
{"round": 0, "acc": [[81.9183, 75.9644, 88.265, 77.512, 60.96, 58.5653], [81.9183, 75.9644, 88.265, 77.512, 60.96, 58.5653], [81.9183, 75.9644, 88.265, 77.512, 60.96, 58.5653], [81.9183, 75.9644, 88.265, 77.512, 60.96, 58.5653], [81.9183, 75.9644, 88.265, 77.512, 60.96, 58.5653], [81.9183, 75.9644, 88.265, 77.512, 60.96, 58.5653]], "total_test_time": 1228.9101326465607, "total_train_time": 958.6581962108612}
