{"base_model": "CLIP", "dataset": "domainnet", "subset_size": 100, "image_encoder_name": "ViT-B-32", "optimizer": "AdamW", "batch_size": 32, "learning_rate": 0.001, "global_rounds": 200, "local_epochs": 1, "warm_up": 10, "seed": 1}
{"round": 0, "acc": [[87.2625, 80.9113, 91.3198, 82.5407, 65.9, 64.8253], [87.2625, 80.9113, 91.3198, 82.5407, 65.9, 64.8253], [87.2625, 80.9113, 91.3198, 82.5407, 65.9, 64.8253], [87.2625, 80.9113, 91.3198, 82.5407, 65.9, 64.8253], [87.2625, 80.9113, 91.3198, 82.5407, 65.9, 64.8253], [87.2625, 80.9113, 91.3198, 82.5407, 65.9, 64.8253]], "total_test_time": 710.0572657585144, "total_train_time": 1500.8104422092438}
