{"base_model": "CLIP", "dataset": "data", "subset_size": 100, "image_encoder_name": "ViT-B-32", "optimizer": "AdamW", "batch_size": 32, "learning_rate": 0.001, "global_rounds": 200, "local_epochs": 1, "warm_up": 10, "seed": 1}
{"round": -1, "acc": [[88.7075, 82.1583, 91.6022, 83.083, 48.8933, 68.6772], [86.8611, 83.6451, 91.6695, 81.9149, 46.16, 68.7071], [85.871, 81.9824, 92.5503, 82.2069, 45.0733, 69.8716], [87.2358, 81.3269, 91.4879, 84.9812, 47.5467, 68.3189], [86.5935, 80.4476, 91.3736, 81.3517, 55.6267, 67.7516], [86.8076, 81.9664, 91.6829, 82.4364, 48.1867, 71.0063]], "total_test_time": 666.4061460494995, "total_train_time": 67.72121834754944}
