{"base_model": "CLIP", "dataset": "domainnet", "subset_size": 150, "image_encoder_name": "ViT-B-32", "optimizer": "AdamW", "batch_size": 32, "learning_rate": 0.001, "global_rounds": 200, "local_epochs": 1, "warm_up": 10, "seed": 1}
{"round": 0, "acc": [[84.775, 79.3769, 89.6806, 80.0468, 64.0622, 61.2554], [84.775, 79.3769, 89.6806, 80.0468, 64.0622, 61.2554], [84.775, 79.3769, 89.6806, 80.0468, 64.0622, 61.2554], [84.775, 79.3769, 89.6806, 80.0468, 64.0622, 61.2554], [84.775, 79.3769, 89.6806, 80.0468, 64.0622, 61.2554], [84.775, 79.3769, 89.6806, 80.0468, 64.0622, 61.2554]], "total_test_time": 1223.0931401252747, "total_train_time": 2225.5980021953583}
