{"base_model": "CLIP", "dataset": "domainnet", "subset_size": 50, "image_encoder_name": "ViT-B-32", "optimizer": "AdamW", "batch_size": 32, "learning_rate": 0.001, "global_rounds": 200, "local_epochs": 1, "warm_up": 10, "seed": 1}
{"round": 0, "acc": [[90.6129, 84.2493, 93.4735, 88.6931, 75.4533, 72.0897], [90.6129, 84.2493, 93.4735, 88.6931, 75.4533, 72.0897], [90.6129, 84.2493, 93.4735, 88.6931, 75.4533, 72.0897], [90.6129, 84.2493, 93.4735, 88.6931, 75.4533, 72.0897], [90.6129, 84.2493, 93.4735, 88.6931, 75.4533, 72.0897], [90.6129, 84.2493, 93.4735, 88.6931, 75.4533, 72.0897]], "total_test_time": 267.4259684085846, "total_train_time": 975.2727446556091}
