{"base_model": "CLIP", "dataset": "domainnet", "subset_size": 50, "image_encoder_name": "ViT-B-32", "optimizer": "AdamW", "batch_size": 32, "learning_rate": 0.001, "global_rounds": 200, "local_epochs": 1, "warm_up": 10, "seed": 1}
{"round": 0, "acc": [[88.4594, 79.3484, 90.787, 85.2979, 65.64, 67.1279], [88.4594, 79.3484, 90.787, 85.2979, 65.64, 67.1279], [88.4594, 79.3484, 90.787, 85.2979, 65.64, 67.1279], [88.4594, 79.3484, 90.787, 85.2979, 65.64, 67.1279], [88.4594, 79.3484, 90.787, 85.2979, 65.64, 67.1279], [88.4594, 79.3484, 90.787, 85.2979, 65.64, 67.1279]], "total_test_time": 330.2985064983368, "total_train_time": 33.12748718261719}
