{"base_model": "CLIP", "dataset": "data", "subset_size": 50, "image_encoder_name": "ViT-B-32", "optimizer": "AdamW", "batch_size": 32, "learning_rate": 0.001, "global_rounds": 200, "local_epochs": 1, "warm_up": 10, "seed": 1}
{"round": -1, "acc": [[90.9442, 82.4363, 92.6866, 87.7963, 59.0267, 71.1832], [90.8338, 82.1246, 92.7137, 87.7963, 59.1867, 71.374], [90.9442, 82.3229, 92.768, 87.7643, 58.9867, 71.5649], [90.9994, 82.3513, 92.7815, 88.0846, 59.08, 71.4695], [90.7234, 82.3229, 92.673, 87.8924, 59.5733, 71.374], [90.7786, 82.3229, 92.6866, 87.7002, 59.1867, 71.5172]], "total_test_time": 297.0207462310791, "total_train_time": 2.686436176300049}
