{"base_model": "CLIP", "dataset": "data", "subset_size": 50, "image_encoder_name": "ViT-B-32", "optimizer": "AdamW", "batch_size": 32, "learning_rate": 0.001, "global_rounds": 200, "local_epochs": 1, "warm_up": 10, "seed": 1}
{"round": -1, "acc": [[91.9934, 83.0878, 92.8358, 87.8924, 56.1733, 71.7557], [90.5025, 84.5042, 92.8765, 87.54, 54.1733, 71.3263], [90.2264, 82.5212, 93.772, 87.0275, 50.0267, 70.8015], [90.9442, 82.0397, 92.7951, 89.8463, 51.5467, 71.2309], [91.0547, 82.238, 92.6459, 87.8603, 62.84, 71.4695], [90.8338, 82.7762, 92.8358, 87.9244, 57.0, 74.1889]], "total_test_time": 298.9466881752014, "total_train_time": 34.98798489570618}
