{"base_model": "CLIP", "dataset": "domainnet", "subset_size": 50, "image_encoder_name": "ViT-B-32", "optimizer": "AdamW", "batch_size": 32, "learning_rate": 0.001, "global_rounds": 200, "local_epochs": 1, "warm_up": 10, "seed": 1}
{"round": 0, "acc": [[89.619, 82.2663, 92.1031, 86.7393, 71.92, 68.75], [89.619, 82.2663, 92.1031, 86.7393, 71.92, 68.75], [89.619, 82.2663, 92.1031, 86.7393, 71.92, 68.75], [89.619, 82.2663, 92.1031, 86.7393, 71.92, 68.75], [89.619, 82.2663, 92.1031, 86.7393, 71.92, 68.75], [89.619, 82.2663, 92.1031, 86.7393, 71.92, 68.75]], "total_test_time": 336.5230209827423, "total_train_time": 190.60400581359863}
