{"base_model": "CLIP", "dataset": "data", "subset_size": 50, "image_encoder_name": "ViT-B-32", "optimizer": "AdamW", "batch_size": 32, "learning_rate": 0.001, "global_rounds": 200, "local_epochs": 1, "warm_up": 10, "seed": 1}
{"round": -1, "acc": [[90.7234, 82.4363, 92.673, 87.8283, 58.9467, 71.4695], [91.0547, 82.6629, 92.7137, 87.5721, 58.9067, 71.374], [91.0547, 82.3796, 92.8223, 87.9564, 58.7867, 71.374], [90.8338, 82.3229, 92.7001, 87.9564, 58.88, 71.5649], [90.7786, 82.1813, 92.6459, 87.54, 59.7733, 71.708], [90.9442, 82.3796, 92.7815, 87.7963, 58.9467, 71.374]], "total_test_time": 296.4226224422455, "total_train_time": 3.9212045669555664}
