{"base_model": "CLIP", "dataset": "PACS", "subset_size": 7, "image_encoder_name": "ViT-B-32", "optimizer": "AdamW", "batch_size": 32, "learning_rate": 0.001, "global_rounds": 200, "local_epochs": 1, "warm_up": 10, "seed": 1}
{"round": 0, "acc": [[99.8204, 97.8552, 99.4629, 99.744], [99.8204, 97.8552, 99.4629, 99.744], [99.8204, 97.8552, 99.4629, 99.744], [99.8204, 97.8552, 99.4629, 99.744]], "total_test_time": 47.452534914016724, "total_train_time": 2.6421265602111816}
