{"base_model": "CLIP", "dataset": "data", "subset_size": 150, "image_encoder_name": "ViT-B-32", "optimizer": "AdamW", "batch_size": 32, "learning_rate": 0.001, "global_rounds": 200, "local_epochs": 1, "warm_up": 10, "seed": 1}
{"round": -1, "acc": [[83.9291, 76.9712, 89.1584, 77.616, 46.5422, 61.4982], [83.9451, 77.1937, 89.1843, 77.551, 46.68, 61.4422], [83.8174, 76.9182, 89.2016, 77.343, 46.6267, 61.4422], [83.9451, 77.056, 89.1498, 77.59, 46.8533, 61.4795], [83.8015, 76.8546, 89.1454, 77.356, 47.1333, 61.3488], [83.8015, 77.0454, 89.2059, 77.486, 46.72, 61.7598]], "total_test_time": 1180.5511903762817, "total_train_time": 5.717270612716675}
