{"base_model": "CLIP", "dataset": "data", "subset_size": 50, "image_encoder_name": "ViT-B-32", "optimizer": "AdamW", "batch_size": 32, "learning_rate": 0.001, "global_rounds": 200, "local_epochs": 1, "warm_up": 10, "seed": 1}
{"round": -1, "acc": [[91.9934, 82.9462, 92.7273, 88.1807, 57.6933, 71.5649], [90.392, 83.796, 92.7544, 87.4119, 56.8667, 71.2786], [90.4473, 82.7479, 93.4328, 87.3799, 55.0267, 71.5172], [90.9994, 82.6346, 92.7001, 89.2377, 55.04, 71.1832], [90.9994, 82.3796, 92.5916, 87.7963, 61.2133, 71.7557], [90.889, 82.7479, 92.8087, 88.2127, 57.88, 73.0439]], "total_test_time": 296.30790996551514, "total_train_time": 20.50591516494751}
