{"base_model": "CLIP", "dataset": "data", "subset_size": 100, "image_encoder_name": "ViT-B-32", "optimizer": "AdamW", "batch_size": 32, "learning_rate": 0.001, "global_rounds": 200, "local_epochs": 1, "warm_up": 10, "seed": 1}
{"round": 0, "acc": [[86.3527, 81.1031, 91.4005, 81.6854, 51.6467, 67.7814], [86.3527, 81.1031, 91.4005, 81.6854, 51.6467, 67.7814], [86.3527, 81.1031, 91.4005, 81.6854, 51.6467, 67.7814], [86.3527, 81.1031, 91.4005, 81.6854, 51.6467, 67.7814], [86.3527, 81.1031, 91.4005, 81.6854, 51.6467, 67.7814], [86.3527, 81.1031, 91.4005, 81.6854, 51.6467, 67.7814]], "total_test_time": 626.9276700019836, "total_train_time": 170.35696268081665}
