{"base_model": "CLIP", "dataset": "domainnet", "subset_size": 150, "image_encoder_name": "ViT-B-32", "optimizer": "AdamW", "batch_size": 32, "learning_rate": 0.001, "global_rounds": 200, "local_epochs": 1, "warm_up": 10, "seed": 1}
{"round": 0, "acc": [[83.3387, 78.0733, 88.7743, 78.3699, 61.24, 59.0697], [83.3387, 78.0733, 88.7743, 78.3699, 61.24, 59.0697], [83.3387, 78.0733, 88.7743, 78.3699, 61.24, 59.0697], [83.3387, 78.0733, 88.7743, 78.3699, 61.24, 59.0697], [83.3387, 78.0733, 88.7743, 78.3699, 61.24, 59.0697], [83.3387, 78.0733, 88.7743, 78.3699, 61.24, 59.0697]], "total_test_time": 1223.374750137329, "total_train_time": 1341.5080235004425}
