{"base_model": "CLIP", "dataset": "data", "subset_size": 100, "image_encoder_name": "ViT-B-32", "optimizer": "AdamW", "batch_size": 32, "learning_rate": 0.001, "global_rounds": 200, "local_epochs": 1, "warm_up": 10, "seed": 1}
{"round": -1, "acc": [[87.8512, 81.9025, 91.4543, 82.4155, 49.7333, 68.6772], [86.647, 82.9576, 91.5888, 82.3529, 48.64, 68.7071], [86.6738, 81.9664, 92.2208, 81.9149, 49.3133, 69.3043], [87.1287, 81.5827, 91.5753, 84.2511, 49.1, 68.2592], [86.7808, 80.6075, 91.4476, 81.5603, 54.7733, 67.7814], [86.7273, 81.8545, 91.6964, 82.5824, 49.54, 69.991]], "total_test_time": 654.6435294151306, "total_train_time": 38.64967894554138}
