{"base_model": "CLIP", "dataset": "PACS", "subset_size": 7, "image_encoder_name": "ViT-B-32", "optimizer": "AdamW", "batch_size": 32, "learning_rate": 0.001, "global_rounds": 200, "local_epochs": 1, "warm_up": 10, "seed": 1}
{"round": 0, "acc": [[99.9401, 96.2466, 99.1211, 99.2321], [99.9401, 96.2466, 99.1211, 99.2321], [99.9401, 96.2466, 99.1211, 99.2321], [99.9401, 96.2466, 99.1211, 99.2321]], "total_test_time": 31.450833797454834, "total_train_time": 0.4087562561035156}
