{"base_model": "CLIP", "dataset": "domainnet", "subset_size": 150, "image_encoder_name": "ViT-B-32", "optimizer": "AdamW", "batch_size": 32, "learning_rate": 0.001, "global_rounds": 200, "local_epochs": 1, "warm_up": 10, "seed": 1}
{"round": 0, "acc": [[84.8069, 78.7516, 89.5727, 80.5148, 64.4756, 61.4422], [84.8069, 78.7516, 89.5727, 80.5148, 64.4756, 61.4422], [84.8069, 78.7516, 89.5727, 80.5148, 64.4756, 61.4422], [84.8069, 78.7516, 89.5727, 80.5148, 64.4756, 61.4422], [84.8069, 78.7516, 89.5727, 80.5148, 64.4756, 61.4422], [84.8069, 78.7516, 89.5727, 80.5148, 64.4756, 61.4422]], "total_test_time": 1223.829327583313, "total_train_time": 2660.2549393177032}
