{"base_model": "CLIP", "dataset": "data", "subset_size": 150, "image_encoder_name": "ViT-B-32", "optimizer": "AdamW", "batch_size": 32, "learning_rate": 0.001, "global_rounds": 200, "local_epochs": 1, "warm_up": 10, "seed": 1}
{"round": -1, "acc": [[83.7695, 76.9712, 89.1541, 77.382, 46.5956, 61.4235], [83.7855, 77.0454, 89.1239, 77.343, 46.68, 61.3675], [83.8493, 76.8546, 89.1713, 77.33, 46.7067, 61.3675], [83.977, 76.9606, 89.1282, 77.551, 46.88, 61.3861], [83.8174, 76.8652, 89.1411, 77.369, 47.0711, 61.218], [83.8174, 76.9818, 89.1627, 77.382, 46.7556, 61.5543]], "total_test_time": 1179.163207769394, "total_train_time": 3.941457986831665}
