{"base_model": "CLIP", "dataset": "PACS", "subset_size": 7, "image_encoder_name": "ViT-B-32", "optimizer": "AdamW", "batch_size": 32, "learning_rate": 0.001, "global_rounds": 200, "local_epochs": 1, "warm_up": 10, "seed": 1}
{"round": 0, "acc": [[99.9401, 97.8552, 98.9258, 99.4881], [99.9401, 97.8552, 98.9258, 99.4881], [99.9401, 97.8552, 98.9258, 99.4881], [99.9401, 97.8552, 98.9258, 99.4881]], "total_test_time": 31.18627381324768, "total_train_time": 0.8926432132720947}
