{"base_model": "CLIP", "dataset": "domainnet", "subset_size": 150, "image_encoder_name": "ViT-B-32", "optimizer": "AdamW", "batch_size": 32, "learning_rate": 0.001, "global_rounds": 200, "local_epochs": 1, "warm_up": 10, "seed": 1}
{"round": 0, "acc": [[85.0942, 79.7372, 90.2374, 80.7227, 65.5422, 62.1894], [85.0942, 79.7372, 90.2374, 80.7227, 65.5422, 62.1894], [85.0942, 79.7372, 90.2374, 80.7227, 65.5422, 62.1894], [85.0942, 79.7372, 90.2374, 80.7227, 65.5422, 62.1894], [85.0942, 79.7372, 90.2374, 80.7227, 65.5422, 62.1894], [85.0942, 79.7372, 90.2374, 80.7227, 65.5422, 62.1894]], "total_test_time": 1217.8340210914612, "total_train_time": 3617.732635498047}
