{"base_model": "CLIP", "dataset": "data", "subset_size": 100, "image_encoder_name": "ViT-B-32", "optimizer": "AdamW", "batch_size": 32, "learning_rate": 0.001, "global_rounds": 200, "local_epochs": 1, "warm_up": 10, "seed": 1}
{"round": -1, "acc": [[86.8611, 81.3429, 91.3602, 81.6646, 51.6067, 67.6321], [86.5668, 81.5667, 91.4476, 81.894, 51.5267, 68.08], [86.5132, 81.3269, 91.5081, 81.8315, 51.4, 68.08], [86.7808, 81.3589, 91.461, 81.9566, 51.5667, 67.8411], [86.4865, 81.247, 91.3938, 81.5603, 52.16, 67.9307], [86.54, 81.3269, 91.461, 81.748, 51.4667, 68.289]], "total_test_time": 661.118355512619, "total_train_time": 4.252912998199463}
