{"base_model": "CLIP", "dataset": "data", "subset_size": 50, "image_encoder_name": "ViT-B-32", "optimizer": "AdamW", "batch_size": 32, "learning_rate": 0.001, "global_rounds": 200, "local_epochs": 1, "warm_up": 10, "seed": 1}
{"round": -1, "acc": [[91.9934, 82.9462, 92.8494, 88.1486, 56.92, 71.1832], [90.0055, 85.0992, 92.6323, 87.1557, 50.7867, 71.1355], [89.0668, 80.7649, 94.3691, 85.2979, 41.4933, 69.5611], [91.2755, 80.7932, 92.5237, 90.4548, 49.92, 71.3263], [91.0547, 81.8697, 92.6323, 87.3799, 65.68, 71.374], [90.6129, 82.8612, 92.7408, 87.9244, 56.76, 74.2366]], "total_test_time": 301.86674308776855, "total_train_time": 96.75355553627014}
