{"base_model": "CLIP", "dataset": "domainnet", "subset_size": 50, "image_encoder_name": "ViT-B-32", "optimizer": "AdamW", "batch_size": 32, "learning_rate": 0.001, "global_rounds": 200, "local_epochs": 1, "warm_up": 10, "seed": 1}
{"round": 0, "acc": [[89.5638, 80.3683, 91.9539, 86.1947, 73.3467, 68.5115], [89.5638, 80.3683, 91.9539, 86.1947, 73.3467, 68.5115], [89.5638, 80.3683, 91.9539, 86.1947, 73.3467, 68.5115], [89.5638, 80.3683, 91.9539, 86.1947, 73.3467, 68.5115], [89.5638, 80.3683, 91.9539, 86.1947, 73.3467, 68.5115], [89.5638, 80.3683, 91.9539, 86.1947, 73.3467, 68.5115]], "total_test_time": 336.52530694007874, "total_train_time": 201.45089173316956}
