{"base_model": "CLIP", "dataset": "data", "subset_size": 100, "image_encoder_name": "ViT-B-32", "optimizer": "AdamW", "batch_size": 32, "learning_rate": 0.001, "global_rounds": 200, "local_epochs": 1, "warm_up": 10, "seed": 1}
{"round": -1, "acc": [[86.7541, 81.5348, 91.5014, 81.748, 51.4, 68.3189], [86.4062, 81.6307, 91.4879, 81.894, 51.0067, 67.9009], [86.3527, 81.4868, 91.6291, 81.6854, 51.06, 68.1696], [86.6203, 81.199, 91.4745, 82.2695, 51.4133, 67.7217], [86.2992, 80.9912, 91.4072, 81.5394, 52.9267, 67.8113], [86.6738, 81.4069, 91.5417, 81.9775, 51.1933, 68.4682]], "total_test_time": 659.4667294025421, "total_train_time": 68.22747778892517}
