{"base_model": "CLIP", "dataset": "data", "subset_size": 150, "image_encoder_name": "ViT-B-32", "optimizer": "AdamW", "batch_size": 32, "learning_rate": 0.001, "global_rounds": 200, "local_epochs": 1, "warm_up": 10, "seed": 1}
{"round": -1, "acc": [[83.8653, 76.9818, 89.1541, 77.512, 46.7556, 61.4048], [83.9132, 77.0136, 89.1066, 77.408, 46.6356, 61.4048], [83.8334, 76.8334, 89.2102, 77.33, 46.7956, 61.5169], [83.9451, 76.95, 89.1411, 77.59, 46.76, 61.3861], [83.7695, 76.8122, 89.0893, 77.317, 47.0356, 61.3301], [83.8972, 76.95, 89.2016, 77.382, 46.6711, 61.7411]], "total_test_time": 1176.6165482997894, "total_train_time": 3.9280905723571777}
