{"base_model": "CLIP", "dataset": "data", "subset_size": 100, "image_encoder_name": "ViT-B-32", "optimizer": "AdamW", "batch_size": 32, "learning_rate": 0.001, "global_rounds": 200, "local_epochs": 1, "warm_up": 10, "seed": 1}
{"round": -1, "acc": [[87.1555, 81.5987, 91.3938, 81.9983, 51.3533, 68.1099], [86.7808, 82.478, 91.5148, 82.2069, 51.0333, 68.5876], [86.8076, 81.5348, 91.8577, 81.8732, 50.9067, 68.7668], [87.1555, 81.5508, 91.5484, 83.083, 51.1467, 68.08], [86.433, 81.1671, 91.4072, 81.6229, 53.5133, 67.7217], [86.7006, 81.6627, 91.5686, 82.1861, 51.0667, 69.1251]], "total_test_time": 658.4893879890442, "total_train_time": 21.121726989746094}
