{"base_model": "CLIP", "dataset": "data", "subset_size": 150, "image_encoder_name": "ViT-B-32", "optimizer": "AdamW", "batch_size": 32, "learning_rate": 0.001, "global_rounds": 200, "local_epochs": 1, "warm_up": 10, "seed": 1}
{"round": -1, "acc": [[86.1315, 78.3701, 89.754, 78.6689, 41.9556, 62.3762], [84.2802, 80.638, 89.0591, 77.928, 39.96, 61.7971], [83.8972, 78.4019, 90.6819, 78.188, 40.1467, 63.2356], [85.158, 78.1793, 89.5296, 80.9047, 41.36, 61.9653], [83.9132, 76.5579, 89.0289, 76.9011, 50.8667, 61.0312], [84.1207, 77.9462, 90.0, 78.162, 42.8311, 65.0663]], "total_test_time": 1177.5644013881683, "total_train_time": 103.01985788345337}
