{"base_model": "CLIP", "dataset": "domainnet", "subset_size": 50, "image_encoder_name": "ViT-B-32", "optimizer": "AdamW", "batch_size": 32, "learning_rate": 0.001, "global_rounds": 200, "local_epochs": 1, "warm_up": 10, "seed": 1}
{"round": 0, "acc": [[89.4533, 82.7762, 92.9715, 89.0775, 74.4, 69.4179], [89.4533, 82.7762, 92.9715, 89.0775, 74.4, 69.4179], [89.4533, 82.7762, 92.9715, 89.0775, 74.4, 69.4179], [89.4533, 82.7762, 92.9715, 89.0775, 74.4, 69.4179], [89.4533, 82.7762, 92.9715, 89.0775, 74.4, 69.4179], [89.4533, 82.7762, 92.9715, 89.0775, 74.4, 69.4179]], "total_test_time": 324.7375147342682, "total_train_time": 356.179160118103}
