{"base_model": "CLIP", "dataset": "domainnet", "subset_size": 100, "image_encoder_name": "ViT-B-32", "optimizer": "AdamW", "batch_size": 32, "learning_rate": 0.001, "global_rounds": 200, "local_epochs": 1, "warm_up": 10, "seed": 1}
{"round": 0, "acc": [[86.2724, 80.016, 91.1383, 81.4768, 63.9533, 63.3323], [86.2724, 80.016, 91.1383, 81.4768, 63.9533, 63.3323], [86.2724, 80.016, 91.1383, 81.4768, 63.9533, 63.3323], [86.2724, 80.016, 91.1383, 81.4768, 63.9533, 63.3323], [86.2724, 80.016, 91.1383, 81.4768, 63.9533, 63.3323], [86.2724, 80.016, 91.1383, 81.4768, 63.9533, 63.3323]], "total_test_time": 712.4841339588165, "total_train_time": 624.1415286064148}
