{"base_model": "CLIP", "dataset": "data", "subset_size": 150, "image_encoder_name": "ViT-B-32", "optimizer": "AdamW", "batch_size": 32, "learning_rate": 0.001, "global_rounds": 200, "local_epochs": 1, "warm_up": 10, "seed": 1}
{"round": -1, "acc": [[84.0249, 77.1619, 89.1757, 77.837, 46.4356, 61.2741], [84.1526, 77.6176, 89.167, 77.837, 46.48, 61.7224], [83.9291, 77.2785, 89.3958, 77.798, 46.2533, 61.8718], [84.1366, 77.2255, 89.249, 78.084, 46.2622, 61.7037], [83.8493, 76.9076, 89.1152, 77.304, 47.7644, 61.4609], [83.8174, 77.1619, 89.3051, 77.616, 46.5289, 62.1894]], "total_test_time": 1695.9789476394653, "total_train_time": 13.966363430023193}
