{"base_model": "CLIP", "dataset": "domainnet", "subset_size": 150, "image_encoder_name": "ViT-B-32", "optimizer": "AdamW", "batch_size": 32, "learning_rate": 0.001, "global_rounds": 200, "local_epochs": 1, "warm_up": 10, "seed": 1}
{"round": 0, "acc": [[82.3651, 75.5087, 87.1774, 76.9531, 60.2311, 56.2675], [82.3651, 75.5087, 87.1774, 76.9531, 60.2311, 56.2675], [82.3651, 75.5087, 87.1774, 76.9531, 60.2311, 56.2675], [82.3651, 75.5087, 87.1774, 76.9531, 60.2311, 56.2675], [82.3651, 75.5087, 87.1774, 76.9531, 60.2311, 56.2675], [82.3651, 75.5087, 87.1774, 76.9531, 60.2311, 56.2675]], "total_test_time": 1226.2172741889954, "total_train_time": 878.3830161094666}
