{"base_model": "CLIP", "dataset": "data", "subset_size": 150, "image_encoder_name": "ViT-B-32", "optimizer": "AdamW", "batch_size": 32, "learning_rate": 0.001, "global_rounds": 200, "local_epochs": 1, "warm_up": 10, "seed": 1}
{"round": 0, "acc": [[83.1791, 76.0068, 88.3384, 76.5631, 48.1867, 60.1905], [83.1791, 76.0068, 88.3384, 76.5631, 48.1867, 60.1905], [83.1791, 76.0068, 88.3384, 76.5631, 48.1867, 60.1905], [83.1791, 76.0068, 88.3384, 76.5631, 48.1867, 60.1905], [83.1791, 76.0068, 88.3384, 76.5631, 48.1867, 60.1905], [83.1791, 76.0068, 88.3384, 76.5631, 48.1867, 60.1905]], "total_test_time": 646.8597266674042, "total_train_time": 177.49886178970337, "converge_round": 2348}
