{"base_model": "CLIP", "dataset": "domainnet", "subset_size": 50, "image_encoder_name": "ViT-B-32", "optimizer": "AdamW", "batch_size": 32, "learning_rate": 0.001, "global_rounds": 200, "local_epochs": 1, "warm_up": 10, "seed": 1}
{"round": 0, "acc": [[90.0607, 82.3513, 93.175, 88.9174, 75.6133, 69.9427], [90.0607, 82.3513, 93.175, 88.9174, 75.6133, 69.9427], [90.0607, 82.3513, 93.175, 88.9174, 75.6133, 69.9427], [90.0607, 82.3513, 93.175, 88.9174, 75.6133, 69.9427], [90.0607, 82.3513, 93.175, 88.9174, 75.6133, 69.9427], [90.0607, 82.3513, 93.175, 88.9174, 75.6133, 69.9427]], "total_test_time": 338.5448429584503, "total_train_time": 514.2623326778412}
