{"base_model": "CLIP", "dataset": "domainnet", "subset_size": 100, "image_encoder_name": "ViT-B-32", "optimizer": "AdamW", "batch_size": 32, "learning_rate": 0.001, "global_rounds": 200, "local_epochs": 1, "warm_up": 10, "seed": 1}
{"round": 0, "acc": [[85.1218, 78.0655, 89.6524, 80.2253, 64.0867, 61.8095], [85.1218, 78.0655, 89.6524, 80.2253, 64.0867, 61.8095], [85.1218, 78.0655, 89.6524, 80.2253, 64.0867, 61.8095], [85.1218, 78.0655, 89.6524, 80.2253, 64.0867, 61.8095], [85.1218, 78.0655, 89.6524, 80.2253, 64.0867, 61.8095], [85.1218, 78.0655, 89.6524, 80.2253, 64.0867, 61.8095]], "total_test_time": 708.5996298789978, "total_train_time": 302.37095165252686}
