{"base_model": "CLIP", "dataset": "data", "subset_size": 50, "image_encoder_name": "ViT-B-32", "optimizer": "AdamW", "batch_size": 32, "learning_rate": 0.001, "global_rounds": 200, "local_epochs": 1, "warm_up": 10, "seed": 1}
{"round": -1, "acc": [[91.4964, 82.7195, 92.7001, 88.0846, 58.8133, 71.8511], [91.1099, 83.0312, 92.6866, 87.4119, 57.8267, 71.4695], [91.1099, 82.4363, 93.1343, 87.7322, 58.0933, 71.3263], [90.5577, 82.5212, 92.7544, 88.5971, 57.2267, 71.5649], [90.7234, 82.2096, 92.5916, 87.6682, 60.9467, 71.9943], [90.8338, 82.6912, 92.8901, 88.1486, 57.9333, 72.376]], "total_test_time": 296.38523602485657, "total_train_time": 10.995282888412476}
