{"base_model": "CLIP", "dataset": "domainnet", "subset_size": 150, "image_encoder_name": "ViT-B-32", "optimizer": "AdamW", "batch_size": 32, "learning_rate": 0.001, "global_rounds": 200, "local_epochs": 1, "warm_up": 10, "seed": 1}
{"round": 0, "acc": [[86.0357, 80.8181, 90.5179, 80.9827, 66.7511, 63.4037], [86.0357, 80.8181, 90.5179, 80.9827, 66.7511, 63.4037], [86.0357, 80.8181, 90.5179, 80.9827, 66.7511, 63.4037], [86.0357, 80.8181, 90.5179, 80.9827, 66.7511, 63.4037], [86.0357, 80.8181, 90.5179, 80.9827, 66.7511, 63.4037], [86.0357, 80.8181, 90.5179, 80.9827, 66.7511, 63.4037]], "total_test_time": 1224.4408087730408, "total_train_time": 3421.5755553245544}
