{"base_model": "CLIP", "dataset": "data", "subset_size": 150, "image_encoder_name": "ViT-B-32", "optimizer": "AdamW", "batch_size": 32, "learning_rate": 0.001, "global_rounds": 200, "local_epochs": 1, "warm_up": 10, "seed": 1}
{"round": 0, "acc": [[84.5675, 77.766, 89.9957, 78.084, 45.7333, 63.0488], [84.5675, 77.766, 89.9957, 78.084, 45.7333, 63.0488], [84.5675, 77.766, 89.9957, 78.084, 45.7333, 63.0488], [84.5675, 77.766, 89.9957, 78.084, 45.7333, 63.0488], [84.5675, 77.766, 89.9957, 78.084, 45.7333, 63.0488], [84.5675, 77.766, 89.9957, 78.084, 45.7333, 63.0488]], "total_test_time": 641.8119518756866, "total_train_time": 84.18250012397766, "converge_round": 1107}
