{"base_model": "CLIP", "dataset": "domainnet", "subset_size": 150, "image_encoder_name": "ViT-B-32", "optimizer": "AdamW", "batch_size": 32, "learning_rate": 0.001, "global_rounds": 200, "local_epochs": 1, "warm_up": 10, "seed": 1}
{"round": 0, "acc": [[85.4293, 80.7546, 90.341, 81.0347, 66.1911, 62.1894], [85.4293, 80.7546, 90.341, 81.0347, 66.1911, 62.1894], [85.4293, 80.7546, 90.341, 81.0347, 66.1911, 62.1894], [85.4293, 80.7546, 90.341, 81.0347, 66.1911, 62.1894], [85.4293, 80.7546, 90.341, 81.0347, 66.1911, 62.1894], [85.4293, 80.7546, 90.341, 81.0347, 66.1911, 62.1894]], "total_test_time": 1225.8019320964813, "total_train_time": 3040.481509923935}
