{"base_model": "CLIP", "dataset": "domainnet", "subset_size": 100, "image_encoder_name": "ViT-B-32", "optimizer": "AdamW", "batch_size": 32, "learning_rate": 0.001, "global_rounds": 200, "local_epochs": 1, "warm_up": 10, "seed": 1}
{"round": 0, "acc": [[85.2823, 78.1295, 89.9213, 80.4547, 64.0667, 61.9588], [85.2823, 78.1295, 89.9213, 80.4547, 64.0667, 61.9588], [85.2823, 78.1295, 89.9213, 80.4547, 64.0667, 61.9588], [85.2823, 78.1295, 89.9213, 80.4547, 64.0667, 61.9588], [85.2823, 78.1295, 89.9213, 80.4547, 64.0667, 61.9588], [85.2823, 78.1295, 89.9213, 80.4547, 64.0667, 61.9588]], "total_test_time": 705.5915567874908, "total_train_time": 317.6034233570099}
