{"base_model": "CLIP", "dataset": "data", "subset_size": 100, "image_encoder_name": "ViT-B-32", "optimizer": "AdamW", "batch_size": 32, "learning_rate": 0.001, "global_rounds": 200, "local_epochs": 1, "warm_up": 10, "seed": 1}
{"round": -1, "acc": [[86.9414, 81.6627, 91.3535, 81.7063, 51.0667, 68.0203], [86.5935, 82.1423, 91.4678, 82.3529, 51.22, 68.4383], [86.5668, 81.5348, 91.6829, 81.9983, 51.2933, 68.3786], [86.8076, 81.5188, 91.5081, 83.0204, 51.28, 67.9606], [86.433, 81.1671, 91.3871, 81.4143, 53.2, 67.9904], [86.5132, 81.5188, 91.4812, 82.0818, 51.3333, 68.5279]], "total_test_time": 655.2810897827148, "total_train_time": 11.832427024841309}
