{"base_model": "CLIP", "dataset": "domainnet", "subset_size": 50, "image_encoder_name": "ViT-B-32", "optimizer": "AdamW", "batch_size": 32, "learning_rate": 0.001, "global_rounds": 200, "local_epochs": 1, "warm_up": 10, "seed": 1}
{"round": 0, "acc": [[91.0547, 84.4476, 93.8128, 88.4689, 75.6667, 70.6107], [91.0547, 84.4476, 93.8128, 88.4689, 75.6667, 70.6107], [91.0547, 84.4476, 93.8128, 88.4689, 75.6667, 70.6107], [91.0547, 84.4476, 93.8128, 88.4689, 75.6667, 70.6107], [91.0547, 84.4476, 93.8128, 88.4689, 75.6667, 70.6107], [91.0547, 84.4476, 93.8128, 88.4689, 75.6667, 70.6107]], "total_test_time": 338.39839363098145, "total_train_time": 886.0598158836365}
