{"base_model": "CLIP", "dataset": "domainnet", "subset_size": 50, "image_encoder_name": "ViT-B-32", "optimizer": "AdamW", "batch_size": 32, "learning_rate": 0.001, "global_rounds": 200, "local_epochs": 1, "warm_up": 10, "seed": 1}
{"round": 0, "acc": [[91.2755, 82.4079, 93.0665, 88.0846, 75.1733, 69.4656], [91.2755, 82.4079, 93.0665, 88.0846, 75.1733, 69.4656], [91.2755, 82.4079, 93.0665, 88.0846, 75.1733, 69.4656], [91.2755, 82.4079, 93.0665, 88.0846, 75.1733, 69.4656], [91.2755, 82.4079, 93.0665, 88.0846, 75.1733, 69.4656], [91.2755, 82.4079, 93.0665, 88.0846, 75.1733, 69.4656]], "total_test_time": 339.65554666519165, "total_train_time": 463.99484515190125}
