{"base_model": "CLIP", "dataset": "data", "subset_size": 50, "image_encoder_name": "ViT-B-32", "optimizer": "AdamW", "batch_size": 32, "learning_rate": 0.001, "global_rounds": 200, "local_epochs": 1, "warm_up": 10, "seed": 1}
{"round": -1, "acc": [[91.8829, 82.7479, 92.7137, 88.3408, 58.04, 71.708], [91.0547, 83.8244, 92.768, 87.8603, 58.5467, 71.3263], [91.2203, 82.5212, 93.3786, 87.8603, 57.2933, 71.8034], [90.9994, 82.1813, 92.8223, 88.9174, 57.7333, 71.6603], [90.9994, 82.2096, 92.5509, 87.8924, 61.7333, 71.2786], [91.0547, 82.4929, 92.7408, 88.0846, 58.6667, 72.6145]], "total_test_time": 294.3950459957123, "total_train_time": 35.310643672943115}
