{"base_model": "CLIP", "dataset": "data", "subset_size": 150, "image_encoder_name": "ViT-B-32", "optimizer": "AdamW", "batch_size": 32, "learning_rate": 0.001, "global_rounds": 200, "local_epochs": 1, "warm_up": 10, "seed": 1}
{"round": 0, "acc": [[83.8334, 76.8864, 89.1498, 77.33, 46.88, 61.3488], [83.8334, 76.8864, 89.1498, 77.33, 46.88, 61.3488], [83.8334, 76.8864, 89.1498, 77.33, 46.88, 61.3488], [83.8334, 76.8864, 89.1498, 77.33, 46.88, 61.3488], [83.8334, 76.8864, 89.1498, 77.33, 46.88, 61.3488], [83.8334, 76.8864, 89.1498, 77.33, 46.88, 61.3488]], "total_test_time": 1119.8551907539368, "total_train_time": 262.2969253063202}
