{"base_model": "CLIP", "dataset": "data", "subset_size": 100, "image_encoder_name": "ViT-B-32", "optimizer": "AdamW", "batch_size": 32, "learning_rate": 0.001, "global_rounds": 200, "local_epochs": 1, "warm_up": 10, "seed": 1}
{"round": -1, "acc": [[86.7273, 81.279, 91.4072, 81.6646, 51.6, 67.7217], [86.433, 81.4229, 91.4207, 81.7272, 51.5333, 67.9904], [86.5935, 81.3269, 91.4812, 81.6229, 51.6067, 68.0203], [86.3527, 81.247, 91.414, 81.748, 51.7267, 67.871], [86.4062, 81.1191, 91.4409, 81.5603, 52.1333, 67.9307], [86.4062, 81.295, 91.4476, 81.748, 51.5267, 68.1099]], "total_test_time": 658.1406371593475, "total_train_time": 3.310849666595459}
