{"base_model": "CLIP", "dataset": "data", "subset_size": 150, "image_encoder_name": "ViT-B-32", "optimizer": "AdamW", "batch_size": 32, "learning_rate": 0.001, "global_rounds": 200, "local_epochs": 1, "warm_up": 10, "seed": 1}
{"round": -1, "acc": [[84.7909, 77.5223, 89.3224, 78.266, 45.9067, 61.7598], [84.6473, 78.8576, 89.2792, 78.006, 45.3733, 61.9279], [84.0887, 77.4799, 89.8015, 78.305, 45.6, 62.4883], [84.6473, 77.4905, 89.344, 78.7469, 45.4356, 61.8905], [83.8653, 76.7274, 89.0548, 77.538, 48.9289, 61.3301], [84.0887, 77.3633, 89.6288, 78.162, 45.7956, 63.1048]], "total_test_time": 1185.7658503055573, "total_train_time": 32.72136902809143}
