{"base_model": "CLIP", "dataset": "PACS", "subset_size": 7, "image_encoder_name": "ViT-B-32", "optimizer": "AdamW", "batch_size": 32, "learning_rate": 0.001, "global_rounds": 200, "local_epochs": 1, "warm_up": 10, "seed": 1}
{"round": 0, "acc": [[100.0, 97.8552, 99.5117, 99.616], [100.0, 97.8552, 99.5117, 99.616], [100.0, 97.8552, 99.5117, 99.616], [100.0, 97.8552, 99.5117, 99.616]], "total_test_time": 30.983392238616943, "total_train_time": 1.4673621654510498}
