{"base_model": "CLIP", "dataset": "data", "subset_size": 150, "image_encoder_name": "ViT-B-32", "optimizer": "AdamW", "batch_size": 32, "learning_rate": 0.001, "global_rounds": 200, "local_epochs": 1, "warm_up": 10, "seed": 1}
{"round": -1, "acc": [[84.2483, 77.4481, 89.3699, 78.24, 46.0978, 61.5356], [84.1845, 78.2535, 89.2274, 78.032, 45.9022, 61.685], [84.0249, 77.3633, 89.6331, 78.006, 45.96, 62.1334], [84.392, 77.4587, 89.262, 78.4739, 45.9467, 61.5356], [83.8493, 77.0136, 89.1066, 77.486, 48.0889, 61.4048], [83.8972, 77.3209, 89.4605, 77.954, 46.3378, 62.6004]], "total_test_time": 1672.0786690711975, "total_train_time": 18.49852681159973}
