{"base_model": "CLIP", "dataset": "domainnet", "subset_size": 150, "image_encoder_name": "ViT-B-32", "optimizer": "AdamW", "batch_size": 32, "learning_rate": 0.001, "global_rounds": 200, "local_epochs": 1, "warm_up": 10, "seed": 1}
{"round": 0, "acc": [[83.4663, 76.0068, 88.5196, 77.993, 61.4933, 59.1818], [83.4663, 76.0068, 88.5196, 77.993, 61.4933, 59.1818], [83.4663, 76.0068, 88.5196, 77.993, 61.4933, 59.1818], [83.4663, 76.0068, 88.5196, 77.993, 61.4933, 59.1818], [83.4663, 76.0068, 88.5196, 77.993, 61.4933, 59.1818], [83.4663, 76.0068, 88.5196, 77.993, 61.4933, 59.1818]], "total_test_time": 1224.8854761123657, "total_train_time": 1344.4099621772766}
