{"base_model": "CLIP", "dataset": "data", "subset_size": 100, "image_encoder_name": "ViT-B-32", "optimizer": "AdamW", "batch_size": 32, "learning_rate": 0.001, "global_rounds": 200, "local_epochs": 1, "warm_up": 10, "seed": 1}
{"round": -1, "acc": [[86.7006, 81.4388, 91.3938, 81.748, 51.5733, 68.1397], [86.5668, 81.6307, 91.4072, 81.8106, 51.4733, 68.08], [86.4865, 81.311, 91.5888, 81.8315, 51.3933, 67.871], [86.4865, 81.295, 91.5148, 82.2069, 51.64, 67.9904], [86.4062, 81.0392, 91.4072, 81.6229, 52.0533, 67.7217], [86.54, 81.295, 91.4476, 81.6646, 51.5467, 68.3189]], "total_test_time": 657.4326496124268, "total_train_time": 6.707765340805054}
