{"base_model": "CLIP", "dataset": "data", "subset_size": 50, "image_encoder_name": "ViT-B-32", "optimizer": "AdamW", "batch_size": 32, "learning_rate": 0.001, "global_rounds": 200, "local_epochs": 1, "warm_up": 10, "seed": 1}
{"round": -1, "acc": [[91.2755, 82.238, 92.7273, 87.7322, 58.84, 71.8034], [91.0547, 82.4363, 92.7137, 87.6682, 58.9733, 71.4695], [90.9994, 82.2096, 92.8087, 87.8924, 59.16, 71.4695], [90.889, 82.5496, 92.7137, 87.7643, 58.8933, 71.5649], [90.9442, 82.153, 92.6594, 87.6361, 59.4933, 71.4218], [91.0547, 82.3796, 92.6866, 87.7002, 58.96, 71.7557]], "total_test_time": 297.31590270996094, "total_train_time": 11.308001041412354}
