{"base_model": "CLIP", "dataset": "domainnet", "subset_size": 50, "image_encoder_name": "ViT-B-32", "optimizer": "AdamW", "batch_size": 32, "learning_rate": 0.001, "global_rounds": 200, "local_epochs": 1, "warm_up": 10, "seed": 1}
{"round": 0, "acc": [[89.6742, 81.6714, 92.3745, 87.1236, 73.8133, 67.7958], [89.6742, 81.6714, 92.3745, 87.1236, 73.8133, 67.7958], [89.6742, 81.6714, 92.3745, 87.1236, 73.8133, 67.7958], [89.6742, 81.6714, 92.3745, 87.1236, 73.8133, 67.7958], [89.6742, 81.6714, 92.3745, 87.1236, 73.8133, 67.7958], [89.6742, 81.6714, 92.3745, 87.1236, 73.8133, 67.7958]], "total_test_time": 335.7226417064667, "total_train_time": 335.5635483264923}
