{"base_model": "CLIP", "dataset": "data", "subset_size": 100, "image_encoder_name": "ViT-B-32", "optimizer": "AdamW", "batch_size": 32, "learning_rate": 0.001, "global_rounds": 200, "local_epochs": 1, "warm_up": 10, "seed": 1}
{"round": -1, "acc": [[86.6738, 81.4548, 91.4543, 81.6854, 51.24, 68.1696], [86.6738, 81.8225, 91.4879, 81.9775, 51.4533, 67.9904], [86.6738, 81.4708, 91.6426, 81.7272, 51.3133, 68.2293], [86.54, 81.3589, 91.4947, 82.1652, 51.5067, 67.9606], [86.4062, 81.0072, 91.4476, 81.4351, 52.7, 67.7814], [86.5935, 81.5028, 91.5215, 81.8315, 51.14, 68.5578]], "total_test_time": 660.0373821258545, "total_train_time": 38.66420936584473}
