{"base_model": "CLIP", "dataset": "domainnet", "subset_size": 10, "image_encoder_name": "ViT-B-32", "optimizer": "AdamW", "batch_size": 32, "learning_rate": 0.001, "global_rounds": 200, "local_epochs": 1, "warm_up": 10, "seed": 1}
{"round": 0, "acc": [[95.4545, 91.7919, 99.384, 96.0377, 88.4, 86.2069], [95.4545, 91.7919, 99.384, 96.0377, 88.4, 86.2069], [95.4545, 91.7919, 99.384, 96.0377, 88.4, 86.2069], [95.4545, 91.7919, 99.384, 96.0377, 88.4, 86.2069], [95.4545, 91.7919, 99.384, 96.0377, 88.4, 86.2069], [95.4545, 91.7919, 99.384, 96.0377, 88.4, 86.2069]], "total_test_time": 68.50268316268921, "total_train_time": 27.26692008972168}
