{"base_model": "CLIP", "dataset": "data", "subset_size": 50, "image_encoder_name": "ViT-B-32", "optimizer": "AdamW", "batch_size": 32, "learning_rate": 0.001, "global_rounds": 200, "local_epochs": 1, "warm_up": 10, "seed": 1}
{"round": -1, "acc": [[91.0547, 82.7479, 92.7001, 87.7963, 58.7733, 71.8989], [91.1099, 83.0595, 92.7408, 87.6041, 58.7867, 71.2309], [90.889, 82.2663, 92.9579, 87.8283, 58.44, 71.5172], [90.8338, 82.5779, 92.6459, 88.0846, 58.04, 71.8034], [90.889, 82.3229, 92.7001, 87.8603, 60.12, 71.374], [91.0547, 82.3229, 92.7951, 87.9564, 59.0, 71.9466]], "total_test_time": 294.76266980171204, "total_train_time": 6.23635721206665}
