{"base_model": "CLIP", "dataset": "domainnet", "subset_size": 100, "image_encoder_name": "ViT-B-32", "optimizer": "AdamW", "batch_size": 32, "learning_rate": 0.001, "global_rounds": 200, "local_epochs": 1, "warm_up": 10, "seed": 1}
{"round": 0, "acc": [[87.9047, 81.3749, 91.9922, 83.6254, 67.3933, 65.8704], [87.9047, 81.3749, 91.9922, 83.6254, 67.3933, 65.8704], [87.9047, 81.3749, 91.9922, 83.6254, 67.3933, 65.8704], [87.9047, 81.3749, 91.9922, 83.6254, 67.3933, 65.8704], [87.9047, 81.3749, 91.9922, 83.6254, 67.3933, 65.8704], [87.9047, 81.3749, 91.9922, 83.6254, 67.3933, 65.8704]], "total_test_time": 711.7004992961884, "total_train_time": 1795.2334253787994}
