{"base_model": "CLIP", "dataset": "domainnet", "subset_size": 50, "image_encoder_name": "ViT-B-32", "optimizer": "AdamW", "batch_size": 32, "learning_rate": 0.001, "global_rounds": 200, "local_epochs": 1, "warm_up": 10, "seed": 1}
{"round": 0, "acc": [[90.392, 83.5977, 93.3107, 88.501, 75.0933, 70.2767], [90.392, 83.5977, 93.3107, 88.501, 75.0933, 70.2767], [90.392, 83.5977, 93.3107, 88.501, 75.0933, 70.2767], [90.392, 83.5977, 93.3107, 88.501, 75.0933, 70.2767], [90.392, 83.5977, 93.3107, 88.501, 75.0933, 70.2767], [90.392, 83.5977, 93.3107, 88.501, 75.0933, 70.2767]], "total_test_time": 340.26175713539124, "total_train_time": 737.6177034378052}
