{"base_model": "CLIP", "dataset": "domainnet", "subset_size": 100, "image_encoder_name": "ViT-B-32", "optimizer": "AdamW", "batch_size": 32, "learning_rate": 0.001, "global_rounds": 200, "local_epochs": 1, "warm_up": 10, "seed": 1}
{"round": 0, "acc": [[87.985, 82.2702, 92.0863, 83.8131, 68.4867, 66.7363], [87.985, 82.2702, 92.0863, 83.8131, 68.4867, 66.7363], [87.985, 82.2702, 92.0863, 83.8131, 68.4867, 66.7363], [87.985, 82.2702, 92.0863, 83.8131, 68.4867, 66.7363], [87.985, 82.2702, 92.0863, 83.8131, 68.4867, 66.7363], [87.985, 82.2702, 92.0863, 83.8131, 68.4867, 66.7363]], "total_test_time": 701.0666327476501, "total_train_time": 1965.6308891773224}
