{"base_model": "CLIP", "dataset": "domainnet", "subset_size": 100, "image_encoder_name": "ViT-B-32", "optimizer": "AdamW", "batch_size": 32, "learning_rate": 0.001, "global_rounds": 200, "local_epochs": 1, "warm_up": 10, "seed": 1}
{"round": 0, "acc": [[87.4231, 81.263, 91.6291, 83.4168, 67.7, 66.587], [87.4231, 81.263, 91.6291, 83.4168, 67.7, 66.587], [87.4231, 81.263, 91.6291, 83.4168, 67.7, 66.587], [87.4231, 81.263, 91.6291, 83.4168, 67.7, 66.587], [87.4231, 81.263, 91.6291, 83.4168, 67.7, 66.587], [87.4231, 81.263, 91.6291, 83.4168, 67.7, 66.587]], "total_test_time": 706.352668762207, "total_train_time": 2030.7764987945557}
