{"base_model": "CLIP", "dataset": "data", "subset_size": 50, "image_encoder_name": "ViT-B-32", "optimizer": "AdamW", "batch_size": 32, "learning_rate": 0.001, "global_rounds": 200, "local_epochs": 1, "warm_up": 10, "seed": 1}
{"round": 0, "acc": [[90.2264, 83.1728, 92.4423, 87.6682, 58.7867, 71.8989], [90.2264, 83.1728, 92.4423, 87.6682, 58.7867, 71.8989], [90.2264, 83.1728, 92.4423, 87.6682, 58.7867, 71.8989], [90.2264, 83.1728, 92.4423, 87.6682, 58.7867, 71.8989], [90.2264, 83.1728, 92.4423, 87.6682, 58.7867, 71.8989], [90.2264, 83.1728, 92.4423, 87.6682, 58.7867, 71.8989]], "total_test_time": 176.60619807243347, "total_train_time": 24.712271213531494, "converge_round": 959}
