{"base_model": "CLIP", "dataset": "data", "subset_size": 150, "image_encoder_name": "ViT-B-32", "optimizer": "AdamW", "batch_size": 32, "learning_rate": 0.001, "global_rounds": 200, "local_epochs": 1, "warm_up": 10, "seed": 1}
{"round": -1, "acc": [[84.0089, 77.1937, 89.1713, 77.863, 46.4311, 61.218], [84.1685, 77.5964, 89.167, 77.824, 46.5244, 61.6477], [83.8972, 77.2679, 89.3785, 77.785, 46.2844, 61.7784], [84.1845, 77.2043, 89.2533, 78.006, 46.3511, 61.629], [83.7376, 76.9182, 89.1368, 77.33, 47.6711, 61.3861], [83.8174, 77.1089, 89.3224, 77.629, 46.4978, 62.1147]], "total_test_time": 1173.921826839447, "total_train_time": 9.324372053146362}
