{"base_model": "CLIP", "dataset": "data", "subset_size": 100, "image_encoder_name": "ViT-B-32", "optimizer": "AdamW", "batch_size": 32, "learning_rate": 0.001, "global_rounds": 200, "local_epochs": 1, "warm_up": 10, "seed": 1}
{"round": -1, "acc": [[87.0752, 81.5508, 91.4274, 81.9566, 51.5067, 68.0203], [86.6738, 81.9504, 91.4341, 81.9149, 51.4533, 68.1397], [86.5668, 81.4069, 91.609, 81.8732, 51.4267, 68.0203], [86.5935, 81.3429, 91.5014, 82.4155, 51.34, 68.0502], [86.4865, 81.0711, 91.4476, 81.6854, 52.78, 67.7814], [86.5668, 81.5028, 91.4476, 81.8523, 51.4667, 68.1696]], "total_test_time": 661.5796799659729, "total_train_time": 6.8936192989349365}
