{"base_model": "CLIP", "dataset": "domainnet", "subset_size": 150, "image_encoder_name": "ViT-B-32", "optimizer": "AdamW", "batch_size": 32, "learning_rate": 0.001, "global_rounds": 200, "local_epochs": 1, "warm_up": 10, "seed": 1}
{"round": 0, "acc": [[84.8229, 78.9847, 89.4864, 80.0208, 64.1822, 61.4982], [84.8229, 78.9847, 89.4864, 80.0208, 64.1822, 61.4982], [84.8229, 78.9847, 89.4864, 80.0208, 64.1822, 61.4982], [84.8229, 78.9847, 89.4864, 80.0208, 64.1822, 61.4982], [84.8229, 78.9847, 89.4864, 80.0208, 64.1822, 61.4982], [84.8229, 78.9847, 89.4864, 80.0208, 64.1822, 61.4982]], "total_test_time": 1234.4360744953156, "total_train_time": 2224.56973028183}
