{"base_model": "CLIP", "dataset": "data", "subset_size": 100, "image_encoder_name": "ViT-B-32", "optimizer": "AdamW", "batch_size": 32, "learning_rate": 0.001, "global_rounds": 200, "local_epochs": 1, "warm_up": 10, "seed": 1}
{"round": 0, "acc": [[85.9781, 81.1511, 90.6609, 80.7885, 52.52, 66.7363], [85.9781, 81.1511, 90.6609, 80.7885, 52.52, 66.7363], [85.9781, 81.1511, 90.6609, 80.7885, 52.52, 66.7363], [85.9781, 81.1511, 90.6609, 80.7885, 52.52, 66.7363], [85.9781, 81.1511, 90.6609, 80.7885, 52.52, 66.7363], [85.9781, 81.1511, 90.6609, 80.7885, 52.52, 66.7363]], "total_test_time": 374.3805592060089, "total_train_time": 106.10533380508423, "converge_round": 1982}
