{"base_model": "CLIP", "dataset": "domainnet", "subset_size": 100, "image_encoder_name": "ViT-B-32", "optimizer": "AdamW", "batch_size": 32, "learning_rate": 0.001, "global_rounds": 200, "local_epochs": 1, "warm_up": 10, "seed": 1}
{"round": 0, "acc": [[84.533, 78.9289, 89.9617, 79.3492, 57.7467, 62.8844], [84.533, 78.9289, 89.9617, 79.3492, 57.7467, 62.8844], [84.533, 78.9289, 89.9617, 79.3492, 57.7467, 62.8844], [84.533, 78.9289, 89.9617, 79.3492, 57.7467, 62.8844], [84.533, 78.9289, 89.9617, 79.3492, 57.7467, 62.8844], [84.533, 78.9289, 89.9617, 79.3492, 57.7467, 62.8844]], "total_test_time": 701.9191560745239, "total_train_time": 99.91080236434937}
