{"base_model": "CLIP", "dataset": "domainnet", "subset_size": 10, "image_encoder_name": "ViT-B-32", "optimizer": "AdamW", "batch_size": 32, "learning_rate": 0.001, "global_rounds": 200, "local_epochs": 1, "warm_up": 10, "seed": 1}
{"round": 0, "acc": [[96.4286, 91.2139, 98.9733, 96.2264, 84.1333, 85.6322], [96.4286, 91.2139, 98.9733, 96.2264, 84.1333, 85.6322], [96.4286, 91.2139, 98.9733, 96.2264, 84.1333, 85.6322], [96.4286, 91.2139, 98.9733, 96.2264, 84.1333, 85.6322], [96.4286, 91.2139, 98.9733, 96.2264, 84.1333, 85.6322], [96.4286, 91.2139, 98.9733, 96.2264, 84.1333, 85.6322]], "total_test_time": 67.92257356643677, "total_train_time": 2.536933422088623}
