{"base_model": "CLIP", "dataset": "data", "subset_size": 50, "image_encoder_name": "ViT-B-32", "optimizer": "AdamW", "batch_size": 32, "learning_rate": 0.001, "global_rounds": 200, "local_epochs": 1, "warm_up": 10, "seed": 1}
{"round": 0, "acc": [[90.0607, 83.0878, 92.171, 87.2838, 60.7867, 71.374], [90.0607, 83.0878, 92.171, 87.2838, 60.7867, 71.374], [90.0607, 83.0878, 92.171, 87.2838, 60.7867, 71.374], [90.0607, 83.0878, 92.171, 87.2838, 60.7867, 71.374], [90.0607, 83.0878, 92.171, 87.2838, 60.7867, 71.374], [90.0607, 83.0878, 92.171, 87.2838, 60.7867, 71.374]], "total_test_time": 176.48446226119995, "total_train_time": 35.935641288757324, "converge_round": 1345}
