{"base_model": "CLIP", "dataset": "data", "subset_size": 100, "image_encoder_name": "ViT-B-32", "optimizer": "AdamW", "batch_size": 32, "learning_rate": 0.001, "global_rounds": 200, "local_epochs": 1, "warm_up": 10, "seed": 1}
{"round": -1, "acc": [[86.9146, 81.6787, 91.3669, 81.6646, 50.9733, 68.0502], [86.647, 82.1583, 91.4678, 82.4155, 51.2267, 68.4383], [86.5668, 81.5348, 91.6829, 81.9775, 51.28, 68.3786], [86.8344, 81.5188, 91.5081, 83.0204, 51.26, 67.9606], [86.4597, 81.1831, 91.3804, 81.3934, 53.1267, 67.9606], [86.5132, 81.4868, 91.4745, 82.0818, 51.3533, 68.5578]], "total_test_time": 658.5615947246552, "total_train_time": 12.1253981590271}
