{"base_model": "CLIP", "dataset": "data", "subset_size": 50, "image_encoder_name": "ViT-B-32", "optimizer": "AdamW", "batch_size": 32, "learning_rate": 0.001, "global_rounds": 200, "local_epochs": 1, "warm_up": 10, "seed": 1}
{"round": -1, "acc": [[91.7725, 82.6912, 92.8223, 88.2127, 58.24, 71.8034], [90.889, 83.9093, 92.6866, 87.8924, 57.7067, 71.374], [90.9994, 82.4646, 93.7313, 88.0846, 56.3333, 71.6603], [91.1099, 82.0397, 92.6594, 89.3338, 57.3067, 71.6126], [91.1651, 82.0963, 92.5916, 87.508, 63.1867, 71.3263], [90.9994, 82.8045, 92.7408, 87.7963, 58.5067, 72.8531]], "total_test_time": 301.4889404773712, "total_train_time": 73.63580513000488}
