{"base_model": "CLIP", "dataset": "data", "subset_size": 150, "image_encoder_name": "ViT-B-32", "optimizer": "AdamW", "batch_size": 32, "learning_rate": 0.001, "global_rounds": 200, "local_epochs": 1, "warm_up": 10, "seed": 1}
{"round": -1, "acc": [[84.0728, 76.9818, 89.2016, 77.694, 46.6711, 61.3301], [84.0887, 77.3315, 89.1454, 77.512, 46.6889, 61.5543], [83.9611, 77.1089, 89.2879, 77.616, 46.2978, 61.5729], [84.0887, 76.95, 89.2016, 77.798, 46.72, 61.3488], [83.7855, 76.8652, 89.0678, 77.278, 47.2978, 61.3301], [83.977, 77.0348, 89.2361, 77.538, 46.7333, 61.7784]], "total_test_time": 1185.9335656166077, "total_train_time": 9.452232360839844}
