{"base_model": "CLIP", "dataset": "domainnet", "subset_size": 150, "image_encoder_name": "ViT-B-32", "optimizer": "AdamW", "batch_size": 32, "learning_rate": 0.001, "global_rounds": 200, "local_epochs": 1, "warm_up": 10, "seed": 1}
{"round": 0, "acc": [[84.1047, 78.8788, 89.3051, 79.2019, 63.3822, 60.8817], [84.1047, 78.8788, 89.3051, 79.2019, 63.3822, 60.8817], [84.1047, 78.8788, 89.3051, 79.2019, 63.3822, 60.8817], [84.1047, 78.8788, 89.3051, 79.2019, 63.3822, 60.8817], [84.1047, 78.8788, 89.3051, 79.2019, 63.3822, 60.8817], [84.1047, 78.8788, 89.3051, 79.2019, 63.3822, 60.8817]], "total_test_time": 1221.631558895111, "total_train_time": 2339.4746651649475}
