{"base_model": "CLIP", "dataset": "domainnet", "subset_size": 100, "image_encoder_name": "ViT-B-32", "optimizer": "AdamW", "batch_size": 32, "learning_rate": 0.001, "global_rounds": 200, "local_epochs": 1, "warm_up": 10, "seed": 1}
{"round": 0, "acc": [[87.1822, 81.3429, 91.5552, 82.5824, 67.02, 65.4822], [87.1822, 81.3429, 91.5552, 82.5824, 67.02, 65.4822], [87.1822, 81.3429, 91.5552, 82.5824, 67.02, 65.4822], [87.1822, 81.3429, 91.5552, 82.5824, 67.02, 65.4822], [87.1822, 81.3429, 91.5552, 82.5824, 67.02, 65.4822], [87.1822, 81.3429, 91.5552, 82.5824, 67.02, 65.4822]], "total_test_time": 674.8347494602203, "total_train_time": 1361.2357308864594}
