{"base_model": "CLIP", "dataset": "data", "subset_size": 50, "image_encoder_name": "ViT-B-32", "optimizer": "AdamW", "batch_size": 32, "learning_rate": 0.001, "global_rounds": 200, "local_epochs": 1, "warm_up": 10, "seed": 1}
{"round": -1, "acc": [[90.7234, 82.3796, 92.6459, 87.7002, 58.9467, 71.6126], [91.0547, 82.6062, 92.7137, 87.6361, 58.9733, 71.4218], [91.0547, 82.4363, 92.8223, 87.9564, 58.84, 71.3263], [91.1099, 82.2946, 92.7815, 87.9885, 58.7067, 71.6603], [90.8338, 82.2946, 92.7137, 87.5721, 59.4933, 71.6126], [90.9442, 82.3229, 92.7544, 87.7643, 59.0133, 71.5649]], "total_test_time": 296.8652329444885, "total_train_time": 3.9694066047668457}
