{"base_model": "CLIP", "dataset": "data", "subset_size": 150, "image_encoder_name": "ViT-B-32", "optimizer": "AdamW", "batch_size": 32, "learning_rate": 0.001, "global_rounds": 200, "local_epochs": 1, "warm_up": 10, "seed": 1}
{"round": -1, "acc": [[83.8653, 76.9818, 89.1584, 77.499, 46.7511, 61.4235], [83.9132, 77.0136, 89.1023, 77.395, 46.6267, 61.4235], [83.8334, 76.8334, 89.2102, 77.343, 46.8, 61.5169], [83.9291, 76.9606, 89.1368, 77.577, 46.7689, 61.3861], [83.7695, 76.8228, 89.0807, 77.278, 47.0489, 61.3114], [83.8653, 76.95, 89.2059, 77.382, 46.6578, 61.7971]], "total_test_time": 1693.3410606384277, "total_train_time": 8.15468978881836}
