{"base_model": "CLIP", "dataset": "domainnet", "subset_size": 100, "image_encoder_name": "ViT-B-32", "optimizer": "AdamW", "batch_size": 32, "learning_rate": 0.001, "global_rounds": 200, "local_epochs": 1, "warm_up": 10, "seed": 1}
{"round": 0, "acc": [[86.4062, 80.5436, 90.7551, 81.4977, 64.4533, 65.1538], [86.4062, 80.5436, 90.7551, 81.4977, 64.4533, 65.1538], [86.4062, 80.5436, 90.7551, 81.4977, 64.4533, 65.1538], [86.4062, 80.5436, 90.7551, 81.4977, 64.4533, 65.1538], [86.4062, 80.5436, 90.7551, 81.4977, 64.4533, 65.1538], [86.4062, 80.5436, 90.7551, 81.4977, 64.4533, 65.1538]], "total_test_time": 712.663991689682, "total_train_time": 550.7584328651428}
