{"base_model": "CLIP", "dataset": "domainnet", "subset_size": 100, "image_encoder_name": "ViT-B-32", "optimizer": "AdamW", "batch_size": 32, "learning_rate": 0.001, "global_rounds": 200, "local_epochs": 1, "warm_up": 10, "seed": 1}
{"round": 0, "acc": [[87.878, 82.494, 92.4629, 83.98, 69.1733, 67.1544], [87.878, 82.494, 92.4629, 83.98, 69.1733, 67.1544], [87.878, 82.494, 92.4629, 83.98, 69.1733, 67.1544], [87.878, 82.494, 92.4629, 83.98, 69.1733, 67.1544], [87.878, 82.494, 92.4629, 83.98, 69.1733, 67.1544], [87.878, 82.494, 92.4629, 83.98, 69.1733, 67.1544]], "total_test_time": 706.828863620758, "total_train_time": 2316.503206014633}
