{"base_model": "CLIP", "dataset": "domainnet", "subset_size": 50, "image_encoder_name": "ViT-B-32", "optimizer": "AdamW", "batch_size": 32, "learning_rate": 0.001, "global_rounds": 200, "local_epochs": 1, "warm_up": 10, "seed": 1}
{"round": 0, "acc": [[89.7294, 81.6997, 92.7137, 87.7643, 74.24, 68.3206], [89.7294, 81.6997, 92.7137, 87.7643, 74.24, 68.3206], [89.7294, 81.6997, 92.7137, 87.7643, 74.24, 68.3206], [89.7294, 81.6997, 92.7137, 87.7643, 74.24, 68.3206], [89.7294, 81.6997, 92.7137, 87.7643, 74.24, 68.3206], [89.7294, 81.6997, 92.7137, 87.7643, 74.24, 68.3206]], "total_test_time": 340.6259412765503, "total_train_time": 298.1772813796997}
