{"base_model": "CLIP", "dataset": "data", "subset_size": 150, "image_encoder_name": "ViT-B-32", "optimizer": "AdamW", "batch_size": 32, "learning_rate": 0.001, "global_rounds": 200, "local_epochs": 1, "warm_up": 10, "seed": 1}
{"round": -1, "acc": [[85.0463, 77.8402, 89.5425, 78.4349, 45.0311, 62.2642], [84.9346, 79.663, 89.3095, 78.3959, 44.44, 61.9839], [84.1685, 77.9038, 90.0475, 78.3829, 44.9111, 62.4696], [84.9665, 77.713, 89.4735, 79.6048, 45.12, 62.0213], [83.8015, 76.4837, 89.0462, 77.1481, 49.8489, 61.4982], [84.5037, 77.554, 89.7756, 78.227, 45.3556, 63.7026]], "total_test_time": 1182.9449548721313, "total_train_time": 58.82674479484558}
