{"base_model": "CLIP", "dataset": "domainnet", "subset_size": 150, "image_encoder_name": "ViT-B-32", "optimizer": "AdamW", "batch_size": 32, "learning_rate": 0.001, "global_rounds": 200, "local_epochs": 1, "warm_up": 10, "seed": 1}
{"round": 0, "acc": [[83.5461, 77.9674, 89.0505, 78.7469, 62.9067, 59.929], [83.5461, 77.9674, 89.0505, 78.7469, 62.9067, 59.929], [83.5461, 77.9674, 89.0505, 78.7469, 62.9067, 59.929], [83.5461, 77.9674, 89.0505, 78.7469, 62.9067, 59.929], [83.5461, 77.9674, 89.0505, 78.7469, 62.9067, 59.929], [83.5461, 77.9674, 89.0505, 78.7469, 62.9067, 59.929]], "total_test_time": 1218.0215573310852, "total_train_time": 1753.4956707954407}
