{"base_model": "CLIP", "dataset": "domainnet", "subset_size": 100, "image_encoder_name": "ViT-B-32", "optimizer": "AdamW", "batch_size": 32, "learning_rate": 0.001, "global_rounds": 200, "local_epochs": 1, "warm_up": 10, "seed": 1}
{"round": 0, "acc": [[85.4696, 78.9289, 90.5802, 80.6842, 64.08, 64.2281], [85.4696, 78.9289, 90.5802, 80.6842, 64.08, 64.2281], [85.4696, 78.9289, 90.5802, 80.6842, 64.08, 64.2281], [85.4696, 78.9289, 90.5802, 80.6842, 64.08, 64.2281], [85.4696, 78.9289, 90.5802, 80.6842, 64.08, 64.2281], [85.4696, 78.9289, 90.5802, 80.6842, 64.08, 64.2281]], "total_test_time": 705.4908633232117, "total_train_time": 320.04462242126465}
