{"base_model": "CLIP", "dataset": "data", "subset_size": 100, "image_encoder_name": "ViT-B-32", "optimizer": "AdamW", "batch_size": 32, "learning_rate": 0.001, "global_rounds": 200, "local_epochs": 1, "warm_up": 10, "seed": 1}
{"round": -1, "acc": [[87.8512, 81.8066, 91.5619, 82.5198, 50.16, 68.4682], [86.9949, 83.1175, 91.6829, 82.2695, 49.3867, 68.4682], [86.7273, 81.8225, 92.3015, 82.3947, 49.1933, 69.0953], [87.102, 81.6946, 91.4947, 83.98, 50.2533, 68.2293], [86.7273, 80.6395, 91.3669, 81.3308, 55.2533, 67.662], [86.647, 81.8705, 91.7636, 82.4572, 50.2933, 70.2299]], "total_test_time": 661.4097249507904, "total_train_time": 67.79873418807983}
