{"base_model": "CLIP", "dataset": "data", "subset_size": 50, "image_encoder_name": "ViT-B-32", "optimizer": "AdamW", "batch_size": 32, "learning_rate": 0.001, "global_rounds": 200, "local_epochs": 1, "warm_up": 10, "seed": 1}
{"round": -1, "acc": [[91.1651, 82.2096, 92.7408, 87.9885, 59.0133, 71.4218], [90.8338, 82.3796, 92.6594, 88.0205, 59.0533, 71.4695], [91.2203, 82.2096, 92.9444, 87.9885, 59.04, 71.5649], [91.1099, 82.1813, 92.7137, 88.1166, 58.88, 71.5172], [90.8338, 82.1813, 92.7001, 87.7002, 59.9467, 71.374], [90.889, 82.2663, 92.7408, 87.6361, 59.1733, 71.8034]], "total_test_time": 301.7888398170471, "total_train_time": 73.89878368377686}
