{"base_model": "CLIP", "dataset": "domainnet", "subset_size": 150, "image_encoder_name": "ViT-B-32", "optimizer": "AdamW", "batch_size": 32, "learning_rate": 0.001, "global_rounds": 200, "local_epochs": 1, "warm_up": 10, "seed": 1}
{"round": 0, "acc": [[83.4663, 77.0242, 88.593, 78.292, 61.5244, 58.7147], [83.4663, 77.0242, 88.593, 78.292, 61.5244, 58.7147], [83.4663, 77.0242, 88.593, 78.292, 61.5244, 58.7147], [83.4663, 77.0242, 88.593, 78.292, 61.5244, 58.7147], [83.4663, 77.0242, 88.593, 78.292, 61.5244, 58.7147], [83.4663, 77.0242, 88.593, 78.292, 61.5244, 58.7147]], "total_test_time": 1227.0117933750153, "total_train_time": 1379.0852899551392}
