{"base_model": "CLIP", "dataset": "domainnet", "subset_size": 50, "image_encoder_name": "ViT-B-32", "optimizer": "AdamW", "batch_size": 32, "learning_rate": 0.001, "global_rounds": 200, "local_epochs": 1, "warm_up": 10, "seed": 1}
{"round": 0, "acc": [[90.9442, 83.4561, 93.2022, 88.3728, 74.1067, 72.1374], [90.9442, 83.4561, 93.2022, 88.3728, 74.1067, 72.1374], [90.9442, 83.4561, 93.2022, 88.3728, 74.1067, 72.1374], [90.9442, 83.4561, 93.2022, 88.3728, 74.1067, 72.1374], [90.9442, 83.4561, 93.2022, 88.3728, 74.1067, 72.1374], [90.9442, 83.4561, 93.2022, 88.3728, 74.1067, 72.1374]], "total_test_time": 329.0089476108551, "total_train_time": 674.3104906082153}
