{"base_model": "CLIP", "dataset": "data", "subset_size": 150, "image_encoder_name": "ViT-B-32", "optimizer": "AdamW", "batch_size": 32, "learning_rate": 0.001, "global_rounds": 200, "local_epochs": 1, "warm_up": 10, "seed": 1}
{"round": -1, "acc": [[84.5515, 77.1831, 89.3612, 77.837, 46.4356, 61.6664], [84.36, 77.8826, 89.2879, 77.902, 46.3778, 61.9279], [83.993, 77.2467, 89.6806, 77.863, 46.1822, 61.7598], [84.2164, 77.2149, 89.3483, 78.4349, 46.2978, 61.5356], [84.0089, 76.7274, 89.1109, 77.421, 48.5778, 61.0125], [84.1685, 77.1407, 89.426, 77.616, 46.3511, 62.563]], "total_test_time": 1180.7810544967651, "total_train_time": 629.3307418823242}
