{"base_model": "CLIP", "dataset": "data", "subset_size": 50, "image_encoder_name": "ViT-B-32", "optimizer": "AdamW", "batch_size": 32, "learning_rate": 0.001, "global_rounds": 200, "local_epochs": 1, "warm_up": 10, "seed": 1}
{"round": 0, "acc": [[90.7786, 82.3229, 92.7001, 87.7643, 59.1333, 71.5172], [90.7786, 82.3229, 92.7001, 87.7643, 59.1333, 71.5172], [90.7786, 82.3229, 92.7001, 87.7643, 59.1333, 71.5172], [90.7786, 82.3229, 92.7001, 87.7643, 59.1333, 71.5172], [90.7786, 82.3229, 92.7001, 87.7643, 59.1333, 71.5172], [90.7786, 82.3229, 92.7001, 87.7643, 59.1333, 71.5172]], "total_test_time": 280.3195433616638, "total_train_time": 54.14024591445923}
