{"base_model": "CLIP", "dataset": "domainnet", "subset_size": 50, "image_encoder_name": "ViT-B-32", "optimizer": "AdamW", "batch_size": 32, "learning_rate": 0.001, "global_rounds": 200, "local_epochs": 1, "warm_up": 10, "seed": 1}
{"round": 0, "acc": [[89.0668, 82.8045, 92.4423, 87.4439, 74.3067, 68.7023], [89.0668, 82.8045, 92.4423, 87.4439, 74.3067, 68.7023], [89.0668, 82.8045, 92.4423, 87.4439, 74.3067, 68.7023], [89.0668, 82.8045, 92.4423, 87.4439, 74.3067, 68.7023], [89.0668, 82.8045, 92.4423, 87.4439, 74.3067, 68.7023], [89.0668, 82.8045, 92.4423, 87.4439, 74.3067, 68.7023]], "total_test_time": 321.1863992214203, "total_train_time": 454.5010974407196}
