{"base_model": "CLIP", "dataset": "data", "subset_size": 100, "image_encoder_name": "ViT-B-32", "optimizer": "AdamW", "batch_size": 32, "learning_rate": 0.001, "global_rounds": 200, "local_epochs": 1, "warm_up": 10, "seed": 1}
{"round": -1, "acc": [[86.6203, 81.3429, 91.3938, 81.6229, 51.52, 67.7217], [86.647, 81.6467, 91.3938, 81.8523, 51.5, 67.871], [86.5132, 81.4229, 91.5283, 81.602, 51.52, 67.9009], [86.5935, 81.5188, 91.4879, 82.2904, 51.6667, 67.9606], [86.2724, 81.199, 91.4005, 81.602, 52.0133, 67.9009], [86.3527, 81.311, 91.5081, 81.7063, 51.7933, 68.2293]], "total_test_time": 657.6657154560089, "total_train_time": 11.449169635772705}
