{"base_model": "CLIP", "dataset": "data", "subset_size": 50, "image_encoder_name": "ViT-B-32", "optimizer": "AdamW", "batch_size": 32, "learning_rate": 0.001, "global_rounds": 200, "local_epochs": 1, "warm_up": 10, "seed": 1}
{"round": -1, "acc": [[90.889, 82.4363, 92.673, 87.8603, 59.0667, 71.1832], [90.8338, 82.0963, 92.7408, 87.7643, 59.1867, 71.3263], [90.9442, 82.3513, 92.8087, 87.7963, 59.0267, 71.4695], [90.9994, 82.3513, 92.768, 88.0846, 59.0533, 71.4695], [90.7786, 82.2946, 92.6866, 87.8603, 59.6667, 71.4695], [90.7786, 82.3229, 92.673, 87.7002, 59.2, 71.5172]], "total_test_time": 296.4485111236572, "total_train_time": 2.691457986831665}
