{"base_model": "CLIP", "dataset": "data", "subset_size": 50, "image_encoder_name": "ViT-B-32", "optimizer": "AdamW", "batch_size": 32, "learning_rate": 0.001, "global_rounds": 200, "local_epochs": 1, "warm_up": 10, "seed": 1}
{"round": -1, "acc": [[91.1099, 82.6346, 92.7273, 87.8283, 58.96, 71.6603], [91.0547, 82.8045, 92.7408, 87.7643, 58.9467, 71.2309], [90.9994, 82.3513, 92.9444, 87.7963, 58.48, 71.4695], [91.0547, 82.4079, 92.7137, 88.4369, 58.36, 71.708], [90.7786, 82.3796, 92.7408, 87.8603, 60.0, 71.4695], [91.0547, 82.3513, 92.8223, 87.9564, 59.0, 71.708]], "total_test_time": 299.39803743362427, "total_train_time": 6.2076287269592285}
