{"base_model": "CLIP", "dataset": "data", "subset_size": 50, "image_encoder_name": "ViT-B-32", "optimizer": "AdamW", "batch_size": 32, "learning_rate": 0.001, "global_rounds": 200, "local_epochs": 1, "warm_up": 10, "seed": 1}
{"round": -1, "acc": [[91.1099, 82.4363, 92.7408, 87.8603, 58.92, 71.6126], [90.9442, 82.4929, 92.7001, 87.9244, 59.12, 71.6126], [90.9994, 82.2096, 92.8765, 87.7322, 58.84, 71.4695], [90.889, 82.238, 92.7408, 87.8283, 58.7867, 71.5649], [90.8338, 82.2946, 92.6459, 87.7963, 59.5867, 71.3263], [90.9994, 82.5212, 92.7815, 87.8283, 59.04, 71.9466]], "total_test_time": 296.50517749786377, "total_train_time": 20.248842239379883}
