{"base_model": "CLIP", "dataset": "data", "subset_size": 150, "image_encoder_name": "ViT-B-32", "optimizer": "AdamW", "batch_size": 32, "learning_rate": 0.001, "global_rounds": 200, "local_epochs": 1, "warm_up": 10, "seed": 1}
{"round": -1, "acc": [[84.1366, 77.2361, 89.2965, 77.876, 46.5911, 61.7411], [84.3281, 78.0203, 89.2318, 77.954, 46.4267, 61.7224], [84.1685, 77.2573, 89.4778, 77.642, 46.2578, 61.7037], [84.3281, 77.2255, 89.3008, 78.279, 46.4844, 61.5916], [84.0089, 76.6532, 89.1109, 77.1871, 48.1511, 61.162], [84.0887, 77.1937, 89.3958, 77.85, 46.4933, 62.4323]], "total_test_time": 1173.071694135666, "total_train_time": 59.70395350456238}
