{"base_model": "CLIP", "dataset": "domainnet", "subset_size": 150, "image_encoder_name": "ViT-B-32", "optimizer": "AdamW", "batch_size": 32, "learning_rate": 0.001, "global_rounds": 200, "local_epochs": 1, "warm_up": 10, "seed": 1}
{"round": 0, "acc": [[81.6949, 75.0848, 87.1903, 76.1861, 57.2178, 57.4631], [81.6949, 75.0848, 87.1903, 76.1861, 57.2178, 57.4631], [81.6949, 75.0848, 87.1903, 76.1861, 57.2178, 57.4631], [81.6949, 75.0848, 87.1903, 76.1861, 57.2178, 57.4631], [81.6949, 75.0848, 87.1903, 76.1861, 57.2178, 57.4631], [81.6949, 75.0848, 87.1903, 76.1861, 57.2178, 57.4631]], "total_test_time": 1229.9252429008484, "total_train_time": 237.43209648132324}
