{"base_model": "CLIP", "dataset": "domainnet", "subset_size": 150, "image_encoder_name": "ViT-B-32", "optimizer": "AdamW", "batch_size": 32, "learning_rate": 0.001, "global_rounds": 200, "local_epochs": 1, "warm_up": 10, "seed": 1}
{"round": 0, "acc": [[85.5251, 81.1467, 90.8071, 81.5287, 67.6444, 63.4971], [85.5251, 81.1467, 90.8071, 81.5287, 67.6444, 63.4971], [85.5251, 81.1467, 90.8071, 81.5287, 67.6444, 63.4971], [85.5251, 81.1467, 90.8071, 81.5287, 67.6444, 63.4971], [85.5251, 81.1467, 90.8071, 81.5287, 67.6444, 63.4971], [85.5251, 81.1467, 90.8071, 81.5287, 67.6444, 63.4971]], "total_test_time": 1217.6914501190186, "total_train_time": 3917.0217819213867}
