{"base_model": "CLIP", "dataset": "domainnet", "subset_size": 150, "image_encoder_name": "ViT-B-32", "optimizer": "AdamW", "batch_size": 32, "learning_rate": 0.001, "global_rounds": 200, "local_epochs": 1, "warm_up": 10, "seed": 1}
{"round": 0, "acc": [[83.8493, 77.3633, 89.2274, 77.356, 45.9156, 61.9839], [83.8493, 77.3633, 89.2274, 77.356, 45.9156, 61.9839], [83.8493, 77.3633, 89.2274, 77.356, 45.9156, 61.9839], [83.8493, 77.3633, 89.2274, 77.356, 45.9156, 61.9839], [83.8493, 77.3633, 89.2274, 77.356, 45.9156, 61.9839], [83.8493, 77.3633, 89.2274, 77.356, 45.9156, 61.9839]], "total_test_time": 1192.6300859451294, "total_train_time": 10.692888498306274}
