{"base_model": "CLIP", "dataset": "domainnet", "subset_size": 100, "image_encoder_name": "ViT-B-32", "optimizer": "AdamW", "batch_size": 32, "learning_rate": 0.001, "global_rounds": 200, "local_epochs": 1, "warm_up": 10, "seed": 1}
{"round": 0, "acc": [[84.2387, 78.4812, 89.1885, 79.1197, 61.2467, 62.1977], [84.2387, 78.4812, 89.1885, 79.1197, 61.2467, 62.1977], [84.2387, 78.4812, 89.1885, 79.1197, 61.2467, 62.1977], [84.2387, 78.4812, 89.1885, 79.1197, 61.2467, 62.1977], [84.2387, 78.4812, 89.1885, 79.1197, 61.2467, 62.1977], [84.2387, 78.4812, 89.1885, 79.1197, 61.2467, 62.1977]], "total_test_time": 710.0106847286224, "total_train_time": 127.30048274993896}
