{"base_model": "CLIP", "dataset": "domainnet", "subset_size": 100, "image_encoder_name": "ViT-B-32", "optimizer": "AdamW", "batch_size": 32, "learning_rate": 0.001, "global_rounds": 200, "local_epochs": 1, "warm_up": 10, "seed": 1}
{"round": 0, "acc": [[86.1921, 80.9912, 91.3736, 81.5186, 63.6733, 64.5267], [86.1921, 80.9912, 91.3736, 81.5186, 63.6733, 64.5267], [86.1921, 80.9912, 91.3736, 81.5186, 63.6733, 64.5267], [86.1921, 80.9912, 91.3736, 81.5186, 63.6733, 64.5267], [86.1921, 80.9912, 91.3736, 81.5186, 63.6733, 64.5267], [86.1921, 80.9912, 91.3736, 81.5186, 63.6733, 64.5267]], "total_test_time": 674.9292912483215, "total_train_time": 478.8970465660095}
