{"base_model": "CLIP", "dataset": "data", "subset_size": 100, "image_encoder_name": "ViT-B-32", "optimizer": "AdamW", "batch_size": 32, "learning_rate": 0.001, "global_rounds": 200, "local_epochs": 1, "warm_up": 10, "seed": 1}
{"round": -1, "acc": [[86.5935, 81.279, 91.4678, 81.7689, 51.78, 67.871], [86.7273, 81.6946, 91.4543, 81.894, 51.3867, 68.1397], [86.6203, 81.3749, 91.6359, 81.8315, 51.38, 68.08], [86.647, 81.4548, 91.4812, 82.3529, 51.6, 67.8113], [86.4597, 81.199, 91.414, 81.4977, 52.4133, 67.7814], [86.5132, 81.3589, 91.5215, 81.7272, 51.6067, 68.4981]], "total_test_time": 657.8867046833038, "total_train_time": 21.39108633995056}
