{"base_model": "CLIP", "dataset": "data", "subset_size": 150, "image_encoder_name": "ViT-B-32", "optimizer": "AdamW", "batch_size": 32, "learning_rate": 0.001, "global_rounds": 200, "local_epochs": 1, "warm_up": 10, "seed": 1}
{"round": -1, "acc": [[85.4931, 78.1157, 89.5166, 78.5649, 43.4978, 62.0773], [84.5835, 79.6418, 89.2102, 78.097, 42.4711, 61.9279], [83.993, 77.9462, 90.164, 78.3699, 43.4933, 62.7125], [85.0303, 77.7766, 89.4778, 79.9038, 43.6311, 61.9839], [83.7855, 76.4307, 89.0246, 77.1221, 49.6311, 61.2927], [84.376, 77.8402, 89.8187, 78.253, 44.56, 64.1136]], "total_test_time": 1169.482445716858, "total_train_time": 57.853261947631836}
