{"base_model": "CLIP", "dataset": "data", "subset_size": 100, "image_encoder_name": "ViT-B-32", "optimizer": "AdamW", "batch_size": 32, "learning_rate": 0.001, "global_rounds": 200, "local_epochs": 1, "warm_up": 10, "seed": 1}
{"round": -1, "acc": [[87.3428, 81.6787, 91.4947, 82.3321, 50.7533, 68.6772], [86.9146, 82.8137, 91.5753, 82.3947, 49.9133, 68.6175], [86.7273, 81.8705, 92.1065, 82.1026, 50.2067, 68.9161], [87.0484, 81.5028, 91.5552, 83.5211, 50.56, 68.289], [86.5935, 80.7994, 91.4207, 81.6229, 54.22, 67.7516], [86.7273, 81.7106, 91.7165, 82.3947, 50.2667, 69.573]], "total_test_time": 661.0803627967834, "total_train_time": 38.355483055114746}
