{"base_model": "CLIP", "dataset": "domainnet", "subset_size": 100, "image_encoder_name": "ViT-B-32", "optimizer": "AdamW", "batch_size": 32, "learning_rate": 0.001, "global_rounds": 200, "local_epochs": 1, "warm_up": 10, "seed": 1}
{"round": 0, "acc": [[87.1822, 82.0144, 91.9989, 83.6671, 68.4867, 67.4828], [87.1822, 82.0144, 91.9989, 83.6671, 68.4867, 67.4828], [87.1822, 82.0144, 91.9989, 83.6671, 68.4867, 67.4828], [87.1822, 82.0144, 91.9989, 83.6671, 68.4867, 67.4828], [87.1822, 82.0144, 91.9989, 83.6671, 68.4867, 67.4828], [87.1822, 82.0144, 91.9989, 83.6671, 68.4867, 67.4828]], "total_test_time": 705.5326933860779, "total_train_time": 2615.3038160800934}
