{"base_model": "CLIP", "dataset": "data", "subset_size": 100, "image_encoder_name": "ViT-B-32", "optimizer": "AdamW", "batch_size": 32, "learning_rate": 0.001, "global_rounds": 200, "local_epochs": 1, "warm_up": 10, "seed": 1}
{"round": -1, "acc": [[86.8344, 81.3269, 91.5215, 81.7063, 51.5133, 68.1099], [86.2992, 81.9345, 91.4678, 81.8523, 51.3, 67.9904], [86.5668, 81.4229, 91.7367, 81.8106, 51.0933, 68.2293], [86.7273, 81.4388, 91.5283, 82.5615, 51.3533, 67.9009], [86.4597, 81.1031, 91.414, 81.5603, 53.26, 67.6918], [86.4865, 81.4388, 91.5081, 81.748, 51.3267, 68.5578]], "total_test_time": 661.1976590156555, "total_train_time": 133.77375078201294}
