{"base_model": "CLIP", "dataset": "domainnet", "subset_size": 100, "image_encoder_name": "ViT-B-32", "optimizer": "AdamW", "batch_size": 32, "learning_rate": 0.001, "global_rounds": 200, "local_epochs": 1, "warm_up": 10, "seed": 1}
{"round": 0, "acc": [[86.9414, 81.7746, 91.9855, 82.9787, 67.66, 65.9301], [86.9414, 81.7746, 91.9855, 82.9787, 67.66, 65.9301], [86.9414, 81.7746, 91.9855, 82.9787, 67.66, 65.9301], [86.9414, 81.7746, 91.9855, 82.9787, 67.66, 65.9301], [86.9414, 81.7746, 91.9855, 82.9787, 67.66, 65.9301], [86.9414, 81.7746, 91.9855, 82.9787, 67.66, 65.9301]], "total_test_time": 703.1335322856903, "total_train_time": 1743.4428322315216}
