{"base_model": "CLIP", "dataset": "data", "subset_size": 100, "image_encoder_name": "ViT-B-32", "optimizer": "AdamW", "batch_size": 32, "learning_rate": 0.001, "global_rounds": 200, "local_epochs": 1, "warm_up": 10, "seed": 1}
{"round": -1, "acc": [[87.2625, 81.6787, 91.3669, 82.0401, 50.9667, 68.4085], [86.8344, 82.5899, 91.5148, 81.9775, 50.56, 68.5876], [86.5935, 81.5028, 91.8779, 81.9566, 50.6667, 68.8564], [87.209, 81.4708, 91.4812, 83.5211, 50.68, 67.9904], [86.433, 81.199, 91.4409, 81.7689, 53.6933, 67.9009], [86.7006, 81.6467, 91.5753, 82.1652, 50.5533, 69.4536]], "total_test_time": 657.6417646408081, "total_train_time": 21.1460063457489}
