{"base_model": "CLIP", "dataset": "data", "subset_size": 100, "image_encoder_name": "ViT-B-32", "optimizer": "AdamW", "batch_size": 32, "learning_rate": 0.001, "global_rounds": 200, "local_epochs": 1, "warm_up": 10, "seed": 1}
{"round": -1, "acc": [[86.8879, 81.3429, 91.3602, 81.6646, 51.6, 67.662], [86.5668, 81.5508, 91.4409, 81.8315, 51.5133, 68.08], [86.5132, 81.3269, 91.5014, 81.8315, 51.4133, 68.0502], [86.7273, 81.3429, 91.461, 81.9775, 51.6067, 67.871], [86.4597, 81.231, 91.4072, 81.5603, 52.0733, 67.9009], [86.54, 81.311, 91.4678, 81.7272, 51.5067, 68.2293]], "total_test_time": 651.5050737857819, "total_train_time": 4.523808240890503}
