{"base_model": "CLIP", "dataset": "domainnet", "subset_size": 50, "image_encoder_name": "ViT-B-32", "optimizer": "AdamW", "batch_size": 32, "learning_rate": 0.001, "global_rounds": 200, "local_epochs": 1, "warm_up": 10, "seed": 1}
{"round": 0, "acc": [[87.7416, 79.2351, 89.6201, 85.2979, 69.3067, 65.9351], [87.7416, 79.2351, 89.6201, 85.2979, 69.3067, 65.9351], [87.7416, 79.2351, 89.6201, 85.2979, 69.3067, 65.9351], [87.7416, 79.2351, 89.6201, 85.2979, 69.3067, 65.9351], [87.7416, 79.2351, 89.6201, 85.2979, 69.3067, 65.9351], [87.7416, 79.2351, 89.6201, 85.2979, 69.3067, 65.9351]], "total_test_time": 336.589768409729, "total_train_time": 44.726847887039185}
