{"base_model": "CLIP", "dataset": "data", "subset_size": 100, "image_encoder_name": "ViT-B-32", "optimizer": "AdamW", "batch_size": 32, "learning_rate": 0.001, "global_rounds": 200, "local_epochs": 1, "warm_up": 10, "seed": 1}
{"round": -1, "acc": [[86.8611, 81.3429, 91.3602, 81.6646, 51.6, 67.6321], [86.5935, 81.5827, 91.4476, 81.894, 51.5267, 68.08], [86.5132, 81.3269, 91.5081, 81.8315, 51.4067, 68.08], [86.7808, 81.3589, 91.461, 81.9775, 51.56, 67.8411], [86.4865, 81.247, 91.3938, 81.5603, 52.14, 67.9307], [86.54, 81.3269, 91.4678, 81.7272, 51.46, 68.289]], "total_test_time": 654.7152261734009, "total_train_time": 4.175478458404541}
