{"base_model": "CLIP", "dataset": "data", "subset_size": 100, "image_encoder_name": "ViT-B-32", "optimizer": "AdamW", "batch_size": 32, "learning_rate": 0.001, "global_rounds": 200, "local_epochs": 1, "warm_up": 10, "seed": 1}
{"round": -1, "acc": [[88.5202, 82.1743, 91.5283, 82.5824, 49.56, 68.5876], [86.1119, 84.3645, 91.414, 82.0192, 44.14, 68.6474], [85.0147, 81.0392, 93.0075, 79.5995, 36.56, 69.3043], [86.2724, 80.5116, 91.2324, 85.6279, 45.18, 67.9606], [86.0851, 79.8241, 91.2459, 80.7885, 58.4467, 67.4231], [86.647, 82.2062, 91.6224, 82.4364, 48.3267, 71.4243]], "total_test_time": 660.3182165622711, "total_train_time": 134.07191920280457}
