{"base_model": "CLIP", "dataset": "data", "subset_size": 100, "image_encoder_name": "ViT-B-32", "optimizer": "AdamW", "batch_size": 32, "learning_rate": 0.001, "global_rounds": 200, "local_epochs": 1, "warm_up": 10, "seed": 1}
{"round": 0, "acc": [[86.433, 81.5028, 91.3467, 81.748, 51.76, 67.4828], [86.433, 81.5028, 91.3467, 81.748, 51.76, 67.4828], [86.433, 81.5028, 91.3467, 81.748, 51.76, 67.4828], [86.433, 81.5028, 91.3467, 81.748, 51.76, 67.4828], [86.433, 81.5028, 91.3467, 81.748, 51.76, 67.4828], [86.433, 81.5028, 91.3467, 81.748, 51.76, 67.4828]], "total_test_time": 373.52593088150024, "total_train_time": 77.99220967292786, "converge_round": 1446}
