{"base_model": "CLIP", "dataset": "domainnet", "subset_size": 100, "image_encoder_name": "ViT-B-32", "optimizer": "AdamW", "batch_size": 32, "learning_rate": 0.001, "global_rounds": 200, "local_epochs": 1, "warm_up": 10, "seed": 1}
{"round": 0, "acc": [[86.0583, 80.8953, 91.1316, 82.8327, 64.6267, 64.8552], [86.0583, 80.8953, 91.1316, 82.8327, 64.6267, 64.8552], [86.0583, 80.8953, 91.1316, 82.8327, 64.6267, 64.8552], [86.0583, 80.8953, 91.1316, 82.8327, 64.6267, 64.8552], [86.0583, 80.8953, 91.1316, 82.8327, 64.6267, 64.8552], [86.0583, 80.8953, 91.1316, 82.8327, 64.6267, 64.8552]], "total_test_time": 675.7847023010254, "total_train_time": 760.2295167446136}
