{"base_model": "CLIP", "dataset": "data", "subset_size": 150, "image_encoder_name": "ViT-B-32", "optimizer": "AdamW", "batch_size": 32, "learning_rate": 0.001, "global_rounds": 200, "local_epochs": 1, "warm_up": 10, "seed": 1}
{"round": -1, "acc": [[83.7855, 77.1513, 89.1498, 77.798, 46.5867, 61.3861], [83.9291, 77.2467, 89.1109, 77.408, 46.5556, 61.4795], [83.8972, 76.897, 89.2577, 77.473, 46.7333, 61.4795], [84.0568, 77.0666, 89.1757, 77.72, 46.5867, 61.4048], [83.7536, 76.897, 89.1368, 77.317, 47.3556, 61.2927], [83.8493, 77.003, 89.2361, 77.538, 46.6711, 61.7598]], "total_test_time": 1173.9149041175842, "total_train_time": 6.232908487319946}
