{"base_model": "CLIP", "dataset": "data", "subset_size": 150, "image_encoder_name": "ViT-B-32", "optimizer": "AdamW", "batch_size": 32, "learning_rate": 0.001, "global_rounds": 200, "local_epochs": 1, "warm_up": 10, "seed": 1}
{"round": -1, "acc": [[84.4398, 77.2149, 89.3008, 77.967, 46.7111, 61.5356], [84.2004, 78.2641, 89.2102, 77.837, 46.3422, 61.685], [84.2802, 77.2891, 89.8101, 77.616, 46.2667, 62.1521], [84.2324, 77.3633, 89.2188, 78.7729, 46.5689, 61.5729], [84.0568, 76.7486, 89.1325, 77.33, 49.3244, 60.8631], [84.0249, 77.0666, 89.331, 77.603, 46.44, 62.451]], "total_test_time": 1178.9926035404205, "total_train_time": 204.1519069671631}
