{"base_model": "CLIP", "dataset": "domainnet", "subset_size": 150, "image_encoder_name": "ViT-B-32", "optimizer": "AdamW", "batch_size": 32, "learning_rate": 0.001, "global_rounds": 200, "local_epochs": 1, "warm_up": 10, "seed": 1}
{"round": 0, "acc": [[81.7587, 74.9258, 87.0177, 76.6671, 55.9911, 55.651], [81.7587, 74.9258, 87.0177, 76.6671, 55.9911, 55.651], [81.7587, 74.9258, 87.0177, 76.6671, 55.9911, 55.651], [81.7587, 74.9258, 87.0177, 76.6671, 55.9911, 55.651], [81.7587, 74.9258, 87.0177, 76.6671, 55.9911, 55.651], [81.7587, 74.9258, 87.0177, 76.6671, 55.9911, 55.651]], "total_test_time": 1221.2903311252594, "total_train_time": 451.8719394207001}
