{"base_model": "CLIP", "dataset": "data", "subset_size": 50, "image_encoder_name": "ViT-B-32", "optimizer": "AdamW", "batch_size": 32, "learning_rate": 0.001, "global_rounds": 200, "local_epochs": 1, "warm_up": 10, "seed": 1}
{"round": -1, "acc": [[91.9934, 82.9462, 92.7408, 88.2127, 57.88, 71.5172], [90.5577, 83.711, 92.8223, 87.6361, 57.0667, 71.2786], [90.5577, 82.7195, 93.4057, 87.4439, 55.3733, 71.5649], [90.9994, 82.4079, 92.6866, 89.1416, 55.8, 71.3263], [91.1099, 82.4079, 92.5509, 87.9244, 61.6, 71.708], [90.889, 82.7479, 92.8494, 88.1486, 58.0667, 72.9008]], "total_test_time": 300.72437500953674, "total_train_time": 20.097306489944458}
