{"base_model": "CLIP", "dataset": "domainnet", "subset_size": 50, "image_encoder_name": "ViT-B-32", "optimizer": "AdamW", "batch_size": 32, "learning_rate": 0.001, "global_rounds": 200, "local_epochs": 1, "warm_up": 10, "seed": 1}
{"round": 0, "acc": [[88.5146, 79.6317, 91.5468, 85.6823, 73.0667, 66.8416], [88.5146, 79.6317, 91.5468, 85.6823, 73.0667, 66.8416], [88.5146, 79.6317, 91.5468, 85.6823, 73.0667, 66.8416], [88.5146, 79.6317, 91.5468, 85.6823, 73.0667, 66.8416], [88.5146, 79.6317, 91.5468, 85.6823, 73.0667, 66.8416], [88.5146, 79.6317, 91.5468, 85.6823, 73.0667, 66.8416]], "total_test_time": 344.19268584251404, "total_train_time": 126.28055191040039}
