{"base_model": "CLIP", "dataset": "data", "subset_size": 150, "image_encoder_name": "ViT-B-32", "optimizer": "AdamW", "batch_size": 32, "learning_rate": 0.001, "global_rounds": 200, "local_epochs": 1, "warm_up": 10, "seed": 1}
{"round": -1, "acc": [[84.1207, 77.1513, 89.1972, 77.863, 46.5289, 61.4795], [84.2643, 77.6388, 89.2145, 77.85, 46.4, 61.6477], [83.993, 77.1831, 89.4735, 77.785, 46.6978, 61.685], [84.1207, 77.0454, 89.2663, 78.019, 46.5867, 61.5169], [83.9451, 76.7486, 89.0505, 77.369, 47.9556, 61.1993], [83.9132, 77.1301, 89.4001, 77.707, 46.3333, 62.1894]], "total_test_time": 1169.2393026351929, "total_train_time": 31.400261640548706}
