{"base_model": "CLIP", "dataset": "data", "subset_size": 150, "image_encoder_name": "ViT-B-32", "optimizer": "AdamW", "batch_size": 32, "learning_rate": 0.001, "global_rounds": 200, "local_epochs": 1, "warm_up": 10, "seed": 1}
{"round": -1, "acc": [[84.0887, 77.0983, 89.2059, 77.642, 46.4267, 61.629], [84.0409, 77.607, 89.2231, 77.629, 46.5911, 61.4982], [83.9291, 77.1089, 89.3871, 77.746, 46.3333, 61.5543], [84.1366, 77.1725, 89.2188, 78.019, 46.7956, 61.5543], [83.9611, 76.9182, 89.1282, 77.434, 47.5422, 61.3861], [84.0409, 76.9394, 89.2577, 77.538, 46.5067, 61.6664]], "total_test_time": 1167.8473098278046, "total_train_time": 17.156166553497314}
