{"base_model": "CLIP", "dataset": "data", "subset_size": 150, "image_encoder_name": "ViT-B-32", "optimizer": "AdamW", "batch_size": 32, "learning_rate": 0.001, "global_rounds": 200, "local_epochs": 1, "warm_up": 10, "seed": 1}
{"round": -1, "acc": [[85.5091, 78.0945, 89.5252, 78.5909, 43.7067, 62.1707], [84.6633, 79.6948, 89.2274, 78.201, 42.8311, 61.9466], [84.0728, 77.9038, 90.1554, 78.305, 43.72, 62.6565], [85.1101, 77.7872, 89.4864, 79.7868, 43.8667, 62.0213], [83.7855, 76.4095, 89.0678, 77.1091, 49.6356, 61.3488], [84.3281, 77.8296, 89.8101, 78.292, 44.6978, 64.0015]], "total_test_time": 1175.5716001987457, "total_train_time": 57.84365153312683}
