{"base_model": "CLIP", "dataset": "domainnet", "subset_size": 150, "image_encoder_name": "ViT-B-32", "optimizer": "AdamW", "batch_size": 32, "learning_rate": 0.001, "global_rounds": 200, "local_epochs": 1, "warm_up": 10, "seed": 1}
{"round": 0, "acc": [[84.3441, 78.4125, 89.262, 79.2799, 63.4311, 60.396], [84.3441, 78.4125, 89.262, 79.2799, 63.4311, 60.396], [84.3441, 78.4125, 89.262, 79.2799, 63.4311, 60.396], [84.3441, 78.4125, 89.262, 79.2799, 63.4311, 60.396], [84.3441, 78.4125, 89.262, 79.2799, 63.4311, 60.396], [84.3441, 78.4125, 89.262, 79.2799, 63.4311, 60.396]], "total_test_time": 1216.7559645175934, "total_train_time": 1770.3327007293701}
