{"base_model": "CLIP", "dataset": "domainnet", "subset_size": 150, "image_encoder_name": "ViT-B-32", "optimizer": "AdamW", "batch_size": 32, "learning_rate": 0.001, "global_rounds": 200, "local_epochs": 1, "warm_up": 10, "seed": 1}
{"round": 0, "acc": [[85.3814, 79.5782, 89.9957, 79.9688, 65.1778, 61.9466], [85.3814, 79.5782, 89.9957, 79.9688, 65.1778, 61.9466], [85.3814, 79.5782, 89.9957, 79.9688, 65.1778, 61.9466], [85.3814, 79.5782, 89.9957, 79.9688, 65.1778, 61.9466], [85.3814, 79.5782, 89.9957, 79.9688, 65.1778, 61.9466], [85.3814, 79.5782, 89.9957, 79.9688, 65.1778, 61.9466]], "total_test_time": 1226.8508157730103, "total_train_time": 2630.9765157699585}
