{"base_model": "CLIP", "dataset": "domainnet", "subset_size": 100, "image_encoder_name": "ViT-B-32", "optimizer": "AdamW", "batch_size": 32, "learning_rate": 0.001, "global_rounds": 200, "local_epochs": 1, "warm_up": 10, "seed": 1}
{"round": 0, "acc": [[86.7006, 80.0799, 91.2257, 81.3308, 66.1467, 64.049], [86.7006, 80.0799, 91.2257, 81.3308, 66.1467, 64.049], [86.7006, 80.0799, 91.2257, 81.3308, 66.1467, 64.049], [86.7006, 80.0799, 91.2257, 81.3308, 66.1467, 64.049], [86.7006, 80.0799, 91.2257, 81.3308, 66.1467, 64.049], [86.7006, 80.0799, 91.2257, 81.3308, 66.1467, 64.049]], "total_test_time": 771.3615357875824, "total_train_time": 1303.56058883667}
