{"base_model": "CLIP", "dataset": "domainnet", "subset_size": 50, "image_encoder_name": "ViT-B-32", "optimizer": "AdamW", "batch_size": 32, "learning_rate": 0.001, "global_rounds": 200, "local_epochs": 1, "warm_up": 10, "seed": 1}
{"round": 0, "acc": [[90.7786, 84.221, 93.4464, 88.6931, 75.2933, 71.5649], [90.7786, 84.221, 93.4464, 88.6931, 75.2933, 71.5649], [90.7786, 84.221, 93.4464, 88.6931, 75.2933, 71.5649], [90.7786, 84.221, 93.4464, 88.6931, 75.2933, 71.5649], [90.7786, 84.221, 93.4464, 88.6931, 75.2933, 71.5649], [90.7786, 84.221, 93.4464, 88.6931, 75.2933, 71.5649]], "total_test_time": 269.19844222068787, "total_train_time": 1060.5618343353271}
