{"base_model": "CLIP", "dataset": "data", "subset_size": 50, "image_encoder_name": "ViT-B-32", "optimizer": "AdamW", "batch_size": 32, "learning_rate": 0.001, "global_rounds": 200, "local_epochs": 1, "warm_up": 10, "seed": 1}
{"round": -1, "acc": [[91.4964, 82.6912, 92.7137, 88.0846, 58.8533, 71.8034], [91.1099, 83.0028, 92.7137, 87.3799, 57.8267, 71.4695], [91.1651, 82.4363, 93.1343, 87.7322, 58.1733, 71.3263], [90.6129, 82.5212, 92.7544, 88.565, 57.3467, 71.5172], [90.7786, 82.2096, 92.578, 87.7002, 61.0, 71.8989], [90.8338, 82.6629, 92.863, 88.1166, 57.96, 72.2805]], "total_test_time": 298.12193965911865, "total_train_time": 11.048768997192383}
