{"base_model": "CLIP", "dataset": "data", "subset_size": 150, "image_encoder_name": "ViT-B-32", "optimizer": "AdamW", "batch_size": 32, "learning_rate": 0.001, "global_rounds": 200, "local_epochs": 1, "warm_up": 10, "seed": 1}
{"round": 0, "acc": [[85.3655, 78.3595, 90.5481, 78.6819, 41.0267, 63.6279], [85.3655, 78.3595, 90.5481, 78.6819, 41.0267, 63.6279], [85.3655, 78.3595, 90.5481, 78.6819, 41.0267, 63.6279], [85.3655, 78.3595, 90.5481, 78.6819, 41.0267, 63.6279], [85.3655, 78.3595, 90.5481, 78.6819, 41.0267, 63.6279], [85.3655, 78.3595, 90.5481, 78.6819, 41.0267, 63.6279]], "total_test_time": 646.3403768539429, "total_train_time": 40.50639533996582, "converge_round": 540}
