{"base_model": "CLIP", "dataset": "data", "subset_size": 100, "image_encoder_name": "ViT-B-32", "optimizer": "AdamW", "batch_size": 32, "learning_rate": 0.001, "global_rounds": 200, "local_epochs": 1, "warm_up": 10, "seed": 1}
{"round": 0, "acc": [[87.8512, 82.4141, 92.2948, 82.8744, 45.08, 69.2744], [87.8512, 82.4141, 92.2948, 82.8744, 45.08, 69.2744], [87.8512, 82.4141, 92.2948, 82.8744, 45.08, 69.2744], [87.8512, 82.4141, 92.2948, 82.8744, 45.08, 69.2744], [87.8512, 82.4141, 92.2948, 82.8744, 45.08, 69.2744], [87.8512, 82.4141, 92.2948, 82.8744, 45.08, 69.2744]], "total_test_time": 372.94066047668457, "total_train_time": 24.457165241241455, "converge_round": 453}
