{"base_model": "CLIP", "dataset": "data", "subset_size": 50, "image_encoder_name": "ViT-B-32", "optimizer": "AdamW", "batch_size": 32, "learning_rate": 0.001, "global_rounds": 200, "local_epochs": 1, "warm_up": 10, "seed": 1}
{"round": 0, "acc": [[90.9442, 83.2578, 93.0801, 87.9564, 48.76, 71.8034], [90.9442, 83.2578, 93.0801, 87.9564, 48.76, 71.8034], [90.9442, 83.2578, 93.0801, 87.9564, 48.76, 71.8034], [90.9442, 83.2578, 93.0801, 87.9564, 48.76, 71.8034], [90.9442, 83.2578, 93.0801, 87.9564, 48.76, 71.8034], [90.9442, 83.2578, 93.0801, 87.9564, 48.76, 71.8034]], "total_test_time": 176.4566216468811, "total_train_time": 6.333151340484619, "converge_round": 231}
