{"base_model": "CLIP", "dataset": "domainnet", "subset_size": 50, "image_encoder_name": "ViT-B-32", "optimizer": "AdamW", "batch_size": 32, "learning_rate": 0.001, "global_rounds": 200, "local_epochs": 1, "warm_up": 10, "seed": 1}
{"round": 0, "acc": [[91.1099, 82.4646, 92.5916, 87.9244, 74.1333, 69.0363], [91.1099, 82.4646, 92.5916, 87.9244, 74.1333, 69.0363], [91.1099, 82.4646, 92.5916, 87.9244, 74.1333, 69.0363], [91.1099, 82.4646, 92.5916, 87.9244, 74.1333, 69.0363], [91.1099, 82.4646, 92.5916, 87.9244, 74.1333, 69.0363], [91.1099, 82.4646, 92.5916, 87.9244, 74.1333, 69.0363]], "total_test_time": 348.78271198272705, "total_train_time": 410.3286373615265}
