{"base_model": "CLIP", "dataset": "data", "subset_size": 150, "image_encoder_name": "ViT-B-32", "optimizer": "AdamW", "batch_size": 32, "learning_rate": 0.001, "global_rounds": 200, "local_epochs": 1, "warm_up": 10, "seed": 1}
{"round": -1, "acc": [[84.2962, 77.4057, 89.3397, 77.993, 46.0533, 61.6664], [84.1526, 78.1899, 89.2059, 77.993, 46.0356, 61.7037], [84.0409, 77.3633, 89.6159, 78.019, 46.0, 62.0773], [84.36, 77.3103, 89.2792, 78.4089, 46.2711, 61.5729], [83.993, 76.9182, 89.1152, 77.486, 48.1156, 61.3675], [83.993, 77.2573, 89.426, 77.772, 46.4089, 62.2455]], "total_test_time": 1174.048300743103, "total_train_time": 16.946808576583862}
