{"base_model": "CLIP", "dataset": "data", "subset_size": 50, "image_encoder_name": "ViT-B-32", "optimizer": "AdamW", "batch_size": 32, "learning_rate": 0.001, "global_rounds": 200, "local_epochs": 1, "warm_up": 10, "seed": 1}
{"round": -1, "acc": [[91.0547, 82.3796, 92.7137, 87.8283, 59.0, 71.4218], [90.8338, 82.2096, 92.6866, 87.7643, 59.2, 71.374], [90.9994, 82.238, 92.768, 87.7002, 58.9733, 71.2786], [90.9442, 82.2946, 92.7408, 87.8283, 59.0133, 71.2786], [90.7786, 82.238, 92.7001, 87.6361, 59.12, 71.374], [90.8338, 82.3513, 92.7001, 87.7643, 59.16, 71.5172]], "total_test_time": 299.62349033355713, "total_train_time": 2.791175603866577}
