{"base_model": "CLIP", "dataset": "data", "subset_size": 150, "image_encoder_name": "ViT-B-32", "optimizer": "AdamW", "batch_size": 32, "learning_rate": 0.001, "global_rounds": 200, "local_epochs": 1, "warm_up": 10, "seed": 1}
{"round": -1, "acc": [[84.2643, 77.4481, 89.3612, 78.24, 46.1111, 61.4982], [84.1685, 78.2429, 89.2274, 78.006, 45.92, 61.7037], [84.0249, 77.3739, 89.6461, 77.98, 45.9511, 62.1147], [84.376, 77.4163, 89.2706, 78.4349, 45.9822, 61.5169], [83.8653, 77.0136, 89.098, 77.512, 48.1644, 61.3861], [83.8653, 77.3421, 89.4476, 77.928, 46.3333, 62.5817]], "total_test_time": 1177.526883840561, "total_train_time": 17.02493691444397}
