{"base_model": "CLIP", "dataset": "data", "subset_size": 100, "image_encoder_name": "ViT-B-32", "optimizer": "AdamW", "batch_size": 32, "learning_rate": 0.001, "global_rounds": 200, "local_epochs": 1, "warm_up": 10, "seed": 1}
{"round": 0, "acc": [[87.0484, 82.1902, 91.8981, 82.6241, 49.92, 68.4682], [87.0484, 82.1902, 91.8981, 82.6241, 49.92, 68.4682], [87.0484, 82.1902, 91.8981, 82.6241, 49.92, 68.4682], [87.0484, 82.1902, 91.8981, 82.6241, 49.92, 68.4682], [87.0484, 82.1902, 91.8981, 82.6241, 49.92, 68.4682], [87.0484, 82.1902, 91.8981, 82.6241, 49.92, 68.4682]], "total_test_time": 374.7811381816864, "total_train_time": 51.66447186470032, "converge_round": 950}
