{"base_model": "CLIP", "dataset": "domainnet", "subset_size": 50, "image_encoder_name": "ViT-B-32", "optimizer": "AdamW", "batch_size": 32, "learning_rate": 0.001, "global_rounds": 200, "local_epochs": 1, "warm_up": 10, "seed": 1}
{"round": 0, "acc": [[90.0607, 81.6431, 92.3881, 86.2908, 75.56, 67.1756], [90.0607, 81.6431, 92.3881, 86.2908, 75.56, 67.1756], [90.0607, 81.6431, 92.3881, 86.2908, 75.56, 67.1756], [90.0607, 81.6431, 92.3881, 86.2908, 75.56, 67.1756], [90.0607, 81.6431, 92.3881, 86.2908, 75.56, 67.1756], [90.0607, 81.6431, 92.3881, 86.2908, 75.56, 67.1756]], "total_test_time": 353.4600393772125, "total_train_time": 525.90092253685}
