{"base_model": "CLIP", "dataset": "data", "subset_size": 50, "image_encoder_name": "ViT-B-32", "optimizer": "AdamW", "batch_size": 32, "learning_rate": 0.001, "global_rounds": 200, "local_epochs": 1, "warm_up": 10, "seed": 1}
{"round": -1, "acc": [[90.9442, 82.2663, 92.7001, 87.7002, 59.1067, 71.4218], [90.9442, 82.3229, 92.7815, 87.54, 58.8667, 71.5172], [90.889, 82.3229, 92.8087, 87.7963, 58.96, 71.5172], [90.9994, 82.2096, 92.768, 87.7963, 58.9467, 71.6126], [90.7234, 82.3513, 92.7001, 87.6041, 59.1333, 71.4695], [90.9442, 82.2096, 92.7273, 87.5721, 59.0667, 71.7557]], "total_test_time": 299.54544281959534, "total_train_time": 3.925507068634033}
