{"base_model": "CLIP", "dataset": "domainnet", "subset_size": 50, "image_encoder_name": "ViT-B-32", "optimizer": "AdamW", "batch_size": 32, "learning_rate": 0.001, "global_rounds": 200, "local_epochs": 1, "warm_up": 10, "seed": 1}
{"round": 0, "acc": [[90.9994, 83.9377, 93.3786, 88.7252, 75.8267, 70.9924], [90.9994, 83.9377, 93.3786, 88.7252, 75.8267, 70.9924], [90.9994, 83.9377, 93.3786, 88.7252, 75.8267, 70.9924], [90.9994, 83.9377, 93.3786, 88.7252, 75.8267, 70.9924], [90.9994, 83.9377, 93.3786, 88.7252, 75.8267, 70.9924], [90.9994, 83.9377, 93.3786, 88.7252, 75.8267, 70.9924]], "total_test_time": 331.857120513916, "total_train_time": 750.9756603240967}
