{"base_model": "CLIP", "dataset": "data", "subset_size": 100, "image_encoder_name": "ViT-B-32", "optimizer": "AdamW", "batch_size": 32, "learning_rate": 0.001, "global_rounds": 200, "local_epochs": 1, "warm_up": 10, "seed": 1}
{"round": -1, "acc": [[87.7442, 81.9504, 91.4409, 82.3738, 49.6, 68.6474], [86.647, 83.0376, 91.6022, 82.3738, 48.4933, 68.7071], [86.6738, 81.9025, 92.2544, 81.9983, 49.1333, 69.3043], [87.0752, 81.5667, 91.5821, 84.3763, 48.7933, 68.2592], [86.8611, 80.5755, 91.4543, 81.5811, 54.6333, 67.8411], [86.7808, 81.8705, 91.6896, 82.645, 49.4933, 69.9612]], "total_test_time": 666.7102341651917, "total_train_time": 38.714858531951904}
