{"base_model": "CLIP", "dataset": "domainnet", "subset_size": 150, "image_encoder_name": "ViT-B-32", "optimizer": "AdamW", "batch_size": 32, "learning_rate": 0.001, "global_rounds": 200, "local_epochs": 1, "warm_up": 10, "seed": 1}
{"round": 0, "acc": [[85.4612, 79.7266, 90.3971, 80.8787, 66.0533, 62.974], [85.4612, 79.7266, 90.3971, 80.8787, 66.0533, 62.974], [85.4612, 79.7266, 90.3971, 80.8787, 66.0533, 62.974], [85.4612, 79.7266, 90.3971, 80.8787, 66.0533, 62.974], [85.4612, 79.7266, 90.3971, 80.8787, 66.0533, 62.974], [85.4612, 79.7266, 90.3971, 80.8787, 66.0533, 62.974]], "total_test_time": 1225.0727577209473, "total_train_time": 3117.096733570099}
