{"base_model": "CLIP", "dataset": "domainnet", "subset_size": 100, "image_encoder_name": "ViT-B-32", "optimizer": "AdamW", "batch_size": 32, "learning_rate": 0.001, "global_rounds": 200, "local_epochs": 1, "warm_up": 10, "seed": 1}
{"round": 0, "acc": [[88.4667, 82.446, 92.5032, 84.1677, 70.34, 68.289], [88.4667, 82.446, 92.5032, 84.1677, 70.34, 68.289], [88.4667, 82.446, 92.5032, 84.1677, 70.34, 68.289], [88.4667, 82.446, 92.5032, 84.1677, 70.34, 68.289], [88.4667, 82.446, 92.5032, 84.1677, 70.34, 68.289], [88.4667, 82.446, 92.5032, 84.1677, 70.34, 68.289]], "total_test_time": 706.0657844543457, "total_train_time": 2645.612861633301}
