{"base_model": "CLIP", "dataset": "data", "subset_size": 150, "image_encoder_name": "ViT-B-32", "optimizer": "AdamW", "batch_size": 32, "learning_rate": 0.001, "global_rounds": 200, "local_epochs": 1, "warm_up": 10, "seed": 1}
{"round": 0, "acc": [[83.8493, 76.8122, 89.249, 77.395, 47.4889, 61.8345], [83.8493, 76.8122, 89.249, 77.395, 47.4889, 61.8345], [83.8493, 76.8122, 89.249, 77.395, 47.4889, 61.8345], [83.8493, 76.8122, 89.249, 77.395, 47.4889, 61.8345], [83.8493, 76.8122, 89.249, 77.395, 47.4889, 61.8345], [83.8493, 76.8122, 89.249, 77.395, 47.4889, 61.8345]], "total_test_time": 645.1643793582916, "total_train_time": 129.5890336036682, "converge_round": 1707}
