{"base_model": "CLIP", "dataset": "data", "subset_size": 150, "image_encoder_name": "ViT-B-32", "optimizer": "AdamW", "batch_size": 32, "learning_rate": 0.001, "global_rounds": 200, "local_epochs": 1, "warm_up": 10, "seed": 1}
{"round": -1, "acc": [[85.8123, 78.2005, 89.5641, 78.3699, 42.9644, 62.0213], [83.5461, 81.3692, 89.0634, 78.149, 39.4933, 61.7411], [83.7536, 77.8296, 91.3811, 77.239, 35.6844, 63.1422], [84.2802, 77.5646, 89.3526, 81.3207, 39.8444, 61.3114], [83.6898, 76.0174, 88.7397, 76.0692, 54.3244, 60.751], [83.9611, 77.6706, 89.7065, 77.707, 42.4844, 65.4586]], "total_test_time": 1175.4956912994385, "total_train_time": 204.416259765625}
