{"base_model": "CLIP", "dataset": "data", "subset_size": 100, "image_encoder_name": "ViT-B-32", "optimizer": "AdamW", "batch_size": 32, "learning_rate": 0.001, "global_rounds": 200, "local_epochs": 1, "warm_up": 10, "seed": 1}
{"round": -1, "acc": [[86.5935, 81.1671, 91.4072, 81.6437, 51.6, 67.7814], [86.4062, 81.3749, 91.4745, 81.6854, 51.58, 68.0203], [86.5935, 81.3269, 91.4745, 81.6437, 51.5733, 68.08], [86.433, 81.247, 91.4072, 81.8732, 51.7, 67.9307], [86.5132, 81.231, 91.4543, 81.5394, 51.9333, 67.9606], [86.4062, 81.247, 91.4543, 81.7897, 51.56, 68.1099]], "total_test_time": 658.6892182826996, "total_train_time": 3.300762176513672}
