{"base_model": "CLIP", "dataset": "domainnet", "subset_size": 50, "image_encoder_name": "ViT-B-32", "optimizer": "AdamW", "batch_size": 32, "learning_rate": 0.001, "global_rounds": 200, "local_epochs": 1, "warm_up": 10, "seed": 1}
{"round": 0, "acc": [[90.5025, 83.1728, 93.0936, 88.0525, 75.48, 70.5153], [90.5025, 83.1728, 93.0936, 88.0525, 75.48, 70.5153], [90.5025, 83.1728, 93.0936, 88.0525, 75.48, 70.5153], [90.5025, 83.1728, 93.0936, 88.0525, 75.48, 70.5153], [90.5025, 83.1728, 93.0936, 88.0525, 75.48, 70.5153], [90.5025, 83.1728, 93.0936, 88.0525, 75.48, 70.5153]], "total_test_time": 335.66612243652344, "total_train_time": 750.8741490840912}
