{"base_model": "CLIP", "dataset": "domainnet", "subset_size": 5, "image_encoder_name": "ViT-B-32", "optimizer": "AdamW", "batch_size": 32, "learning_rate": 0.001, "global_rounds": 200, "local_epochs": 1, "warm_up": 10, "seed": 1}
{"round": 0, "acc": [[99.2481, 96.0656, 99.8138, 98.3607, 91.8667, 89.2308], [99.2481, 96.0656, 99.8138, 98.3607, 91.8667, 89.2308], [99.2481, 96.0656, 99.8138, 98.3607, 91.8667, 89.2308], [99.2481, 96.0656, 99.8138, 98.3607, 91.8667, 89.2308], [99.2481, 96.0656, 99.8138, 98.3607, 91.8667, 89.2308], [99.2481, 96.0656, 99.8138, 98.3607, 91.8667, 89.2308]], "total_test_time": 26.686683893203735, "total_train_time": 1.3701050281524658}
