{"base_model": "CLIP", "dataset": "data", "subset_size": 100, "image_encoder_name": "ViT-B-32", "optimizer": "AdamW", "batch_size": 32, "learning_rate": 0.001, "global_rounds": 200, "local_epochs": 1, "warm_up": 10, "seed": 1}
{"round": -1, "acc": [[87.9315, 81.8705, 91.5821, 82.4572, 50.84, 68.289], [86.7808, 83.773, 91.5014, 82.5407, 48.6867, 68.8265], [86.8076, 81.9185, 92.752, 81.9358, 46.0867, 69.155], [86.8344, 81.247, 91.4005, 84.9186, 49.52, 68.2293], [86.2189, 80.2878, 91.2795, 80.8511, 56.9667, 67.4828], [86.4597, 81.9504, 91.6627, 82.2278, 49.9867, 70.5285]], "total_test_time": 664.5707678794861, "total_train_time": 134.03023552894592}
