{"base_model": "CLIP", "dataset": "PACS", "subset_size": 7, "image_encoder_name": "convnext_base", "optimizer": "AdamW", "batch_size": 32, "learning_rate": 0.001, "global_rounds": 200, "local_epochs": 1, "warm_up": 10, "seed": 1}
{"round": 0, "acc": [[99.7605, 76.1394, 96.2891, 98.3362], [99.7605, 76.1394, 96.2891, 98.3362], [99.7605, 76.1394, 96.2891, 98.3362], [99.7605, 76.1394, 96.2891, 98.3362]], "total_test_time": 0, "total_train_time": 0}
{"round": 1, "acc": [[99.7605, 81.2332, 96.3379, 98.4642], [99.7605, 81.2332, 96.3379, 98.4642], [99.7605, 81.2332, 96.3379, 98.4642], [99.7605, 81.2332, 96.3379, 98.4642]], "total_test_time": 93.46615219116211, "total_train_time": 20.938170909881592}
{"round": 2, "acc": [[99.8204, 84.7185, 96.5332, 98.5495], [99.8204, 84.7185, 96.5332, 98.5495], [99.8204, 84.7185, 96.5332, 98.5495], [99.8204, 84.7185, 96.5332, 98.5495]], "total_test_time": 186.81324911117554, "total_train_time": 41.745487451553345}
{"round": 3, "acc": [[99.8204, 86.5952, 97.0215, 98.5922], [99.8204, 86.5952, 97.0215, 98.5922], [99.8204, 86.5952, 97.0215, 98.5922], [99.8204, 86.5952, 97.0215, 98.5922]], "total_test_time": 280.00783228874207, "total_train_time": 62.60657978057861}
{"round": 5, "acc": [[99.8204, 88.7399, 97.6074, 98.8055], [99.8204, 88.7399, 97.6074, 98.8055], [99.8204, 88.7399, 97.6074, 98.8055], [99.8204, 88.7399, 97.6074, 98.8055]], "total_test_time": 373.2981798648834, "total_train_time": 104.1349139213562}
{"round": 6, "acc": [[99.8204, 89.2761, 97.7051, 98.8055], [99.8204, 89.2761, 97.7051, 98.8055], [99.8204, 89.2761, 97.7051, 98.8055], [99.8204, 89.2761, 97.7051, 98.8055]], "total_test_time": 466.9077503681183, "total_train_time": 124.76641869544983}
{"round": 7, "acc": [[99.8204, 90.3485, 97.5586, 98.8908], [99.8204, 90.3485, 97.5586, 98.8908], [99.8204, 90.3485, 97.5586, 98.8908], [99.8204, 90.3485, 97.5586, 98.8908]], "total_test_time": 560.399927854538, "total_train_time": 145.56586623191833}
{"round": 8, "acc": [[99.8802, 91.9571, 97.5586, 98.7628], [99.8802, 91.9571, 97.5586, 98.7628], [99.8802, 91.9571, 97.5586, 98.7628], [99.8802, 91.9571, 97.5586, 98.7628]], "total_test_time": 653.901392698288, "total_train_time": 166.38620901107788}
{"round": 9, "acc": [[99.8802, 90.0804, 98.0957, 98.9334], [99.8802, 90.0804, 98.0957, 98.9334], [99.8802, 90.0804, 98.0957, 98.9334], [99.8802, 90.0804, 98.0957, 98.9334]], "total_test_time": 747.107696056366, "total_train_time": 187.14892649650574}
{"round": 10, "acc": [[99.9401, 91.4209, 97.9492, 99.0614], [99.9401, 91.4209, 97.9492, 99.0614], [99.9401, 91.4209, 97.9492, 99.0614], [99.9401, 91.4209, 97.9492, 99.0614]], "total_test_time": 840.5040462017059, "total_train_time": 207.8551390171051}
{"round": 12, "acc": [[99.8802, 91.9571, 98.4375, 99.1041], [99.8802, 91.9571, 98.4375, 99.1041], [99.8802, 91.9571, 98.4375, 99.1041], [99.8802, 91.9571, 98.4375, 99.1041]], "total_test_time": 934.1165025234222, "total_train_time": 249.3576319217682}
{"round": 15, "acc": [[99.9401, 93.2976, 98.3398, 99.1894], [99.9401, 93.2976, 98.3398, 99.1894], [99.9401, 93.2976, 98.3398, 99.1894], [99.9401, 93.2976, 98.3398, 99.1894]], "total_test_time": 1027.3612568378448, "total_train_time": 311.3861095905304}
{"round": 17, "acc": [[100.0, 93.0295, 98.5352, 99.1468], [100.0, 93.0295, 98.5352, 99.1468], [100.0, 93.0295, 98.5352, 99.1468], [100.0, 93.0295, 98.5352, 99.1468]], "total_test_time": 1120.7350177764893, "total_train_time": 352.823041677475}
{"round": 18, "acc": [[100.0, 92.4933, 98.4375, 99.0188], [100.0, 92.4933, 98.4375, 99.0188], [100.0, 92.4933, 98.4375, 99.0188], [100.0, 92.4933, 98.4375, 99.0188]], "total_test_time": 1214.100909948349, "total_train_time": 373.74224615097046}
{"round": 22, "acc": [[100.0, 93.5657, 98.4863, 99.1894], [100.0, 93.5657, 98.4863, 99.1894], [100.0, 93.5657, 98.4863, 99.1894], [100.0, 93.5657, 98.4863, 99.1894]], "total_test_time": 1307.737065076828, "total_train_time": 456.56735134124756}
{"round": 24, "acc": [[99.9401, 91.4209, 98.8281, 99.1894], [99.9401, 91.4209, 98.8281, 99.1894], [99.9401, 91.4209, 98.8281, 99.1894], [99.9401, 91.4209, 98.8281, 99.1894]], "total_test_time": 1400.909351348877, "total_train_time": 498.309458732605}
{"round": 25, "acc": [[100.0, 93.2976, 98.6328, 99.1894], [100.0, 93.2976, 98.6328, 99.1894], [100.0, 93.2976, 98.6328, 99.1894], [100.0, 93.2976, 98.6328, 99.1894]], "total_test_time": 1494.4171879291534, "total_train_time": 519.2988300323486}
{"round": 26, "acc": [[100.0, 93.5657, 98.6328, 99.1894], [100.0, 93.5657, 98.6328, 99.1894], [100.0, 93.5657, 98.6328, 99.1894], [100.0, 93.5657, 98.6328, 99.1894]], "total_test_time": 1587.7207117080688, "total_train_time": 540.0015814304352}
{"round": 27, "acc": [[100.0, 93.2976, 98.7793, 99.1468], [100.0, 93.2976, 98.7793, 99.1468], [100.0, 93.2976, 98.7793, 99.1468], [100.0, 93.2976, 98.7793, 99.1468]], "total_test_time": 1681.2909719944, "total_train_time": 560.8255491256714}
{"round": 33, "acc": [[100.0, 93.8338, 98.7305, 99.1468], [100.0, 93.8338, 98.7305, 99.1468], [100.0, 93.8338, 98.7305, 99.1468], [100.0, 93.8338, 98.7305, 99.1468]], "total_test_time": 1774.3981869220734, "total_train_time": 685.7227983474731}
{"round": 36, "acc": [[100.0, 93.8338, 98.7793, 99.2747], [100.0, 93.8338, 98.7793, 99.2747], [100.0, 93.8338, 98.7793, 99.2747], [100.0, 93.8338, 98.7793, 99.2747]], "total_test_time": 1867.7899279594421, "total_train_time": 747.8728978633881}
{"round": 38, "acc": [[100.0, 94.37, 98.8281, 98.9761], [100.0, 94.37, 98.8281, 98.9761], [100.0, 94.37, 98.8281, 98.9761], [100.0, 94.37, 98.8281, 98.9761]], "total_test_time": 1961.4433860778809, "total_train_time": 789.4361145496368}
{"round": 42, "acc": [[100.0, 94.1019, 98.4863, 99.1894], [100.0, 94.1019, 98.4863, 99.1894], [100.0, 94.1019, 98.4863, 99.1894], [100.0, 94.1019, 98.4863, 99.1894]], "total_test_time": 2055.1047937870026, "total_train_time": 872.6907799243927}
{"round": 52, "acc": [[100.0, 93.2976, 98.584, 99.1894], [100.0, 93.2976, 98.584, 99.1894], [100.0, 93.2976, 98.584, 99.1894], [100.0, 93.2976, 98.584, 99.1894]], "total_test_time": 2148.5146114826202, "total_train_time": 1079.822955608368}
