{"base_model": "CLIP", "dataset": "domainnet", "subset_size": 50, "image_encoder_name": "convnext_base", "optimizer": "AdamW", "batch_size": 32, "learning_rate": 0.001, "global_rounds": 200, "local_epochs": 1, "warm_up": 10, "seed": 1}
{"round": 0, "acc": [[90.2816, 83.1445, 92.4695, 86.8674, 31.6, 74.4275], [90.2816, 83.1445, 92.4695, 86.8674, 31.6, 74.4275], [90.2816, 83.1445, 92.4695, 86.8674, 31.6, 74.4275], [90.2816, 83.1445, 92.4695, 86.8674, 31.6, 74.4275], [90.2816, 83.1445, 92.4695, 86.8674, 31.6, 74.4275], [90.2816, 83.1445, 92.4695, 86.8674, 31.6, 74.4275]], "total_test_time": 0, "total_train_time": 0}
{"round": 1, "acc": [[90.4473, 83.4844, 92.7815, 86.8354, 32.8267, 75.1431], [90.4473, 83.4844, 92.7815, 86.8354, 32.8267, 75.1431], [90.4473, 83.4844, 92.7815, 86.8354, 32.8267, 75.1431], [90.4473, 83.4844, 92.7815, 86.8354, 32.8267, 75.1431], [90.4473, 83.4844, 92.7815, 86.8354, 32.8267, 75.1431], [90.4473, 83.4844, 92.7815, 86.8354, 32.8267, 75.1431]], "total_test_time": 918.5114142894745, "total_train_time": 269.47425150871277}
{"round": 2, "acc": [[90.6129, 83.6827, 92.8358, 87.0916, 33.72, 75.2863], [90.6129, 83.6827, 92.8358, 87.0916, 33.72, 75.2863], [90.6129, 83.6827, 92.8358, 87.0916, 33.72, 75.2863], [90.6129, 83.6827, 92.8358, 87.0916, 33.72, 75.2863], [90.6129, 83.6827, 92.8358, 87.0916, 33.72, 75.2863], [90.6129, 83.6827, 92.8358, 87.0916, 33.72, 75.2863]], "total_test_time": 1829.4776878356934, "total_train_time": 538.4017214775085}
{"round": 3, "acc": [[90.7786, 83.8527, 92.9172, 87.3158, 34.4933, 75.3817], [90.7786, 83.8527, 92.9172, 87.3158, 34.4933, 75.3817], [90.7786, 83.8527, 92.9172, 87.3158, 34.4933, 75.3817], [90.7786, 83.8527, 92.9172, 87.3158, 34.4933, 75.3817], [90.7786, 83.8527, 92.9172, 87.3158, 34.4933, 75.3817], [90.7786, 83.8527, 92.9172, 87.3158, 34.4933, 75.3817]], "total_test_time": 2743.8212637901306, "total_train_time": 807.0088818073273}
{"round": 4, "acc": [[90.7234, 83.7677, 93.0258, 87.6682, 34.68, 75.4771], [90.7234, 83.7677, 93.0258, 87.6682, 34.68, 75.4771], [90.7234, 83.7677, 93.0258, 87.6682, 34.68, 75.4771], [90.7234, 83.7677, 93.0258, 87.6682, 34.68, 75.4771], [90.7234, 83.7677, 93.0258, 87.6682, 34.68, 75.4771], [90.7234, 83.7677, 93.0258, 87.6682, 34.68, 75.4771]], "total_test_time": 3659.243303537369, "total_train_time": 1070.5796144008636}
{"round": 5, "acc": [[91.1099, 83.9093, 93.0258, 87.7643, 35.08, 75.5725], [91.1099, 83.9093, 93.0258, 87.7643, 35.08, 75.5725], [91.1099, 83.9093, 93.0258, 87.7643, 35.08, 75.5725], [91.1099, 83.9093, 93.0258, 87.7643, 35.08, 75.5725], [91.1099, 83.9093, 93.0258, 87.7643, 35.08, 75.5725], [91.1099, 83.9093, 93.0258, 87.7643, 35.08, 75.5725]], "total_test_time": 4560.779726028442, "total_train_time": 1335.972855091095}
{"round": 6, "acc": [[91.0547, 84.0793, 93.0665, 87.9244, 35.36, 75.6202], [91.0547, 84.0793, 93.0665, 87.9244, 35.36, 75.6202], [91.0547, 84.0793, 93.0665, 87.9244, 35.36, 75.6202], [91.0547, 84.0793, 93.0665, 87.9244, 35.36, 75.6202], [91.0547, 84.0793, 93.0665, 87.9244, 35.36, 75.6202], [91.0547, 84.0793, 93.0665, 87.9244, 35.36, 75.6202]], "total_test_time": 5463.606288194656, "total_train_time": 1600.4745664596558}
{"round": 7, "acc": [[91.2755, 84.051, 93.1072, 87.9244, 35.3067, 75.7156], [91.2755, 84.051, 93.1072, 87.9244, 35.3067, 75.7156], [91.2755, 84.051, 93.1072, 87.9244, 35.3067, 75.7156], [91.2755, 84.051, 93.1072, 87.9244, 35.3067, 75.7156], [91.2755, 84.051, 93.1072, 87.9244, 35.3067, 75.7156], [91.2755, 84.051, 93.1072, 87.9244, 35.3067, 75.7156]], "total_test_time": 6363.519359111786, "total_train_time": 1866.8117065429688}
{"round": 14, "acc": [[90.9994, 84.1076, 93.1208, 88.2127, 35.5733, 75.9542], [90.9994, 84.1076, 93.1208, 88.2127, 35.5733, 75.9542], [90.9994, 84.1076, 93.1208, 88.2127, 35.5733, 75.9542], [90.9994, 84.1076, 93.1208, 88.2127, 35.5733, 75.9542], [90.9994, 84.1076, 93.1208, 88.2127, 35.5733, 75.9542], [90.9994, 84.1076, 93.1208, 88.2127, 35.5733, 75.9542]], "total_test_time": 7266.973923921585, "total_train_time": 3727.4671268463135}
{"round": 15, "acc": [[91.2755, 84.051, 93.0529, 88.2447, 35.4267, 76.0019], [91.2755, 84.051, 93.0529, 88.2447, 35.4267, 76.0019], [91.2755, 84.051, 93.0529, 88.2447, 35.4267, 76.0019], [91.2755, 84.051, 93.0529, 88.2447, 35.4267, 76.0019], [91.2755, 84.051, 93.0529, 88.2447, 35.4267, 76.0019], [91.2755, 84.051, 93.0529, 88.2447, 35.4267, 76.0019]], "total_test_time": 8170.009772539139, "total_train_time": 3995.538397550583}
{"round": 25, "acc": [[91.2755, 84.2493, 93.0936, 88.1166, 35.7067, 76.1927], [91.2755, 84.2493, 93.0936, 88.1166, 35.7067, 76.1927], [91.2755, 84.2493, 93.0936, 88.1166, 35.7067, 76.1927], [91.2755, 84.2493, 93.0936, 88.1166, 35.7067, 76.1927], [91.2755, 84.2493, 93.0936, 88.1166, 35.7067, 76.1927], [91.2755, 84.2493, 93.0936, 88.1166, 35.7067, 76.1927]], "total_test_time": 9073.566146850586, "total_train_time": 6646.826249599457}
{"round": 29, "acc": [[91.3308, 84.1926, 93.0529, 88.1807, 35.8267, 75.9065], [91.3308, 84.1926, 93.0529, 88.1807, 35.8267, 75.9065], [91.3308, 84.1926, 93.0529, 88.1807, 35.8267, 75.9065], [91.3308, 84.1926, 93.0529, 88.1807, 35.8267, 75.9065], [91.3308, 84.1926, 93.0529, 88.1807, 35.8267, 75.9065], [91.3308, 84.1926, 93.0529, 88.1807, 35.8267, 75.9065]], "total_test_time": 9978.429914236069, "total_train_time": 7711.411119222641}
{"round": 39, "acc": [[91.2203, 84.051, 93.1208, 87.9885, 35.7733, 75.6202], [91.2203, 84.051, 93.1208, 87.9885, 35.7733, 75.6202], [91.2203, 84.051, 93.1208, 87.9885, 35.7733, 75.6202], [91.2203, 84.051, 93.1208, 87.9885, 35.7733, 75.6202], [91.2203, 84.051, 93.1208, 87.9885, 35.7733, 75.6202], [91.2203, 84.051, 93.1208, 87.9885, 35.7733, 75.6202]], "total_test_time": 10888.021102428436, "total_train_time": 10357.654606819153}
