{"base_model": "CLIP", "dataset": "domainnet", "subset_size": 50, "image_encoder_name": "RN101", "optimizer": "AdamW", "batch_size": 32, "learning_rate": 0.001, "global_rounds": 200, "local_epochs": 1, "warm_up": 10, "seed": 1}
{"round": 0, "acc": [[35.947, 39.1785, 60.3528, 35.4901, 5.3067, 26.6698], [36.1126, 48.4419, 67.0692, 39.2697, 6.5333, 28.4828], [36.9409, 48.4136, 68.2497, 40.3267, 6.1067, 31.5363], [32.6339, 39.7734, 59.2266, 36.419, 6.2667, 23.4733], [4.9696, 5.1558, 8.5889, 8.5202, 8.32, 3.3397], [33.8487, 35.5524, 58.2361, 32.5753, 5.0133, 25.2385]], "total_test_time": 0, "total_train_time": 0}
{"round": 2, "acc": [[34.7874, 36.1756, 57.7612, 34.0487, 5.2267, 25.0477], [36.9961, 48.5552, 68.6431, 39.4299, 6.7067, 29.0076], [39.757, 48.7535, 69.7422, 40.647, 6.5333, 29.6756], [32.1922, 37.6204, 54.9932, 35.0737, 7.3067, 21.4695], [1.9879, 1.2748, 1.1262, 6.9507, 6.9867, 0.6679], [34.8978, 33.5977, 55.8752, 31.5823, 6.04, 22.9485]], "total_test_time": 417.3549120426178, "total_train_time": 234.86442685127258}
{"round": 3, "acc": [[35.5605, 37.3938, 58.5346, 35.2018, 5.24, 25.1431], [38.1005, 49.4051, 69.4301, 40.0705, 6.8533, 28.5305], [40.0883, 49.7734, 70.0136, 41.4478, 6.6133, 31.2023], [33.2413, 37.932, 55.1153, 35.0737, 7.52, 21.5649], [2.0431, 1.3031, 1.2483, 6.6944, 7.4267, 0.7156], [34.5113, 34.4476, 55.6716, 30.7816, 6.08, 23.4733]], "total_test_time": 835.3821623325348, "total_train_time": 351.18320202827454}
{"round": 4, "acc": [[36.9409, 36.9972, 57.924, 35.9385, 5.4667, 25.6679], [38.4318, 50.3116, 70.0136, 40.7751, 6.92, 28.626], [40.6957, 51.1331, 71.0312, 41.2556, 6.44, 32.0611], [33.7383, 38.017, 55.9023, 35.9385, 7.6267, 21.8511], [2.0983, 1.2181, 1.1262, 6.7585, 8.2533, 0.7156], [36.7753, 35.4391, 57.0556, 32.6714, 6.56, 23.9504]], "total_test_time": 1253.017992734909, "total_train_time": 467.70185375213623}
{"round": 5, "acc": [[37.9901, 39.0935, 60.2578, 36.5791, 5.6267, 26.2882], [39.4809, 50.7365, 70.5699, 41.2556, 7.2133, 29.437], [42.0762, 50.8499, 71.3704, 42.3767, 6.7067, 31.9656], [33.1861, 37.3088, 54.8033, 37.0596, 7.6, 21.4218], [1.9326, 1.4164, 1.1669, 6.5343, 8.36, 0.6679], [37.8796, 36.0057, 58.0597, 33.2799, 6.6, 24.8092]], "total_test_time": 1670.4332029819489, "total_train_time": 584.1191198825836}
{"round": 6, "acc": [[38.1005, 38.4703, 59.7558, 36.7393, 5.8267, 26.2405], [40.1988, 52.1246, 70.7056, 41.7361, 7.2133, 30.2958], [43.0701, 51.7564, 72.0624, 43.3056, 6.84, 32.2519], [34.3457, 38.1586, 55.6852, 36.6111, 7.9733, 22.042], [2.1535, 1.3881, 1.289, 6.5663, 8.96, 0.6679], [37.1618, 33.881, 55.7938, 31.9987, 6.4533, 24.3321]], "total_test_time": 2089.6450157165527, "total_train_time": 700.8286266326904}
{"round": 7, "acc": [[39.0392, 39.4618, 60.502, 37.6361, 6.0533, 26.0019], [40.0883, 52.068, 71.2483, 42.2486, 7.2667, 30.2004], [42.021, 51.8697, 72.3881, 42.9532, 6.6267, 32.395], [34.0144, 38.8102, 56.7571, 37.9564, 7.84, 21.5649], [2.3192, 1.4164, 1.2212, 6.7585, 9.2267, 0.8111], [37.3827, 35.949, 57.5712, 32.9276, 6.7333, 25.2385]], "total_test_time": 2508.410440683365, "total_train_time": 817.2438850402832}
{"round": 8, "acc": [[39.0392, 38.9518, 60.3799, 37.7322, 5.9467, 26.145], [41.0823, 51.728, 70.9091, 42.4407, 7.28, 30.0095], [41.9105, 51.6997, 72.0217, 42.4087, 6.9733, 31.7271], [35.5605, 38.8669, 57.2592, 37.8603, 7.9067, 22.2805], [2.2639, 1.3881, 1.2754, 6.8546, 9.4267, 0.8588], [38.2662, 36.1473, 58.1818, 33.5362, 6.9867, 25.4771]], "total_test_time": 2925.4176499843597, "total_train_time": 933.9129943847656}
{"round": 9, "acc": [[40.6405, 40.7932, 60.9091, 37.9885, 5.84, 27.2424], [40.4197, 51.9547, 71.5468, 42.4407, 7.48, 30.7252], [43.4014, 52.8329, 72.5237, 44.1063, 7.12, 33.4924], [35.7261, 39.0368, 57.5441, 38.2447, 8.4933, 22.4237], [2.1535, 1.3598, 1.194, 6.5663, 9.7867, 0.7156], [38.5975, 37.1671, 58.0733, 33.7604, 7.3733, 25.6679]], "total_test_time": 3342.7494127750397, "total_train_time": 1050.4686617851257}
{"round": 10, "acc": [[39.757, 39.6601, 60.1357, 37.3158, 6.2267, 26.7176], [40.9718, 53.5127, 71.6282, 43.0493, 7.7333, 31.25], [42.2971, 52.6912, 72.1981, 43.1454, 6.84, 32.729], [36.0022, 39.2918, 57.2863, 38.1807, 8.3467, 22.3282], [2.2087, 1.4164, 1.1805, 6.5343, 10.0533, 0.9065], [38.1005, 37.1105, 58.2497, 33.6323, 7.1867, 25.6679]], "total_test_time": 3759.4601645469666, "total_train_time": 1166.8809604644775}
{"round": 11, "acc": [[40.5301, 40.0283, 60.9362, 37.9244, 6.0267, 26.4313], [40.6405, 53.1161, 71.7232, 42.665, 7.6133, 30.4866], [43.291, 52.4363, 73.0529, 43.722, 7.56, 33.2538], [36.0022, 39.9717, 58.4532, 39.1416, 8.3333, 22.8531], [2.1535, 1.2748, 1.2212, 6.6944, 10.2533, 0.6679], [40.0883, 37.9037, 60.0, 34.8174, 7.88, 25.0954]], "total_test_time": 4180.323293209076, "total_train_time": 1290.0745286941528}
{"round": 12, "acc": [[40.9166, 40.3966, 60.9091, 38.533, 6.0133, 26.9561], [41.9105, 52.9178, 71.7232, 43.4017, 7.5333, 30.1527], [43.8432, 53.1161, 72.8494, 44.1384, 7.2267, 33.063], [35.1739, 38.272, 56.8657, 38.4689, 8.5467, 22.2328], [2.4296, 1.4164, 1.2483, 7.0147, 10.52, 1.0496], [39.9779, 38.187, 59.7286, 35.5221, 7.1867, 25.1908]], "total_test_time": 4598.56028676033, "total_train_time": 1406.6168241500854}
{"round": 22, "acc": [[40.254, 40.17, 61.2212, 38.2767, 6.3067, 27.6718], [40.9718, 53.1445, 72.3202, 42.6329, 7.56, 31.0115], [43.9536, 52.0963, 73.0801, 44.0743, 7.2267, 32.9676], [36.6648, 39.5467, 58.1004, 37.9564, 8.3733, 22.8531], [2.2087, 1.2748, 1.1262, 6.9186, 10.52, 0.7156], [38.2109, 35.8074, 58.0054, 32.9917, 6.8667, 26.4313]], "total_test_time": 5015.414221525192, "total_train_time": 2575.7348766326904}
