{"base_model": "CLIP", "dataset": "domainnet", "subset_size": 50, "image_encoder_name": "RN50", "optimizer": "AdamW", "batch_size": 32, "learning_rate": 0.001, "global_rounds": 200, "local_epochs": 1, "warm_up": 10, "seed": 1}
{"round": 0, "acc": [[33.5174, 38.5269, 58.711, 34.1127, 4.2533, 23.3302], [34.7874, 49.2918, 67.7476, 40.1345, 4.6533, 26.0496], [36.3335, 48.017, 67.8697, 38.6611, 5.6667, 25.5248], [31.7504, 38.0453, 57.0692, 35.7783, 4.72, 17.9866], [11.4301, 9.0935, 15.0611, 12.2357, 5.1867, 2.9103], [34.2904, 35.4674, 57.4084, 33.344, 5.0667, 23.4733]], "total_test_time": 0, "total_train_time": 0}
{"round": 1, "acc": [[32.0817, 36.4023, 56.4179, 33.4401, 4.2667, 22.9962], [34.6218, 48.8952, 67.422, 38.9174, 4.56, 25.8588], [37.217, 48.3286, 68.5889, 38.6291, 5.8267, 27.0038], [32.1369, 36.9972, 55.5631, 33.8885, 4.6533, 19.084], [2.2087, 1.3881, 2.4016, 7.271, 6.4, 2.4809], [32.3026, 32.1813, 54.0299, 30.5253, 5.3067, 23.2824]], "total_test_time": 331.65237832069397, "total_train_time": 90.93634390830994}
{"round": 2, "acc": [[34.0696, 37.5071, 58.7653, 34.0487, 4.56, 24.0935], [36.7753, 49.6601, 68.6296, 40.0064, 5.28, 26.8607], [39.3705, 50.3399, 70.2442, 39.59, 6.5867, 28.0534], [33.9039, 38.2436, 57.3541, 35.458, 5.6, 19.6565], [2.4848, 1.3598, 2.8087, 8.1999, 7.3067, 2.6718], [34.0144, 34.3909, 56.4179, 31.4862, 5.7867, 24.8092]], "total_test_time": 665.6947336196899, "total_train_time": 182.02159786224365}
{"round": 3, "acc": [[36.6648, 38.6686, 60.0271, 36.0666, 4.8533, 24.6183], [39.1496, 51.3598, 69.8372, 40.8392, 5.64, 27.5763], [40.4197, 50.8782, 70.8955, 39.6861, 6.5067, 28.3397], [34.4561, 38.9235, 58.1682, 36.6432, 6.1867, 19.9905], [2.7609, 1.5014, 2.863, 8.0077, 8.3333, 2.7195], [36.6648, 34.8442, 56.6486, 32.2229, 6.16, 25.334]], "total_test_time": 1003.6946711540222, "total_train_time": 273.5227379798889}
{"round": 4, "acc": [[37.5483, 38.8952, 59.81, 36.0987, 4.96, 24.4752], [38.5422, 51.8414, 70.7463, 41.64, 5.9333, 28.3397], [41.2479, 51.4448, 71.6689, 40.8392, 6.6667, 29.1031], [36.8857, 39.6601, 58.7381, 36.7072, 6.4667, 20.563], [2.9266, 1.3314, 2.9851, 8.296, 8.9467, 2.5763], [35.947, 33.2861, 55.6174, 31.9347, 6.4933, 24.5229]], "total_test_time": 1339.0534572601318, "total_train_time": 364.88694643974304}
{"round": 5, "acc": [[38.4318, 38.7252, 60.3799, 36.1947, 5.1733, 24.4752], [38.5975, 52.4929, 70.6106, 41.4158, 5.92, 28.9122], [41.9105, 52.2663, 71.9674, 40.615, 6.9867, 29.1508], [38.2662, 41.0482, 60.3392, 38.2767, 7.12, 21.1355], [3.3131, 1.3314, 2.9172, 8.6803, 9.7733, 2.7195], [37.1618, 36.3456, 58.0597, 34.1127, 6.6, 25.334]], "total_test_time": 1675.852616071701, "total_train_time": 455.97925662994385}
{"round": 6, "acc": [[38.2109, 38.9518, 60.2849, 36.9635, 5.16, 24.9523], [39.7018, 53.1161, 71.2076, 42.3447, 6.3067, 29.3416], [42.9045, 52.4646, 72.7001, 41.64, 6.76, 30.1527], [37.6588, 39.5184, 58.2768, 38.2447, 6.88, 20.8492], [3.1474, 1.3881, 2.863, 9.0967, 9.7733, 2.6718], [37.4379, 36.4306, 58.0054, 33.6643, 6.7467, 26.3359]], "total_test_time": 2011.844605922699, "total_train_time": 546.916131734848}
{"round": 7, "acc": [[40.0331, 40.3116, 62.3474, 38.0205, 5.28, 25.9542], [42.021, 53.0595, 71.981, 42.8251, 6.0667, 28.9599], [43.291, 52.3513, 72.1167, 41.3197, 6.6933, 29.771], [38.5422, 41.4164, 60.597, 39.4939, 6.8667, 21.8034], [3.0922, 1.3881, 2.9172, 8.5842, 10.2667, 2.8626], [38.6527, 38.0737, 60.7191, 35.2659, 6.6933, 27.3378]], "total_test_time": 2345.1014597415924, "total_train_time": 638.2309210300446}
{"round": 8, "acc": [[39.9227, 40.4816, 61.791, 37.6682, 5.28, 25.8588], [41.8553, 53.3711, 71.981, 43.1134, 6.3467, 29.9141], [43.6223, 52.5496, 73.2022, 42.665, 6.9733, 30.105], [37.2722, 40.3399, 59.118, 40.1666, 7.6933, 21.7557], [2.8161, 1.3881, 2.9172, 9.0327, 10.6933, 2.6718], [38.2109, 35.2691, 57.2863, 33.6963, 6.8533, 26.3836]], "total_test_time": 2682.786209821701, "total_train_time": 729.5018994808197}
{"round": 18, "acc": [[41.0271, 40.3116, 62.3066, 38.6931, 5.4267, 26.5744], [42.794, 54.1643, 73.3107, 43.754, 6.8533, 29.7233], [45.0028, 53.8527, 74.1927, 42.729, 7.1333, 31.1546], [38.8183, 41.5581, 61.0855, 39.7822, 7.6267, 21.6603], [3.2579, 1.4164, 3.2293, 8.7444, 11.2667, 2.7672], [39.4809, 35.4958, 58.8602, 34.2088, 6.9067, 26.7176]], "total_test_time": 3015.0779600143433, "total_train_time": 1640.767268896103}
