{"base_model": "CLIP", "dataset": "office", "subset_size": 10, "image_encoder_name": "ViT-B-16", "optimizer": "AdamW", "batch_size": 32, "learning_rate": 0.001, "global_rounds": 200, "local_epochs": 1, "warm_up": 10, "seed": 1}
{"round": 0, "acc": [[81.9084, 95.1201, 93.2722, 87.9287], [82.6718, 95.1201, 93.2722, 86.9684], [81.9847, 94.5946, 92.8899, 87.2428], [81.9084, 94.8949, 93.0428, 87.38]], "total_test_time": 0, "total_train_time": 0}
{"round": 1, "acc": [[82.2137, 94.8198, 93.1957, 87.6543], [82.6718, 95.1952, 93.1193, 87.5171], [82.3664, 95.3453, 93.0428, 87.38], [82.7481, 94.97, 93.578, 87.38]], "total_test_time": 152.0632040500641, "total_train_time": 51.63872194290161}
{"round": 2, "acc": [[83.6641, 96.3213, 93.4251, 87.2428], [83.5878, 96.021, 93.2722, 88.0658], [83.5878, 96.3213, 93.3486, 86.9684], [83.7405, 96.2462, 93.8073, 87.5171]], "total_test_time": 337.9182596206665, "total_train_time": 104.01993656158447}
{"round": 3, "acc": [[83.2824, 96.5465, 93.2722, 88.0658], [83.4351, 96.5465, 93.1957, 87.38], [83.8168, 96.5465, 93.578, 87.5171], [83.8931, 96.5465, 93.6544, 87.6543]], "total_test_time": 526.9320304393768, "total_train_time": 157.9679024219513}
{"round": 4, "acc": [[83.9695, 96.8468, 93.3486, 88.0658], [84.4275, 96.997, 93.4251, 88.0658], [83.9695, 97.1471, 93.2722, 88.6145], [83.5878, 96.9219, 93.2722, 87.1056]], "total_test_time": 711.4156489372253, "total_train_time": 208.73333859443665}
{"round": 5, "acc": [[84.6565, 96.997, 93.4251, 88.7517], [84.8092, 96.9219, 93.2722, 89.0261], [84.9618, 96.7718, 93.2722, 88.3402], [84.5038, 96.8468, 93.3486, 87.6543]], "total_test_time": 864.0449006557465, "total_train_time": 259.75951647758484}
{"round": 6, "acc": [[85.0382, 97.2222, 93.4251, 88.0658], [85.6489, 97.1471, 93.4251, 88.3402], [85.4198, 96.997, 93.3486, 87.7915], [85.2672, 97.2222, 93.4251, 88.0658]], "total_test_time": 1034.5973854064941, "total_train_time": 311.4337327480316}
{"round": 7, "acc": [[84.9618, 96.6216, 93.4251, 87.7915], [85.1908, 96.7718, 93.578, 88.7517], [84.8855, 96.997, 93.5015, 88.0658], [85.0382, 97.0721, 93.578, 88.0658]], "total_test_time": 1189.1992750167847, "total_train_time": 368.213342666626}
{"round": 17, "acc": [[82.9771, 93.994, 88.1498, 77.6406], [82.5954, 93.994, 87.844, 78.4636], [82.6718, 94.2192, 87.844, 77.915], [82.5954, 94.2943, 87.6911, 78.6008]], "total_test_time": 1367.3329689502716, "total_train_time": 894.8018317222595}
