{"base_model": "CLIP", "dataset": "domainnet", "subset_size": 100, "image_encoder_name": "ViT-B-32", "optimizer": "AdamW", "batch_size": 32, "learning_rate": 0.001, "global_rounds": 200, "local_epochs": 1, "warm_up": 10, "seed": 1}
{"round": 0, "acc": [[88.0921, 82.462, 92.2208, 83.5419, 28.2667, 67.6023], [88.0921, 82.462, 92.2208, 83.5419, 28.2667, 67.6023], [88.0921, 82.462, 92.2208, 83.5419, 28.2667, 67.6023], [88.0921, 82.462, 92.2208, 83.5419, 28.2667, 67.6023], [88.0921, 82.462, 92.2208, 83.5419, 28.2667, 67.6023], [88.0921, 82.462, 92.2208, 83.5419, 28.2667, 67.6023]], "total_test_time": 0, "total_train_time": 0}
{"round": 1, "acc": [[88.6005, 82.7498, 92.483, 83.9591, 28.9533, 68.3488], [88.6005, 82.7498, 92.483, 83.9591, 28.9533, 68.3488], [88.6005, 82.7498, 92.483, 83.9591, 28.9533, 68.3488], [88.6005, 82.7498, 92.483, 83.9591, 28.9533, 68.3488], [88.6005, 82.7498, 92.483, 83.9591, 28.9533, 68.3488], [88.6005, 82.7498, 92.483, 83.9591, 28.9533, 68.3488]], "total_test_time": 677.9203119277954, "total_train_time": 139.85509538650513}
{"round": 2, "acc": [[88.6808, 82.8937, 92.5906, 84.1886, 29.42, 68.6175], [88.6808, 82.8937, 92.5906, 84.1886, 29.42, 68.6175], [88.6808, 82.8937, 92.5906, 84.1886, 29.42, 68.6175], [88.6808, 82.8937, 92.5906, 84.1886, 29.42, 68.6175], [88.6808, 82.8937, 92.5906, 84.1886, 29.42, 68.6175], [88.6808, 82.8937, 92.5906, 84.1886, 29.42, 68.6175]], "total_test_time": 1358.1989204883575, "total_train_time": 279.24832248687744}
{"round": 3, "acc": [[88.8146, 83.0536, 92.6108, 84.3763, 29.7267, 68.8265], [88.8146, 83.0536, 92.6108, 84.3763, 29.7267, 68.8265], [88.8146, 83.0536, 92.6108, 84.3763, 29.7267, 68.8265], [88.8146, 83.0536, 92.6108, 84.3763, 29.7267, 68.8265], [88.8146, 83.0536, 92.6108, 84.3763, 29.7267, 68.8265], [88.8146, 83.0536, 92.6108, 84.3763, 29.7267, 68.8265]], "total_test_time": 2036.553640127182, "total_train_time": 418.32489585876465}
{"round": 4, "acc": [[88.8146, 83.3253, 92.6242, 84.3763, 29.94, 68.8564], [88.8146, 83.3253, 92.6242, 84.3763, 29.94, 68.8564], [88.8146, 83.3253, 92.6242, 84.3763, 29.94, 68.8564], [88.8146, 83.3253, 92.6242, 84.3763, 29.94, 68.8564], [88.8146, 83.3253, 92.6242, 84.3763, 29.94, 68.8564], [88.8146, 83.3253, 92.6242, 84.3763, 29.94, 68.8564]], "total_test_time": 2716.031229734421, "total_train_time": 558.3428456783295}
{"round": 5, "acc": [[88.9216, 83.4053, 92.6713, 84.3972, 30.4933, 69.0953], [88.9216, 83.4053, 92.6713, 84.3972, 30.4933, 69.0953], [88.9216, 83.4053, 92.6713, 84.3972, 30.4933, 69.0953], [88.9216, 83.4053, 92.6713, 84.3972, 30.4933, 69.0953], [88.9216, 83.4053, 92.6713, 84.3972, 30.4933, 69.0953], [88.9216, 83.4053, 92.6713, 84.3972, 30.4933, 69.0953]], "total_test_time": 3395.292116165161, "total_train_time": 697.9588446617126}
{"round": 7, "acc": [[89.0554, 83.5332, 92.7183, 84.4597, 30.4667, 69.2147], [89.0554, 83.5332, 92.7183, 84.4597, 30.4667, 69.2147], [89.0554, 83.5332, 92.7183, 84.4597, 30.4667, 69.2147], [89.0554, 83.5332, 92.7183, 84.4597, 30.4667, 69.2147], [89.0554, 83.5332, 92.7183, 84.4597, 30.4667, 69.2147], [89.0554, 83.5332, 92.7183, 84.4597, 30.4667, 69.2147]], "total_test_time": 4075.372852087021, "total_train_time": 978.0201756954193}
{"round": 9, "acc": [[89.1089, 83.6291, 92.7183, 84.5849, 30.4067, 69.3043], [89.1089, 83.6291, 92.7183, 84.5849, 30.4067, 69.3043], [89.1089, 83.6291, 92.7183, 84.5849, 30.4067, 69.3043], [89.1089, 83.6291, 92.7183, 84.5849, 30.4067, 69.3043], [89.1089, 83.6291, 92.7183, 84.5849, 30.4067, 69.3043], [89.1089, 83.6291, 92.7183, 84.5849, 30.4067, 69.3043]], "total_test_time": 4756.679886341095, "total_train_time": 1259.5334463119507}
{"round": 12, "acc": [[89.1089, 83.6771, 92.8058, 84.6892, 30.52, 69.573], [89.1089, 83.6771, 92.8058, 84.6892, 30.52, 69.573], [89.1089, 83.6771, 92.8058, 84.6892, 30.52, 69.573], [89.1089, 83.6771, 92.8058, 84.6892, 30.52, 69.573], [89.1089, 83.6771, 92.8058, 84.6892, 30.52, 69.573], [89.1089, 83.6771, 92.8058, 84.6892, 30.52, 69.573]], "total_test_time": 5437.050760507584, "total_train_time": 1679.1427845954895}
{"round": 15, "acc": [[89.1624, 83.693, 92.6915, 84.7101, 30.96, 69.5133], [89.1624, 83.693, 92.6915, 84.7101, 30.96, 69.5133], [89.1624, 83.693, 92.6915, 84.7101, 30.96, 69.5133], [89.1624, 83.693, 92.6915, 84.7101, 30.96, 69.5133], [89.1624, 83.693, 92.6915, 84.7101, 30.96, 69.5133], [89.1624, 83.693, 92.6915, 84.7101, 30.96, 69.5133]], "total_test_time": 6116.175419330597, "total_train_time": 2096.1842770576477}
{"round": 16, "acc": [[89.1624, 83.741, 92.6915, 84.6475, 30.86, 69.573], [89.1624, 83.741, 92.6915, 84.6475, 30.86, 69.573], [89.1624, 83.741, 92.6915, 84.6475, 30.86, 69.573], [89.1624, 83.741, 92.6915, 84.6475, 30.86, 69.573], [89.1624, 83.741, 92.6915, 84.6475, 30.86, 69.573], [89.1624, 83.741, 92.6915, 84.6475, 30.86, 69.573]], "total_test_time": 6800.21456861496, "total_train_time": 2237.3932933807373}
{"round": 26, "acc": [[89.0822, 83.805, 92.7452, 84.8144, 30.74, 69.3043], [89.0822, 83.805, 92.7452, 84.8144, 30.74, 69.3043], [89.0822, 83.805, 92.7452, 84.8144, 30.74, 69.3043], [89.0822, 83.805, 92.7452, 84.8144, 30.74, 69.3043], [89.0822, 83.805, 92.7452, 84.8144, 30.74, 69.3043], [89.0822, 83.805, 92.7452, 84.8144, 30.74, 69.3043]], "total_test_time": 7480.759428977966, "total_train_time": 3648.5139467716217}
