{"base_model": "CLIP", "dataset": "domainnet", "subset_size": 50, "image_encoder_name": "ViT-B-32", "optimizer": "AdamW", "batch_size": 32, "learning_rate": 0.001, "global_rounds": 200, "local_epochs": 1, "warm_up": 10, "seed": 1}
{"round": 0, "acc": [[90.6129, 83.2011, 93.2022, 87.8283, 33.8267, 69.6565], [90.6129, 83.2011, 93.2022, 87.8283, 33.8267, 69.6565], [90.6129, 83.2011, 93.2022, 87.8283, 33.8267, 69.6565], [90.6129, 83.2011, 93.2022, 87.8283, 33.8267, 69.6565], [90.6129, 83.2011, 93.2022, 87.8283, 33.8267, 69.6565], [90.6129, 83.2011, 93.2022, 87.8283, 33.8267, 69.6565]], "total_test_time": 0, "total_train_time": 0}
{"round": 1, "acc": [[90.8338, 83.1161, 93.3243, 87.9244, 35.04, 70.3244], [90.8338, 83.1161, 93.3243, 87.9244, 35.04, 70.3244], [90.8338, 83.1161, 93.3243, 87.9244, 35.04, 70.3244], [90.8338, 83.1161, 93.3243, 87.9244, 35.04, 70.3244], [90.8338, 83.1161, 93.3243, 87.9244, 35.04, 70.3244], [90.8338, 83.1161, 93.3243, 87.9244, 35.04, 70.3244]], "total_test_time": 323.4177315235138, "total_train_time": 77.02810835838318}
{"round": 2, "acc": [[91.0547, 83.2295, 93.3921, 88.0205, 36.2267, 70.9447], [91.0547, 83.2295, 93.3921, 88.0205, 36.2267, 70.9447], [91.0547, 83.2295, 93.3921, 88.0205, 36.2267, 70.9447], [91.0547, 83.2295, 93.3921, 88.0205, 36.2267, 70.9447], [91.0547, 83.2295, 93.3921, 88.0205, 36.2267, 70.9447], [91.0547, 83.2295, 93.3921, 88.0205, 36.2267, 70.9447]], "total_test_time": 647.9654622077942, "total_train_time": 154.24936699867249}
{"round": 3, "acc": [[91.2203, 83.2861, 93.5142, 88.1486, 36.5467, 71.0401], [91.2203, 83.2861, 93.5142, 88.1486, 36.5467, 71.0401], [91.2203, 83.2861, 93.5142, 88.1486, 36.5467, 71.0401], [91.2203, 83.2861, 93.5142, 88.1486, 36.5467, 71.0401], [91.2203, 83.2861, 93.5142, 88.1486, 36.5467, 71.0401], [91.2203, 83.2861, 93.5142, 88.1486, 36.5467, 71.0401]], "total_test_time": 975.1956579685211, "total_train_time": 231.86953043937683}
{"round": 4, "acc": [[91.3308, 83.4278, 93.4735, 88.1807, 36.84, 71.1355], [91.3308, 83.4278, 93.4735, 88.1807, 36.84, 71.1355], [91.3308, 83.4278, 93.4735, 88.1807, 36.84, 71.1355], [91.3308, 83.4278, 93.4735, 88.1807, 36.84, 71.1355], [91.3308, 83.4278, 93.4735, 88.1807, 36.84, 71.1355], [91.3308, 83.4278, 93.4735, 88.1807, 36.84, 71.1355]], "total_test_time": 1301.3722882270813, "total_train_time": 309.9936501979828}
{"round": 5, "acc": [[91.386, 83.7394, 93.5821, 88.4689, 36.76, 71.4218], [91.386, 83.7394, 93.5821, 88.4689, 36.76, 71.4218], [91.386, 83.7394, 93.5821, 88.4689, 36.76, 71.4218], [91.386, 83.7394, 93.5821, 88.4689, 36.76, 71.4218], [91.386, 83.7394, 93.5821, 88.4689, 36.76, 71.4218], [91.386, 83.7394, 93.5821, 88.4689, 36.76, 71.4218]], "total_test_time": 1626.3764085769653, "total_train_time": 387.1096787452698}
{"round": 6, "acc": [[91.6068, 83.796, 93.5957, 88.3728, 37.4, 71.4695], [91.6068, 83.796, 93.5957, 88.3728, 37.4, 71.4695], [91.6068, 83.796, 93.5957, 88.3728, 37.4, 71.4695], [91.6068, 83.796, 93.5957, 88.3728, 37.4, 71.4695], [91.6068, 83.796, 93.5957, 88.3728, 37.4, 71.4695], [91.6068, 83.796, 93.5957, 88.3728, 37.4, 71.4695]], "total_test_time": 1950.2334263324738, "total_train_time": 464.13534116744995}
{"round": 7, "acc": [[91.6068, 83.7394, 93.555, 88.3728, 37.9333, 71.8511], [91.6068, 83.7394, 93.555, 88.3728, 37.9333, 71.8511], [91.6068, 83.7394, 93.555, 88.3728, 37.9333, 71.8511], [91.6068, 83.7394, 93.555, 88.3728, 37.9333, 71.8511], [91.6068, 83.7394, 93.555, 88.3728, 37.9333, 71.8511], [91.6068, 83.7394, 93.555, 88.3728, 37.9333, 71.8511]], "total_test_time": 2274.9007918834686, "total_train_time": 541.124223947525}
{"round": 16, "acc": [[91.9934, 83.9943, 93.5957, 88.5971, 37.8267, 72.2805], [91.9934, 83.9943, 93.5957, 88.5971, 37.8267, 72.2805], [91.9934, 83.9943, 93.5957, 88.5971, 37.8267, 72.2805], [91.9934, 83.9943, 93.5957, 88.5971, 37.8267, 72.2805], [91.9934, 83.9943, 93.5957, 88.5971, 37.8267, 72.2805], [91.9934, 83.9943, 93.5957, 88.5971, 37.8267, 72.2805]], "total_test_time": 2600.3415060043335, "total_train_time": 1237.2338502407074}
{"round": 22, "acc": [[91.7173, 83.9093, 93.6228, 88.6611, 37.84, 72.1851], [91.7173, 83.9093, 93.6228, 88.6611, 37.84, 72.1851], [91.7173, 83.9093, 93.6228, 88.6611, 37.84, 72.1851], [91.7173, 83.9093, 93.6228, 88.6611, 37.84, 72.1851], [91.7173, 83.9093, 93.6228, 88.6611, 37.84, 72.1851], [91.7173, 83.9093, 93.6228, 88.6611, 37.84, 72.1851]], "total_test_time": 2925.4042150974274, "total_train_time": 1699.8263013362885}
{"round": 24, "acc": [[91.7725, 83.9377, 93.6771, 88.4049, 37.7467, 72.042], [91.7725, 83.9377, 93.6771, 88.4049, 37.7467, 72.042], [91.7725, 83.9377, 93.6771, 88.4049, 37.7467, 72.042], [91.7725, 83.9377, 93.6771, 88.4049, 37.7467, 72.042], [91.7725, 83.9377, 93.6771, 88.4049, 37.7467, 72.042], [91.7725, 83.9377, 93.6771, 88.4049, 37.7467, 72.042]], "total_test_time": 3249.2508673667908, "total_train_time": 1854.2762413024902}
{"round": 28, "acc": [[92.1038, 83.881, 93.6635, 88.4689, 38.2267, 72.1851], [92.1038, 83.881, 93.6635, 88.4689, 38.2267, 72.1851], [92.1038, 83.881, 93.6635, 88.4689, 38.2267, 72.1851], [92.1038, 83.881, 93.6635, 88.4689, 38.2267, 72.1851], [92.1038, 83.881, 93.6635, 88.4689, 38.2267, 72.1851], [92.1038, 83.881, 93.6635, 88.4689, 38.2267, 72.1851]], "total_test_time": 3573.6766583919525, "total_train_time": 2164.18270778656}
{"round": 38, "acc": [[91.7173, 83.9943, 93.6092, 88.4049, 37.8667, 72.1374], [91.7173, 83.9943, 93.6092, 88.4049, 37.8667, 72.1374], [91.7173, 83.9943, 93.6092, 88.4049, 37.8667, 72.1374], [91.7173, 83.9943, 93.6092, 88.4049, 37.8667, 72.1374], [91.7173, 83.9943, 93.6092, 88.4049, 37.8667, 72.1374], [91.7173, 83.9943, 93.6092, 88.4049, 37.8667, 72.1374]], "total_test_time": 3898.100320339203, "total_train_time": 2934.7885344028473}
