{"base_model": "CLIP", "dataset": "domainnet", "subset_size": 150, "image_encoder_name": "ViT-B-32", "optimizer": "AdamW", "batch_size": 32, "learning_rate": 0.001, "global_rounds": 200, "local_epochs": 1, "warm_up": 10, "seed": 1}
{"round": 0, "acc": [[85.4612, 78.2853, 90.3884, 79.5528, 24.6844, 62.0213], [85.4612, 78.2853, 90.3884, 79.5528, 24.6844, 62.0213], [85.4612, 78.2853, 90.3884, 79.5528, 24.6844, 62.0213], [85.4612, 78.2853, 90.3884, 79.5528, 24.6844, 62.0213], [85.4612, 78.2853, 90.3884, 79.5528, 24.6844, 62.0213], [85.4612, 78.2853, 90.3884, 79.5528, 24.6844, 62.0213]], "total_test_time": 0, "total_train_time": 0}
{"round": 1, "acc": [[85.7325, 79.2285, 90.7078, 80.0078, 25.2578, 63.1795], [85.7325, 79.2285, 90.7078, 80.0078, 25.2578, 63.1795], [85.7325, 79.2285, 90.7078, 80.0078, 25.2578, 63.1795], [85.7325, 79.2285, 90.7078, 80.0078, 25.2578, 63.1795], [85.7325, 79.2285, 90.7078, 80.0078, 25.2578, 63.1795], [85.7325, 79.2285, 90.7078, 80.0078, 25.2578, 63.1795]], "total_test_time": 1235.0424587726593, "total_train_time": 226.79135394096375}
{"round": 2, "acc": [[85.9879, 79.4404, 90.7726, 80.4368, 25.9867, 63.6839], [85.9879, 79.4404, 90.7726, 80.4368, 25.9867, 63.6839], [85.9879, 79.4404, 90.7726, 80.4368, 25.9867, 63.6839], [85.9879, 79.4404, 90.7726, 80.4368, 25.9867, 63.6839], [85.9879, 79.4404, 90.7726, 80.4368, 25.9867, 63.6839], [85.9879, 79.4404, 90.7726, 80.4368, 25.9867, 63.6839]], "total_test_time": 2482.485559463501, "total_train_time": 452.7180244922638}
{"round": 3, "acc": [[85.9879, 79.5994, 90.8934, 80.4628, 26.4489, 63.7586], [85.9879, 79.5994, 90.8934, 80.4628, 26.4489, 63.7586], [85.9879, 79.5994, 90.8934, 80.4628, 26.4489, 63.7586], [85.9879, 79.5994, 90.8934, 80.4628, 26.4489, 63.7586], [85.9879, 79.5994, 90.8934, 80.4628, 26.4489, 63.7586], [85.9879, 79.5994, 90.8934, 80.4628, 26.4489, 63.7586]], "total_test_time": 3729.323367357254, "total_train_time": 678.4942274093628}
