{"base_model": "CLIP", "dataset": "data2", "subset_size": 10, "image_encoder_name": "ViT-B-32", "optimizer": "AdamW", "batch_size": 128, "learning_rate": 0.001, "global_rounds": 50, "local_epochs": 1, "warm_up": 5, "seed": 1}
{"round": 49, "acc": [[99.026, 92.4855, 99.692, 97.5472, 66.3333, 87.931], [98.0519, 92.6012, 99.7947, 97.9245, 60.8667, 87.3563], [98.7013, 93.2948, 99.7947, 97.1698, 60.5333, 87.931], [98.3766, 92.2543, 99.7947, 97.5472, 70.8667, 85.6322], [97.7273, 91.6763, 99.5893, 97.3585, 71.2, 86.2069], [98.0519, 92.2543, 99.7947, 96.7925, 66.2, 88.5057]], "total_test_time": 0.00016188621520996094, "total_train_time": 1093.859293460846}
