{"base_model": "CLIP", "dataset": "data", "subset_size": 10, "image_encoder_name": "ViT-B-32", "optimizer": "AdamW", "batch_size": 32, "learning_rate": 0.001, "global_rounds": 200, "local_epochs": 1, "warm_up": 10, "seed": 1}
{"round": 0, "acc": [[98.7013, 91.7919, 99.384, 96.6038, 56.6667, 83.3333], [98.7013, 91.7919, 99.384, 96.6038, 56.6667, 83.3333], [98.7013, 91.7919, 99.384, 96.6038, 56.6667, 83.3333], [98.7013, 91.7919, 99.384, 96.6038, 56.6667, 83.3333], [98.7013, 91.7919, 99.384, 96.6038, 56.6667, 83.3333], [98.7013, 91.7919, 99.384, 96.6038, 56.6667, 83.3333]], "total_test_time": 0, "total_train_time": 0}
{"round": 1, "acc": [[98.3766, 92.1387, 99.4867, 96.6038, 57.0, 83.3333], [98.3766, 92.1387, 99.4867, 96.6038, 57.0, 83.3333], [98.3766, 92.1387, 99.4867, 96.6038, 57.0, 83.3333], [98.3766, 92.1387, 99.4867, 96.6038, 57.0, 83.3333], [98.3766, 92.1387, 99.4867, 96.6038, 57.0, 83.3333], [98.3766, 92.1387, 99.4867, 96.6038, 57.0, 83.3333]], "total_test_time": 60.323516607284546, "total_train_time": 15.092469453811646}
{"round": 2, "acc": [[98.7013, 92.0231, 99.692, 96.6038, 57.8, 83.908], [98.7013, 92.0231, 99.692, 96.6038, 57.8, 83.908], [98.7013, 92.0231, 99.692, 96.6038, 57.8, 83.908], [98.7013, 92.0231, 99.692, 96.6038, 57.8, 83.908], [98.7013, 92.0231, 99.692, 96.6038, 57.8, 83.908], [98.7013, 92.0231, 99.692, 96.6038, 57.8, 83.908]], "total_test_time": 120.22380256652832, "total_train_time": 30.039241552352905}
{"round": 3, "acc": [[98.7013, 92.1387, 99.692, 96.6038, 59.0667, 84.4828], [98.7013, 92.1387, 99.692, 96.6038, 59.0667, 84.4828], [98.7013, 92.1387, 99.692, 96.6038, 59.0667, 84.4828], [98.7013, 92.1387, 99.692, 96.6038, 59.0667, 84.4828], [98.7013, 92.1387, 99.692, 96.6038, 59.0667, 84.4828], [98.7013, 92.1387, 99.692, 96.6038, 59.0667, 84.4828]], "total_test_time": 180.17848801612854, "total_train_time": 45.21034598350525}
{"round": 4, "acc": [[98.7013, 92.3699, 99.692, 96.9811, 61.3333, 85.6322], [98.7013, 92.3699, 99.692, 96.9811, 61.3333, 85.6322], [98.7013, 92.3699, 99.692, 96.9811, 61.3333, 85.6322], [98.7013, 92.3699, 99.692, 96.9811, 61.3333, 85.6322], [98.7013, 92.3699, 99.692, 96.9811, 61.3333, 85.6322], [98.7013, 92.3699, 99.692, 96.9811, 61.3333, 85.6322]], "total_test_time": 239.8474485874176, "total_train_time": 60.003633975982666}
{"round": 5, "acc": [[98.7013, 92.4855, 99.692, 96.9811, 62.4667, 86.7816], [98.7013, 92.4855, 99.692, 96.9811, 62.4667, 86.7816], [98.7013, 92.4855, 99.692, 96.9811, 62.4667, 86.7816], [98.7013, 92.4855, 99.692, 96.9811, 62.4667, 86.7816], [98.7013, 92.4855, 99.692, 96.9811, 62.4667, 86.7816], [98.7013, 92.4855, 99.692, 96.9811, 62.4667, 86.7816]], "total_test_time": 299.5767855644226, "total_train_time": 74.86271548271179}
{"round": 6, "acc": [[98.7013, 92.6012, 99.692, 96.9811, 64.0667, 86.7816], [98.7013, 92.6012, 99.692, 96.9811, 64.0667, 86.7816], [98.7013, 92.6012, 99.692, 96.9811, 64.0667, 86.7816], [98.7013, 92.6012, 99.692, 96.9811, 64.0667, 86.7816], [98.7013, 92.6012, 99.692, 96.9811, 64.0667, 86.7816], [98.7013, 92.6012, 99.692, 96.9811, 64.0667, 86.7816]], "total_test_time": 359.3212471008301, "total_train_time": 89.73607277870178}
{"round": 7, "acc": [[98.3766, 93.0636, 99.692, 97.3585, 65.3333, 86.7816], [98.3766, 93.0636, 99.692, 97.3585, 65.3333, 86.7816], [98.3766, 93.0636, 99.692, 97.3585, 65.3333, 86.7816], [98.3766, 93.0636, 99.692, 97.3585, 65.3333, 86.7816], [98.3766, 93.0636, 99.692, 97.3585, 65.3333, 86.7816], [98.3766, 93.0636, 99.692, 97.3585, 65.3333, 86.7816]], "total_test_time": 419.3863322734833, "total_train_time": 104.60578680038452}
{"round": 8, "acc": [[98.7013, 92.7168, 99.692, 97.1698, 66.4, 86.2069], [98.7013, 92.7168, 99.692, 97.1698, 66.4, 86.2069], [98.7013, 92.7168, 99.692, 97.1698, 66.4, 86.2069], [98.7013, 92.7168, 99.692, 97.1698, 66.4, 86.2069], [98.7013, 92.7168, 99.692, 97.1698, 66.4, 86.2069], [98.7013, 92.7168, 99.692, 97.1698, 66.4, 86.2069]], "total_test_time": 478.850314617157, "total_train_time": 119.73930287361145}
{"round": 10, "acc": [[98.3766, 93.2948, 99.7947, 97.3585, 66.6667, 88.5057], [98.3766, 93.2948, 99.7947, 97.3585, 66.6667, 88.5057], [98.3766, 93.2948, 99.7947, 97.3585, 66.6667, 88.5057], [98.3766, 93.2948, 99.7947, 97.3585, 66.6667, 88.5057], [98.3766, 93.2948, 99.7947, 97.3585, 66.6667, 88.5057], [98.3766, 93.2948, 99.7947, 97.3585, 66.6667, 88.5057]], "total_test_time": 538.1999909877777, "total_train_time": 149.27018809318542}
{"round": 11, "acc": [[98.7013, 92.8324, 99.692, 97.9245, 69.0, 86.7816], [98.7013, 92.8324, 99.692, 97.9245, 69.0, 86.7816], [98.7013, 92.8324, 99.692, 97.9245, 69.0, 86.7816], [98.7013, 92.8324, 99.692, 97.9245, 69.0, 86.7816], [98.7013, 92.8324, 99.692, 97.9245, 69.0, 86.7816], [98.7013, 92.8324, 99.692, 97.9245, 69.0, 86.7816]], "total_test_time": 597.7749149799347, "total_train_time": 164.0090217590332}
{"round": 21, "acc": [[99.026, 92.7168, 99.7947, 97.9245, 71.0667, 87.931], [99.026, 92.7168, 99.7947, 97.9245, 71.0667, 87.931], [99.026, 92.7168, 99.7947, 97.9245, 71.0667, 87.931], [99.026, 92.7168, 99.7947, 97.9245, 71.0667, 87.931], [99.026, 92.7168, 99.7947, 97.9245, 71.0667, 87.931], [99.026, 92.7168, 99.7947, 97.9245, 71.0667, 87.931]], "total_test_time": 656.7757043838501, "total_train_time": 312.87465929985046}
{"round": 25, "acc": [[98.3766, 93.1792, 99.692, 98.3019, 73.1333, 89.6552], [98.3766, 93.1792, 99.692, 98.3019, 73.1333, 89.6552], [98.3766, 93.1792, 99.692, 98.3019, 73.1333, 89.6552], [98.3766, 93.1792, 99.692, 98.3019, 73.1333, 89.6552], [98.3766, 93.1792, 99.692, 98.3019, 73.1333, 89.6552], [98.3766, 93.1792, 99.692, 98.3019, 73.1333, 89.6552]], "total_test_time": 715.9975829124451, "total_train_time": 371.52920508384705}
{"round": 27, "acc": [[97.7273, 92.7168, 99.692, 97.7358, 81.8, 87.931], [97.7273, 92.7168, 99.692, 97.7358, 81.8, 87.931], [97.7273, 92.7168, 99.692, 97.7358, 81.8, 87.931], [97.7273, 92.7168, 99.692, 97.7358, 81.8, 87.931], [97.7273, 92.7168, 99.692, 97.7358, 81.8, 87.931], [97.7273, 92.7168, 99.692, 97.7358, 81.8, 87.931]], "total_test_time": 775.3009083271027, "total_train_time": 401.1976315975189}
{"round": 37, "acc": [[97.0779, 93.2948, 99.7947, 97.3585, 82.8, 85.0575], [97.0779, 93.2948, 99.7947, 97.3585, 82.8, 85.0575], [97.0779, 93.2948, 99.7947, 97.3585, 82.8, 85.0575], [97.0779, 93.2948, 99.7947, 97.3585, 82.8, 85.0575], [97.0779, 93.2948, 99.7947, 97.3585, 82.8, 85.0575], [97.0779, 93.2948, 99.7947, 97.3585, 82.8, 85.0575]], "total_test_time": 835.6322536468506, "total_train_time": 551.3008952140808}
