{"base_model": "CLIP", "dataset": "domainnet", "subset_size": 100, "image_encoder_name": "ViT-B-32", "optimizer": "AdamW", "batch_size": 32, "learning_rate": 0.001, "global_rounds": 200, "local_epochs": 1, "warm_up": 10, "seed": 1}
{"round": 0, "acc": [[88.0921, 82.462, 92.2208, 83.5419, 28.2667, 67.6023], [88.0921, 82.462, 92.2208, 83.5419, 28.2667, 67.6023], [88.0921, 82.462, 92.2208, 83.5419, 28.2667, 67.6023], [88.0921, 82.462, 92.2208, 83.5419, 28.2667, 67.6023], [88.0921, 82.462, 92.2208, 83.5419, 28.2667, 67.6023], [88.0921, 82.462, 92.2208, 83.5419, 28.2667, 67.6023]], "total_test_time": 0, "total_train_time": 0}
{"round": 1, "acc": [[88.6005, 82.7338, 92.483, 83.9591, 28.8933, 68.3488], [88.6005, 82.7338, 92.483, 83.9591, 28.8933, 68.3488], [88.6005, 82.7338, 92.483, 83.9591, 28.8933, 68.3488], [88.6005, 82.7338, 92.483, 83.9591, 28.8933, 68.3488], [88.6005, 82.7338, 92.483, 83.9591, 28.8933, 68.3488], [88.6005, 82.7338, 92.483, 83.9591, 28.8933, 68.3488]], "total_test_time": 385.9340965747833, "total_train_time": 89.04986786842346}
{"round": 2, "acc": [[88.761, 82.8937, 92.5772, 84.2511, 29.42, 68.5578], [88.761, 82.8937, 92.5772, 84.2511, 29.42, 68.5578], [88.761, 82.8937, 92.5772, 84.2511, 29.42, 68.5578], [88.761, 82.8937, 92.5772, 84.2511, 29.42, 68.5578], [88.761, 82.8937, 92.5772, 84.2511, 29.42, 68.5578], [88.761, 82.8937, 92.5772, 84.2511, 29.42, 68.5578]], "total_test_time": 771.6534140110016, "total_train_time": 178.12793827056885}
{"round": 3, "acc": [[88.8681, 83.1175, 92.6175, 84.3554, 29.7333, 68.8265], [88.8681, 83.1175, 92.6175, 84.3554, 29.7333, 68.8265], [88.8681, 83.1175, 92.6175, 84.3554, 29.7333, 68.8265], [88.8681, 83.1175, 92.6175, 84.3554, 29.7333, 68.8265], [88.8681, 83.1175, 92.6175, 84.3554, 29.7333, 68.8265], [88.8681, 83.1175, 92.6175, 84.3554, 29.7333, 68.8265]], "total_test_time": 1156.494027376175, "total_train_time": 267.3159809112549}
{"round": 4, "acc": [[88.7878, 83.2774, 92.5906, 84.418, 29.9867, 68.9758], [88.7878, 83.2774, 92.5906, 84.418, 29.9867, 68.9758], [88.7878, 83.2774, 92.5906, 84.418, 29.9867, 68.9758], [88.7878, 83.2774, 92.5906, 84.418, 29.9867, 68.9758], [88.7878, 83.2774, 92.5906, 84.418, 29.9867, 68.9758], [88.7878, 83.2774, 92.5906, 84.418, 29.9867, 68.9758]], "total_test_time": 1541.0599393844604, "total_train_time": 356.33584570884705}
{"round": 5, "acc": [[88.8948, 83.4213, 92.6646, 84.3972, 30.5067, 69.0654], [88.8948, 83.4213, 92.6646, 84.3972, 30.5067, 69.0654], [88.8948, 83.4213, 92.6646, 84.3972, 30.5067, 69.0654], [88.8948, 83.4213, 92.6646, 84.3972, 30.5067, 69.0654], [88.8948, 83.4213, 92.6646, 84.3972, 30.5067, 69.0654], [88.8948, 83.4213, 92.6646, 84.3972, 30.5067, 69.0654]], "total_test_time": 1927.1396660804749, "total_train_time": 445.40317034721375}
{"round": 6, "acc": [[88.9484, 83.4373, 92.678, 84.4389, 30.6733, 69.1251], [88.9484, 83.4373, 92.678, 84.4389, 30.6733, 69.1251], [88.9484, 83.4373, 92.678, 84.4389, 30.6733, 69.1251], [88.9484, 83.4373, 92.678, 84.4389, 30.6733, 69.1251], [88.9484, 83.4373, 92.678, 84.4389, 30.6733, 69.1251], [88.9484, 83.4373, 92.678, 84.4389, 30.6733, 69.1251]], "total_test_time": 2311.7020790576935, "total_train_time": 534.3869278430939}
{"round": 7, "acc": [[89.0286, 83.5811, 92.678, 84.5015, 30.3267, 69.155], [89.0286, 83.5811, 92.678, 84.5015, 30.3267, 69.155], [89.0286, 83.5811, 92.678, 84.5015, 30.3267, 69.155], [89.0286, 83.5811, 92.678, 84.5015, 30.3267, 69.155], [89.0286, 83.5811, 92.678, 84.5015, 30.3267, 69.155], [89.0286, 83.5811, 92.678, 84.5015, 30.3267, 69.155]], "total_test_time": 2697.703758239746, "total_train_time": 623.3481152057648}
{"round": 9, "acc": [[88.9751, 83.5492, 92.6982, 84.6058, 30.7267, 69.2744], [88.9751, 83.5492, 92.6982, 84.6058, 30.7267, 69.2744], [88.9751, 83.5492, 92.6982, 84.6058, 30.7267, 69.2744], [88.9751, 83.5492, 92.6982, 84.6058, 30.7267, 69.2744], [88.9751, 83.5492, 92.6982, 84.6058, 30.7267, 69.2744], [88.9751, 83.5492, 92.6982, 84.6058, 30.7267, 69.2744]], "total_test_time": 3083.685310602188, "total_train_time": 801.6912717819214}
{"round": 18, "acc": [[89.0822, 83.5492, 92.7116, 84.5432, 30.64, 69.5431], [89.0822, 83.5492, 92.7116, 84.5432, 30.64, 69.5431], [89.0822, 83.5492, 92.7116, 84.5432, 30.64, 69.5431], [89.0822, 83.5492, 92.7116, 84.5432, 30.64, 69.5431], [89.0822, 83.5492, 92.7116, 84.5432, 30.64, 69.5431], [89.0822, 83.5492, 92.7116, 84.5432, 30.64, 69.5431]], "total_test_time": 3469.566151857376, "total_train_time": 1604.2429292201996}
{"round": 26, "acc": [[89.1089, 83.725, 92.752, 84.5015, 30.7133, 69.6029], [89.1089, 83.725, 92.752, 84.5015, 30.7133, 69.6029], [89.1089, 83.725, 92.752, 84.5015, 30.7133, 69.6029], [89.1089, 83.725, 92.752, 84.5015, 30.7133, 69.6029], [89.1089, 83.725, 92.752, 84.5015, 30.7133, 69.6029], [89.1089, 83.725, 92.752, 84.5015, 30.7133, 69.6029]], "total_test_time": 3855.4955489635468, "total_train_time": 2318.2254450321198}
{"round": 27, "acc": [[89.0019, 83.6451, 92.7452, 84.8561, 30.6733, 69.6327], [89.0019, 83.6451, 92.7452, 84.8561, 30.6733, 69.6327], [89.0019, 83.6451, 92.7452, 84.8561, 30.6733, 69.6327], [89.0019, 83.6451, 92.7452, 84.8561, 30.6733, 69.6327], [89.0019, 83.6451, 92.7452, 84.8561, 30.6733, 69.6327], [89.0019, 83.6451, 92.7452, 84.8561, 30.6733, 69.6327]], "total_test_time": 4241.221866607666, "total_train_time": 2407.3240039348602}
{"round": 28, "acc": [[89.1089, 83.6291, 92.7116, 84.418, 30.6667, 69.4834], [89.1089, 83.6291, 92.7116, 84.418, 30.6667, 69.4834], [89.1089, 83.6291, 92.7116, 84.418, 30.6667, 69.4834], [89.1089, 83.6291, 92.7116, 84.418, 30.6667, 69.4834], [89.1089, 83.6291, 92.7116, 84.418, 30.6667, 69.4834], [89.1089, 83.6291, 92.7116, 84.418, 30.6667, 69.4834]], "total_test_time": 4626.356052398682, "total_train_time": 2496.3645408153534}
{"round": 29, "acc": [[89.2427, 83.6611, 92.7251, 84.7309, 30.62, 69.4237], [89.2427, 83.6611, 92.7251, 84.7309, 30.62, 69.4237], [89.2427, 83.6611, 92.7251, 84.7309, 30.62, 69.4237], [89.2427, 83.6611, 92.7251, 84.7309, 30.62, 69.4237], [89.2427, 83.6611, 92.7251, 84.7309, 30.62, 69.4237], [89.2427, 83.6611, 92.7251, 84.7309, 30.62, 69.4237]], "total_test_time": 5011.775594949722, "total_train_time": 2585.4330377578735}
{"round": 31, "acc": [[89.0554, 83.6291, 92.7721, 84.6892, 30.8067, 69.573], [89.0554, 83.6291, 92.7721, 84.6892, 30.8067, 69.573], [89.0554, 83.6291, 92.7721, 84.6892, 30.8067, 69.573], [89.0554, 83.6291, 92.7721, 84.6892, 30.8067, 69.573], [89.0554, 83.6291, 92.7721, 84.6892, 30.8067, 69.573], [89.0554, 83.6291, 92.7721, 84.6892, 30.8067, 69.573]], "total_test_time": 5398.343100786209, "total_train_time": 2763.987042427063}
{"round": 38, "acc": [[89.0286, 83.773, 92.7116, 84.6892, 30.9867, 69.573], [89.0286, 83.773, 92.7116, 84.6892, 30.9867, 69.573], [89.0286, 83.773, 92.7116, 84.6892, 30.9867, 69.573], [89.0286, 83.773, 92.7116, 84.6892, 30.9867, 69.573], [89.0286, 83.773, 92.7116, 84.6892, 30.9867, 69.573], [89.0286, 83.773, 92.7116, 84.6892, 30.9867, 69.573]], "total_test_time": 5783.502993106842, "total_train_time": 3388.2239298820496}
{"round": 48, "acc": [[89.1357, 83.693, 92.8259, 84.6475, 30.9133, 69.6626], [89.1357, 83.693, 92.8259, 84.6475, 30.9133, 69.6626], [89.1357, 83.693, 92.8259, 84.6475, 30.9133, 69.6626], [89.1357, 83.693, 92.8259, 84.6475, 30.9133, 69.6626], [89.1357, 83.693, 92.8259, 84.6475, 30.9133, 69.6626], [89.1357, 83.693, 92.8259, 84.6475, 30.9133, 69.6626]], "total_test_time": 6168.904810428619, "total_train_time": 4280.897805213928}
