{"base_model": "CLIP", "dataset": "office", "subset_size": 10, "image_encoder_name": "ViT-B-32", "optimizer": "AdamW", "batch_size": 32, "learning_rate": 0.001, "global_rounds": 200, "local_epochs": 1, "warm_up": 10, "seed": 1}
{"round": 0, "acc": [[79.542, 93.7688, 92.5841, 86.0082], [79.6947, 94.0691, 92.4312, 85.8711], [79.2366, 93.7688, 92.0489, 86.4198], [79.084, 93.6937, 92.1254, 86.1454]], "total_test_time": 0, "total_train_time": 0}
{"round": 1, "acc": [[80.0763, 94.3694, 92.4312, 86.2826], [80.0, 93.9189, 92.5841, 86.2826], [80.0, 94.2192, 92.2018, 86.1454], [79.6183, 94.2943, 92.0489, 85.5967]], "total_test_time": 84.29799628257751, "total_train_time": 19.42621350288391}
{"round": 2, "acc": [[80.9924, 94.6697, 92.3547, 85.4595], [81.0687, 94.2943, 92.8135, 86.6941], [80.9924, 94.5946, 92.2783, 85.5967], [81.2214, 94.8949, 92.1254, 85.4595]], "total_test_time": 172.55877017974854, "total_train_time": 38.28320264816284}
{"round": 3, "acc": [[82.5191, 94.6697, 92.8135, 85.1852], [81.9847, 94.7447, 92.8135, 86.1454], [82.0611, 94.6697, 92.8135, 85.3224], [82.5191, 94.5195, 93.1193, 86.5569]], "total_test_time": 256.8689148426056, "total_train_time": 57.89434885978699}
{"round": 4, "acc": [[83.1298, 95.1952, 92.737, 86.1454], [82.5191, 95.2703, 93.0428, 85.8711], [83.2061, 95.3453, 92.8135, 85.7339], [83.2824, 95.3453, 92.6606, 86.1454]], "total_test_time": 344.33836483955383, "total_train_time": 77.665114402771}
{"round": 5, "acc": [[83.8931, 95.8709, 92.8899, 86.6941], [83.2061, 95.4955, 92.8135, 86.8313], [83.4351, 96.1712, 93.1957, 86.4198], [83.6641, 95.7207, 93.1957, 86.2826]], "total_test_time": 431.08758759498596, "total_train_time": 97.4365439414978}
{"round": 6, "acc": [[83.7405, 95.9459, 92.9664, 85.7339], [83.9695, 96.021, 92.6606, 85.8711], [83.8931, 96.0961, 92.5841, 86.1454], [84.3511, 96.0961, 92.8899, 85.8711]], "total_test_time": 516.2367947101593, "total_train_time": 117.14361381530762}
{"round": 7, "acc": [[84.0458, 96.3964, 92.4312, 85.7339], [84.2748, 96.1712, 92.6606, 86.0082], [83.9695, 96.1712, 92.3547, 85.4595], [83.8168, 95.7958, 92.4312, 85.4595]], "total_test_time": 600.8885905742645, "total_train_time": 137.10262322425842}
{"round": 17, "acc": [[80.7634, 93.0931, 86.1621, 76.2689], [80.687, 93.4685, 85.9327, 76.5432], [80.7634, 93.5435, 85.9327, 77.915], [80.9924, 93.018, 86.0856, 76.5432]], "total_test_time": 687.8015072345734, "total_train_time": 343.0955731868744}
