{"base_model": "CLIP", "dataset": "domainnet", "subset_size": 50, "image_encoder_name": "ViT-B-32", "optimizer": "AdamW", "batch_size": 32, "learning_rate": 0.001, "global_rounds": 200, "local_epochs": 1, "warm_up": 10, "seed": 1}
{"round": 0, "acc": [[90.6129, 83.2011, 93.2022, 87.8283, 33.8267, 69.6565], [90.6129, 83.2011, 93.2022, 87.8283, 33.8267, 69.6565], [90.6129, 83.2011, 93.2022, 87.8283, 33.8267, 69.6565], [90.6129, 83.2011, 93.2022, 87.8283, 33.8267, 69.6565], [90.6129, 83.2011, 93.2022, 87.8283, 33.8267, 69.6565], [90.6129, 83.2011, 93.2022, 87.8283, 33.8267, 69.6565]], "total_test_time": 0, "total_train_time": 0}
{"round": 1, "acc": [[90.8338, 83.1161, 93.3107, 87.9244, 35.0267, 70.3244], [90.8338, 83.1161, 93.3107, 87.9244, 35.0267, 70.3244], [90.8338, 83.1161, 93.3107, 87.9244, 35.0267, 70.3244], [90.8338, 83.1161, 93.3107, 87.9244, 35.0267, 70.3244], [90.8338, 83.1161, 93.3107, 87.9244, 35.0267, 70.3244], [90.8338, 83.1161, 93.3107, 87.9244, 35.0267, 70.3244]], "total_test_time": 181.16946172714233, "total_train_time": 47.36190438270569}
{"round": 2, "acc": [[91.0547, 83.2011, 93.3921, 88.0205, 36.2667, 70.8969], [91.0547, 83.2011, 93.3921, 88.0205, 36.2667, 70.8969], [91.0547, 83.2011, 93.3921, 88.0205, 36.2667, 70.8969], [91.0547, 83.2011, 93.3921, 88.0205, 36.2667, 70.8969], [91.0547, 83.2011, 93.3921, 88.0205, 36.2667, 70.8969], [91.0547, 83.2011, 93.3921, 88.0205, 36.2667, 70.8969]], "total_test_time": 362.5974578857422, "total_train_time": 94.52536702156067}
{"round": 3, "acc": [[91.1651, 83.2861, 93.5142, 88.1166, 36.6133, 71.0878], [91.1651, 83.2861, 93.5142, 88.1166, 36.6133, 71.0878], [91.1651, 83.2861, 93.5142, 88.1166, 36.6133, 71.0878], [91.1651, 83.2861, 93.5142, 88.1166, 36.6133, 71.0878], [91.1651, 83.2861, 93.5142, 88.1166, 36.6133, 71.0878], [91.1651, 83.2861, 93.5142, 88.1166, 36.6133, 71.0878]], "total_test_time": 544.906343460083, "total_train_time": 141.8465166091919}
{"round": 4, "acc": [[91.3308, 83.4278, 93.5414, 88.2127, 36.7867, 71.1355], [91.3308, 83.4278, 93.5414, 88.2127, 36.7867, 71.1355], [91.3308, 83.4278, 93.5414, 88.2127, 36.7867, 71.1355], [91.3308, 83.4278, 93.5414, 88.2127, 36.7867, 71.1355], [91.3308, 83.4278, 93.5414, 88.2127, 36.7867, 71.1355], [91.3308, 83.4278, 93.5414, 88.2127, 36.7867, 71.1355]], "total_test_time": 727.1569833755493, "total_train_time": 189.01984119415283}
{"round": 5, "acc": [[91.2755, 83.6544, 93.555, 88.533, 36.8533, 71.374], [91.2755, 83.6544, 93.555, 88.533, 36.8533, 71.374], [91.2755, 83.6544, 93.555, 88.533, 36.8533, 71.374], [91.2755, 83.6544, 93.555, 88.533, 36.8533, 71.374], [91.2755, 83.6544, 93.555, 88.533, 36.8533, 71.374], [91.2755, 83.6544, 93.555, 88.533, 36.8533, 71.374]], "total_test_time": 909.3416283130646, "total_train_time": 236.1599636077881}
{"round": 6, "acc": [[91.6068, 83.7677, 93.555, 88.3728, 37.56, 71.6126], [91.6068, 83.7677, 93.555, 88.3728, 37.56, 71.6126], [91.6068, 83.7677, 93.555, 88.3728, 37.56, 71.6126], [91.6068, 83.7677, 93.555, 88.3728, 37.56, 71.6126], [91.6068, 83.7677, 93.555, 88.3728, 37.56, 71.6126], [91.6068, 83.7677, 93.555, 88.3728, 37.56, 71.6126]], "total_test_time": 1091.1877601146698, "total_train_time": 283.6679322719574}
{"round": 7, "acc": [[91.4964, 83.711, 93.5278, 88.3408, 37.7867, 71.9466], [91.4964, 83.711, 93.5278, 88.3408, 37.7867, 71.9466], [91.4964, 83.711, 93.5278, 88.3408, 37.7867, 71.9466], [91.4964, 83.711, 93.5278, 88.3408, 37.7867, 71.9466], [91.4964, 83.711, 93.5278, 88.3408, 37.7867, 71.9466], [91.4964, 83.711, 93.5278, 88.3408, 37.7867, 71.9466]], "total_test_time": 1273.3225061893463, "total_train_time": 330.9425845146179}
{"round": 13, "acc": [[91.7173, 83.9093, 93.6092, 88.533, 37.7067, 72.1851], [91.7173, 83.9093, 93.6092, 88.533, 37.7067, 72.1851], [91.7173, 83.9093, 93.6092, 88.533, 37.7067, 72.1851], [91.7173, 83.9093, 93.6092, 88.533, 37.7067, 72.1851], [91.7173, 83.9093, 93.6092, 88.533, 37.7067, 72.1851], [91.7173, 83.9093, 93.6092, 88.533, 37.7067, 72.1851]], "total_test_time": 1455.7603240013123, "total_train_time": 615.0742747783661}
{"round": 14, "acc": [[91.6621, 83.9093, 93.6364, 88.533, 37.56, 72.2805], [91.6621, 83.9093, 93.6364, 88.533, 37.56, 72.2805], [91.6621, 83.9093, 93.6364, 88.533, 37.56, 72.2805], [91.6621, 83.9093, 93.6364, 88.533, 37.56, 72.2805], [91.6621, 83.9093, 93.6364, 88.533, 37.56, 72.2805], [91.6621, 83.9093, 93.6364, 88.533, 37.56, 72.2805]], "total_test_time": 1637.6776204109192, "total_train_time": 662.1951508522034}
{"round": 19, "acc": [[91.7173, 83.9377, 93.555, 88.533, 37.9867, 72.2328], [91.7173, 83.9377, 93.555, 88.533, 37.9867, 72.2328], [91.7173, 83.9377, 93.555, 88.533, 37.9867, 72.2328], [91.7173, 83.9377, 93.555, 88.533, 37.9867, 72.2328], [91.7173, 83.9377, 93.555, 88.533, 37.9867, 72.2328], [91.7173, 83.9377, 93.555, 88.533, 37.9867, 72.2328]], "total_test_time": 1819.189736366272, "total_train_time": 898.9623074531555}
{"round": 22, "acc": [[91.7725, 83.9377, 93.6906, 88.4049, 37.8533, 72.0897], [91.7725, 83.9377, 93.6906, 88.4049, 37.8533, 72.0897], [91.7725, 83.9377, 93.6906, 88.4049, 37.8533, 72.0897], [91.7725, 83.9377, 93.6906, 88.4049, 37.8533, 72.0897], [91.7725, 83.9377, 93.6906, 88.4049, 37.8533, 72.0897], [91.7725, 83.9377, 93.6906, 88.4049, 37.8533, 72.0897]], "total_test_time": 2001.3982939720154, "total_train_time": 1040.776379585266}
{"round": 32, "acc": [[91.8829, 83.966, 93.772, 88.5971, 37.6133, 72.4237], [91.8829, 83.966, 93.772, 88.5971, 37.6133, 72.4237], [91.8829, 83.966, 93.772, 88.5971, 37.6133, 72.4237], [91.8829, 83.966, 93.772, 88.5971, 37.6133, 72.4237], [91.8829, 83.966, 93.772, 88.5971, 37.6133, 72.4237], [91.8829, 83.966, 93.772, 88.5971, 37.6133, 72.4237]], "total_test_time": 2184.1968479156494, "total_train_time": 1513.4939179420471}
