{"base_model": "CLIP", "dataset": "data", "subset_size": 50, "image_encoder_name": "ViT-B-32", "optimizer": "AdamW", "batch_size": 32, "learning_rate": 0.001, "global_rounds": 200, "local_epochs": 1, "warm_up": 10, "seed": 1}
{"round": 0, "acc": [[90.6129, 83.2011, 93.2022, 87.8283, 33.8267, 69.6565], [90.6129, 83.2011, 93.2022, 87.8283, 33.8267, 69.6565], [90.6129, 83.2011, 93.2022, 87.8283, 33.8267, 69.6565], [90.6129, 83.2011, 93.2022, 87.8283, 33.8267, 69.6565], [90.6129, 83.2011, 93.2022, 87.8283, 33.8267, 69.6565], [90.6129, 83.2011, 93.2022, 87.8283, 33.8267, 69.6565]], "total_test_time": 0, "total_train_time": 0}
{"round": 1, "acc": [[90.8338, 83.2011, 93.3107, 87.9244, 35.0933, 70.4676], [90.8338, 83.2011, 93.3107, 87.9244, 35.0933, 70.4676], [90.8338, 83.2011, 93.3107, 87.9244, 35.0933, 70.4676], [90.8338, 83.2011, 93.3107, 87.9244, 35.0933, 70.4676], [90.8338, 83.2011, 93.3107, 87.9244, 35.0933, 70.4676], [90.8338, 83.2011, 93.3107, 87.9244, 35.0933, 70.4676]], "total_test_time": 284.2465133666992, "total_train_time": 69.94028878211975}
{"round": 2, "acc": [[91.1099, 83.2011, 93.3786, 87.9885, 36.0133, 70.8492], [91.1099, 83.2011, 93.3786, 87.9885, 36.0133, 70.8492], [91.1099, 83.2011, 93.3786, 87.9885, 36.0133, 70.8492], [91.1099, 83.2011, 93.3786, 87.9885, 36.0133, 70.8492], [91.1099, 83.2011, 93.3786, 87.9885, 36.0133, 70.8492], [91.1099, 83.2011, 93.3786, 87.9885, 36.0133, 70.8492]], "total_test_time": 573.14750623703, "total_train_time": 139.80335021018982}
{"round": 3, "acc": [[91.1651, 83.2295, 93.5007, 88.1486, 36.2933, 70.8015], [91.1651, 83.2295, 93.5007, 88.1486, 36.2933, 70.8015], [91.1651, 83.2295, 93.5007, 88.1486, 36.2933, 70.8015], [91.1651, 83.2295, 93.5007, 88.1486, 36.2933, 70.8015], [91.1651, 83.2295, 93.5007, 88.1486, 36.2933, 70.8015], [91.1651, 83.2295, 93.5007, 88.1486, 36.2933, 70.8015]], "total_test_time": 858.2636444568634, "total_train_time": 207.97643613815308}
{"round": 4, "acc": [[91.2755, 83.3711, 93.4735, 88.2767, 36.5067, 71.1832], [91.2755, 83.3711, 93.4735, 88.2767, 36.5067, 71.1832], [91.2755, 83.3711, 93.4735, 88.2767, 36.5067, 71.1832], [91.2755, 83.3711, 93.4735, 88.2767, 36.5067, 71.1832], [91.2755, 83.3711, 93.4735, 88.2767, 36.5067, 71.1832], [91.2755, 83.3711, 93.4735, 88.2767, 36.5067, 71.1832]], "total_test_time": 1147.5841982364655, "total_train_time": 276.80819034576416}
{"round": 5, "acc": [[91.4412, 83.4561, 93.5414, 88.3408, 37.08, 71.5172], [91.4412, 83.4561, 93.5414, 88.3408, 37.08, 71.5172], [91.4412, 83.4561, 93.5414, 88.3408, 37.08, 71.5172], [91.4412, 83.4561, 93.5414, 88.3408, 37.08, 71.5172], [91.4412, 83.4561, 93.5414, 88.3408, 37.08, 71.5172], [91.4412, 83.4561, 93.5414, 88.3408, 37.08, 71.5172]], "total_test_time": 1435.4644408226013, "total_train_time": 345.97436118125916}
{"round": 7, "acc": [[91.6068, 83.7677, 93.555, 88.3728, 37.7067, 71.6603], [91.6068, 83.7677, 93.555, 88.3728, 37.7067, 71.6603], [91.6068, 83.7677, 93.555, 88.3728, 37.7067, 71.6603], [91.6068, 83.7677, 93.555, 88.3728, 37.7067, 71.6603], [91.6068, 83.7677, 93.555, 88.3728, 37.7067, 71.6603], [91.6068, 83.7677, 93.555, 88.3728, 37.7067, 71.6603]], "total_test_time": 1723.2200350761414, "total_train_time": 486.0870461463928}
{"round": 8, "acc": [[91.4964, 83.8527, 93.5142, 88.4369, 37.9733, 71.9943], [91.4964, 83.8527, 93.5142, 88.4369, 37.9733, 71.9943], [91.4964, 83.8527, 93.5142, 88.4369, 37.9733, 71.9943], [91.4964, 83.8527, 93.5142, 88.4369, 37.9733, 71.9943], [91.4964, 83.8527, 93.5142, 88.4369, 37.9733, 71.9943], [91.4964, 83.8527, 93.5142, 88.4369, 37.9733, 71.9943]], "total_test_time": 2011.7651507854462, "total_train_time": 555.293609380722}
{"round": 12, "acc": [[91.6068, 83.9377, 93.5821, 88.565, 37.8933, 72.2328], [91.6068, 83.9377, 93.5821, 88.565, 37.8933, 72.2328], [91.6068, 83.9377, 93.5821, 88.565, 37.8933, 72.2328], [91.6068, 83.9377, 93.5821, 88.565, 37.8933, 72.2328], [91.6068, 83.9377, 93.5821, 88.565, 37.8933, 72.2328], [91.6068, 83.9377, 93.5821, 88.565, 37.8933, 72.2328]], "total_test_time": 2298.7142341136932, "total_train_time": 835.7410564422607}
{"round": 17, "acc": [[91.8277, 83.9943, 93.6092, 88.6611, 38.0533, 72.2328], [91.8277, 83.9943, 93.6092, 88.6611, 38.0533, 72.2328], [91.8277, 83.9943, 93.6092, 88.6611, 38.0533, 72.2328], [91.8277, 83.9943, 93.6092, 88.6611, 38.0533, 72.2328], [91.8277, 83.9943, 93.6092, 88.6611, 38.0533, 72.2328], [91.8277, 83.9943, 93.6092, 88.6611, 38.0533, 72.2328]], "total_test_time": 2586.856559276581, "total_train_time": 1180.628071308136}
{"round": 27, "acc": [[91.8829, 83.796, 93.6228, 88.4369, 37.9333, 71.9466], [91.8829, 83.796, 93.6228, 88.4369, 37.9333, 71.9466], [91.8829, 83.796, 93.6228, 88.4369, 37.9333, 71.9466], [91.8829, 83.796, 93.6228, 88.4369, 37.9333, 71.9466], [91.8829, 83.796, 93.6228, 88.4369, 37.9333, 71.9466], [91.8829, 83.796, 93.6228, 88.4369, 37.9333, 71.9466]], "total_test_time": 2869.9298577308655, "total_train_time": 1872.850519657135}
