{"base_model": "CLIP", "dataset": "data2", "subset_size": 100, "image_encoder_name": "ViT-B-32", "optimizer": "AdamW", "batch_size": 128, "learning_rate": 0.001, "global_rounds": 50, "local_epochs": 1, "warm_up": 5, "seed": 1}
{"round": 49, "acc": [[88.6808, 82.0464, 92.0863, 82.8118, 28.9933, 66.8259], [87.985, 82.7018, 91.8645, 82.7076, 25.1, 66.8558], [87.6371, 81.9185, 91.9586, 82.5198, 25.6533, 65.5718], [87.7442, 81.3749, 91.8913, 83.2916, 28.6333, 65.9898], [87.6639, 80.9752, 91.8645, 83.3333, 29.76, 65.0045], [87.7977, 81.231, 92.2477, 83.0413, 28.4333, 69.6924]], "total_test_time": 0.0002522468566894531, "total_train_time": 7955.16504240036}
