{"base_model": "CLIP", "dataset": "office", "subset_size": 100, "image_encoder_name": "ViT-B-32", "optimizer": "AdamW", "batch_size": 32, "learning_rate": 0.001, "global_rounds": 200, "local_epochs": 1, "warm_up": 10, "seed": 1}
{"round": 0, "acc": [[77.0, 94.2806, 92.3497, 83.6052], [77.0, 94.2806, 92.3497, 83.6052], [77.0, 94.2806, 92.3497, 83.6052], [77.0, 94.2806, 92.3497, 83.6052]], "total_test_time": 0, "total_train_time": 0}
{"round": 1, "acc": [[77.0909, 94.504, 92.4408, 83.6868], [77.0909, 94.504, 92.4408, 83.6868], [77.0909, 94.504, 92.4408, 83.6868], [77.0909, 94.504, 92.4408, 83.6868]], "total_test_time": 688.044046163559, "total_train_time": 125.52292990684509}
{"round": 2, "acc": [[77.8636, 94.7274, 92.714, 84.0946], [77.8636, 94.7274, 92.714, 84.0946], [77.8636, 94.7274, 92.714, 84.0946], [77.8636, 94.7274, 92.714, 84.0946]], "total_test_time": 1369.8881118297577, "total_train_time": 250.7660036087036}
{"round": 3, "acc": [[78.8636, 94.8615, 92.8051, 84.1762], [78.8636, 94.8615, 92.8051, 84.1762], [78.8636, 94.8615, 92.8051, 84.1762], [78.8636, 94.8615, 92.8051, 84.1762]], "total_test_time": 2051.2951118946075, "total_train_time": 376.15662264823914}
{"round": 4, "acc": [[78.8182, 95.0849, 92.8962, 84.0946], [78.8182, 95.0849, 92.8962, 84.0946], [78.8182, 95.0849, 92.8962, 84.0946], [78.8182, 95.0849, 92.8962, 84.0946]], "total_test_time": 2732.2143285274506, "total_train_time": 503.05479860305786}
{"round": 5, "acc": [[79.6364, 95.3083, 92.7596, 83.1158], [79.6364, 95.3083, 92.7596, 83.1158], [79.6364, 95.3083, 92.7596, 83.1158], [79.6364, 95.3083, 92.7596, 83.1158]], "total_test_time": 3415.145737171173, "total_train_time": 629.3869180679321}
{"round": 15, "acc": [[75.7273, 91.8231, 85.3825, 74.1436], [75.7273, 91.8231, 85.3825, 74.1436], [75.7273, 91.8231, 85.3825, 74.1436], [75.7273, 91.8231, 85.3825, 74.1436]], "total_test_time": 4094.2409796714783, "total_train_time": 1889.2396759986877}
