{"base_model": "CLIP", "dataset": "data", "subset_size": 100, "image_encoder_name": "ViT-B-32", "optimizer": "AdamW", "batch_size": 32, "learning_rate": 0.001, "global_rounds": 200, "local_epochs": 1, "warm_up": 10, "seed": 1}
{"round": 0, "acc": [[88.0921, 82.462, 92.2208, 83.5419, 28.2667, 67.6023], [88.0921, 82.462, 92.2208, 83.5419, 28.2667, 67.6023], [88.0921, 82.462, 92.2208, 83.5419, 28.2667, 67.6023], [88.0921, 82.462, 92.2208, 83.5419, 28.2667, 67.6023], [88.0921, 82.462, 92.2208, 83.5419, 28.2667, 67.6023], [88.0921, 82.462, 92.2208, 83.5419, 28.2667, 67.6023]], "total_test_time": 0, "total_train_time": 0}
{"round": 1, "acc": [[88.547, 82.7338, 92.483, 83.9383, 28.8467, 68.3488], [88.547, 82.7338, 92.483, 83.9383, 28.8467, 68.3488], [88.547, 82.7338, 92.483, 83.9383, 28.8467, 68.3488], [88.547, 82.7338, 92.483, 83.9383, 28.8467, 68.3488], [88.547, 82.7338, 92.483, 83.9383, 28.8467, 68.3488], [88.547, 82.7338, 92.483, 83.9383, 28.8467, 68.3488]], "total_test_time": 633.2177410125732, "total_train_time": 127.54427194595337}
{"round": 2, "acc": [[88.5737, 82.9416, 92.5906, 84.272, 29.4667, 68.6474], [88.5737, 82.9416, 92.5906, 84.272, 29.4667, 68.6474], [88.5737, 82.9416, 92.5906, 84.272, 29.4667, 68.6474], [88.5737, 82.9416, 92.5906, 84.272, 29.4667, 68.6474], [88.5737, 82.9416, 92.5906, 84.272, 29.4667, 68.6474], [88.5737, 82.9416, 92.5906, 84.272, 29.4667, 68.6474]], "total_test_time": 1272.5301158428192, "total_train_time": 255.82295298576355}
{"round": 3, "acc": [[88.8146, 83.1974, 92.5973, 84.3346, 29.88, 68.8265], [88.8146, 83.1974, 92.5973, 84.3346, 29.88, 68.8265], [88.8146, 83.1974, 92.5973, 84.3346, 29.88, 68.8265], [88.8146, 83.1974, 92.5973, 84.3346, 29.88, 68.8265], [88.8146, 83.1974, 92.5973, 84.3346, 29.88, 68.8265], [88.8146, 83.1974, 92.5973, 84.3346, 29.88, 68.8265]], "total_test_time": 1906.7617428302765, "total_train_time": 383.83811688423157}
{"round": 4, "acc": [[88.8413, 83.2934, 92.6175, 84.4806, 30.1933, 69.0057], [88.8413, 83.2934, 92.6175, 84.4806, 30.1933, 69.0057], [88.8413, 83.2934, 92.6175, 84.4806, 30.1933, 69.0057], [88.8413, 83.2934, 92.6175, 84.4806, 30.1933, 69.0057], [88.8413, 83.2934, 92.6175, 84.4806, 30.1933, 69.0057], [88.8413, 83.2934, 92.6175, 84.4806, 30.1933, 69.0057]], "total_test_time": 2543.035711288452, "total_train_time": 512.3617775440216}
{"round": 5, "acc": [[88.8413, 83.5172, 92.6511, 84.4597, 30.3533, 68.9758], [88.8413, 83.5172, 92.6511, 84.4597, 30.3533, 68.9758], [88.8413, 83.5172, 92.6511, 84.4597, 30.3533, 68.9758], [88.8413, 83.5172, 92.6511, 84.4597, 30.3533, 68.9758], [88.8413, 83.5172, 92.6511, 84.4597, 30.3533, 68.9758], [88.8413, 83.5172, 92.6511, 84.4597, 30.3533, 68.9758]], "total_test_time": 3174.5470502376556, "total_train_time": 640.492199420929}
{"round": 6, "acc": [[88.9216, 83.4213, 92.6511, 84.5849, 30.46, 69.0654], [88.9216, 83.4213, 92.6511, 84.5849, 30.46, 69.0654], [88.9216, 83.4213, 92.6511, 84.5849, 30.46, 69.0654], [88.9216, 83.4213, 92.6511, 84.5849, 30.46, 69.0654], [88.9216, 83.4213, 92.6511, 84.5849, 30.46, 69.0654], [88.9216, 83.4213, 92.6511, 84.5849, 30.46, 69.0654]], "total_test_time": 3810.387508869171, "total_train_time": 768.4785463809967}
{"round": 7, "acc": [[89.0019, 83.5971, 92.7452, 84.5223, 30.6867, 69.1848], [89.0019, 83.5971, 92.7452, 84.5223, 30.6867, 69.1848], [89.0019, 83.5971, 92.7452, 84.5223, 30.6867, 69.1848], [89.0019, 83.5971, 92.7452, 84.5223, 30.6867, 69.1848], [89.0019, 83.5971, 92.7452, 84.5223, 30.6867, 69.1848], [89.0019, 83.5971, 92.7452, 84.5223, 30.6867, 69.1848]], "total_test_time": 4441.566843986511, "total_train_time": 895.8778891563416}
{"round": 14, "acc": [[89.0019, 83.5811, 92.7452, 84.5432, 30.6267, 69.1848], [89.0019, 83.5811, 92.7452, 84.5432, 30.6267, 69.1848], [89.0019, 83.5811, 92.7452, 84.5432, 30.6267, 69.1848], [89.0019, 83.5811, 92.7452, 84.5432, 30.6267, 69.1848], [89.0019, 83.5811, 92.7452, 84.5432, 30.6267, 69.1848], [89.0019, 83.5811, 92.7452, 84.5432, 30.6267, 69.1848]], "total_test_time": 5072.957882881165, "total_train_time": 1797.0963158607483}
{"round": 21, "acc": [[89.0286, 83.5332, 92.6847, 84.5015, 30.64, 69.6327], [89.0286, 83.5332, 92.6847, 84.5015, 30.64, 69.6327], [89.0286, 83.5332, 92.6847, 84.5015, 30.64, 69.6327], [89.0286, 83.5332, 92.6847, 84.5015, 30.64, 69.6327], [89.0286, 83.5332, 92.6847, 84.5015, 30.64, 69.6327], [89.0286, 83.5332, 92.6847, 84.5015, 30.64, 69.6327]], "total_test_time": 5705.814254283905, "total_train_time": 2699.6720888614655}
{"round": 23, "acc": [[89.1892, 83.6771, 92.7318, 84.5849, 30.7933, 69.6626], [89.1892, 83.6771, 92.7318, 84.5849, 30.7933, 69.6626], [89.1892, 83.6771, 92.7318, 84.5849, 30.7933, 69.6626], [89.1892, 83.6771, 92.7318, 84.5849, 30.7933, 69.6626], [89.1892, 83.6771, 92.7318, 84.5849, 30.7933, 69.6626], [89.1892, 83.6771, 92.7318, 84.5849, 30.7933, 69.6626]], "total_test_time": 6338.905844211578, "total_train_time": 2956.809053659439}
{"round": 33, "acc": [[89.1089, 83.725, 92.6713, 84.6683, 30.6333, 69.2147], [89.1089, 83.725, 92.6713, 84.6683, 30.6333, 69.2147], [89.1089, 83.725, 92.6713, 84.6683, 30.6333, 69.2147], [89.1089, 83.725, 92.6713, 84.6683, 30.6333, 69.2147], [89.1089, 83.725, 92.6713, 84.6683, 30.6333, 69.2147], [89.1089, 83.725, 92.6713, 84.6683, 30.6333, 69.2147]], "total_test_time": 6972.1356081962585, "total_train_time": 4245.548370361328}
