{"base_model": "CLIP", "dataset": "data", "subset_size": 10, "image_encoder_name": "ViT-B-16", "optimizer": "AdamW", "batch_size": 32, "learning_rate": 0.001, "global_rounds": 200, "local_epochs": 1, "warm_up": 10, "seed": 1}
{"round": 0, "acc": [[97.7273, 93.7572, 99.5893, 98.3019, 55.6, 90.8046], [97.7273, 93.7572, 99.5893, 98.3019, 55.6, 90.8046], [97.7273, 93.7572, 99.5893, 98.3019, 55.6, 90.8046], [97.7273, 93.7572, 99.5893, 98.3019, 55.6, 90.8046], [97.7273, 93.7572, 99.5893, 98.3019, 55.6, 90.8046], [97.7273, 93.7572, 99.5893, 98.3019, 55.6, 90.8046]], "total_test_time": 0, "total_train_time": 0}
{"round": 1, "acc": [[98.0519, 94.104, 99.5893, 98.3019, 56.9333, 90.8046], [98.0519, 94.104, 99.5893, 98.3019, 56.9333, 90.8046], [98.0519, 94.104, 99.5893, 98.3019, 56.9333, 90.8046], [98.0519, 94.104, 99.5893, 98.3019, 56.9333, 90.8046], [98.0519, 94.104, 99.5893, 98.3019, 56.9333, 90.8046], [98.0519, 94.104, 99.5893, 98.3019, 56.9333, 90.8046]], "total_test_time": 162.47310280799866, "total_train_time": 46.91130542755127}
{"round": 2, "acc": [[98.0519, 94.3353, 99.5893, 98.4906, 57.7333, 90.8046], [98.0519, 94.3353, 99.5893, 98.4906, 57.7333, 90.8046], [98.0519, 94.3353, 99.5893, 98.4906, 57.7333, 90.8046], [98.0519, 94.3353, 99.5893, 98.4906, 57.7333, 90.8046], [98.0519, 94.3353, 99.5893, 98.4906, 57.7333, 90.8046], [98.0519, 94.3353, 99.5893, 98.4906, 57.7333, 90.8046]], "total_test_time": 327.5111906528473, "total_train_time": 93.94505190849304}
{"round": 3, "acc": [[98.0519, 94.6821, 99.692, 98.4906, 60.0667, 91.3793], [98.0519, 94.6821, 99.692, 98.4906, 60.0667, 91.3793], [98.0519, 94.6821, 99.692, 98.4906, 60.0667, 91.3793], [98.0519, 94.6821, 99.692, 98.4906, 60.0667, 91.3793], [98.0519, 94.6821, 99.692, 98.4906, 60.0667, 91.3793], [98.0519, 94.6821, 99.692, 98.4906, 60.0667, 91.3793]], "total_test_time": 491.6144754886627, "total_train_time": 140.57933115959167}
{"round": 4, "acc": [[98.3766, 95.1445, 99.692, 98.4906, 62.1333, 91.3793], [98.3766, 95.1445, 99.692, 98.4906, 62.1333, 91.3793], [98.3766, 95.1445, 99.692, 98.4906, 62.1333, 91.3793], [98.3766, 95.1445, 99.692, 98.4906, 62.1333, 91.3793], [98.3766, 95.1445, 99.692, 98.4906, 62.1333, 91.3793], [98.3766, 95.1445, 99.692, 98.4906, 62.1333, 91.3793]], "total_test_time": 657.8138654232025, "total_train_time": 188.65495657920837}
{"round": 5, "acc": [[98.3766, 95.2601, 99.692, 98.4906, 63.2667, 91.3793], [98.3766, 95.2601, 99.692, 98.4906, 63.2667, 91.3793], [98.3766, 95.2601, 99.692, 98.4906, 63.2667, 91.3793], [98.3766, 95.2601, 99.692, 98.4906, 63.2667, 91.3793], [98.3766, 95.2601, 99.692, 98.4906, 63.2667, 91.3793], [98.3766, 95.2601, 99.692, 98.4906, 63.2667, 91.3793]], "total_test_time": 824.2659740447998, "total_train_time": 236.42757725715637}
{"round": 6, "acc": [[98.3766, 95.3757, 99.692, 98.6792, 64.4667, 91.3793], [98.3766, 95.3757, 99.692, 98.6792, 64.4667, 91.3793], [98.3766, 95.3757, 99.692, 98.6792, 64.4667, 91.3793], [98.3766, 95.3757, 99.692, 98.6792, 64.4667, 91.3793], [98.3766, 95.3757, 99.692, 98.6792, 64.4667, 91.3793], [98.3766, 95.3757, 99.692, 98.6792, 64.4667, 91.3793]], "total_test_time": 991.420981168747, "total_train_time": 284.18425846099854}
{"round": 7, "acc": [[98.3766, 95.8382, 99.692, 98.4906, 64.8667, 90.8046], [98.3766, 95.8382, 99.692, 98.4906, 64.8667, 90.8046], [98.3766, 95.8382, 99.692, 98.4906, 64.8667, 90.8046], [98.3766, 95.8382, 99.692, 98.4906, 64.8667, 90.8046], [98.3766, 95.8382, 99.692, 98.4906, 64.8667, 90.8046], [98.3766, 95.8382, 99.692, 98.4906, 64.8667, 90.8046]], "total_test_time": 1158.612343788147, "total_train_time": 331.90213918685913}
{"round": 9, "acc": [[98.0519, 95.2601, 99.692, 98.6792, 66.4, 90.8046], [98.0519, 95.2601, 99.692, 98.6792, 66.4, 90.8046], [98.0519, 95.2601, 99.692, 98.6792, 66.4, 90.8046], [98.0519, 95.2601, 99.692, 98.6792, 66.4, 90.8046], [98.0519, 95.2601, 99.692, 98.6792, 66.4, 90.8046], [98.0519, 95.2601, 99.692, 98.6792, 66.4, 90.8046]], "total_test_time": 1325.2130243778229, "total_train_time": 427.1437563896179}
{"round": 10, "acc": [[97.4026, 95.2601, 99.692, 98.3019, 67.2, 90.8046], [97.4026, 95.2601, 99.692, 98.3019, 67.2, 90.8046], [97.4026, 95.2601, 99.692, 98.3019, 67.2, 90.8046], [97.4026, 95.2601, 99.692, 98.3019, 67.2, 90.8046], [97.4026, 95.2601, 99.692, 98.3019, 67.2, 90.8046], [97.4026, 95.2601, 99.692, 98.3019, 67.2, 90.8046]], "total_test_time": 1491.9546535015106, "total_train_time": 474.99275636672974}
{"round": 13, "acc": [[98.0519, 95.7225, 99.692, 98.3019, 68.5333, 92.5287], [98.0519, 95.7225, 99.692, 98.3019, 68.5333, 92.5287], [98.0519, 95.7225, 99.692, 98.3019, 68.5333, 92.5287], [98.0519, 95.7225, 99.692, 98.3019, 68.5333, 92.5287], [98.0519, 95.7225, 99.692, 98.3019, 68.5333, 92.5287], [98.0519, 95.7225, 99.692, 98.3019, 68.5333, 92.5287]], "total_test_time": 1658.261236667633, "total_train_time": 617.5937767028809}
{"round": 16, "acc": [[97.7273, 95.7225, 99.692, 98.6792, 69.6667, 91.954], [97.7273, 95.7225, 99.692, 98.6792, 69.6667, 91.954], [97.7273, 95.7225, 99.692, 98.6792, 69.6667, 91.954], [97.7273, 95.7225, 99.692, 98.6792, 69.6667, 91.954], [97.7273, 95.7225, 99.692, 98.6792, 69.6667, 91.954], [97.7273, 95.7225, 99.692, 98.6792, 69.6667, 91.954]], "total_test_time": 1824.7275462150574, "total_train_time": 759.1342120170593}
{"round": 26, "acc": [[97.0779, 95.1445, 99.692, 98.1132, 72.1333, 92.5287], [97.0779, 95.1445, 99.692, 98.1132, 72.1333, 92.5287], [97.0779, 95.1445, 99.692, 98.1132, 72.1333, 92.5287], [97.0779, 95.1445, 99.692, 98.1132, 72.1333, 92.5287], [97.0779, 95.1445, 99.692, 98.1132, 72.1333, 92.5287], [97.0779, 95.1445, 99.692, 98.1132, 72.1333, 92.5287]], "total_test_time": 1989.8356902599335, "total_train_time": 1233.6327495574951}
