{"round": 1, "acc": [[89.1624, 85.5955, 93.0007, 85.461, 27.88, 73.2756], [89.1624, 85.5955, 93.0007, 85.461, 27.88, 73.2756], [89.1624, 85.5955, 93.0007, 85.461, 27.88, 73.2756], [89.1624, 85.5955, 93.0007, 85.461, 27.88, 73.2756], [89.1624, 85.5955, 93.0007, 85.461, 27.88, 73.2756], [89.1624, 85.5955, 93.0007, 85.461, 27.88, 73.2756]], "total_test_time": 1114.7119224071503, "total_train_time": 315.3118567466736}
