{"base_model": "CLIP", "dataset": "data", "subset_size": 150, "image_encoder_name": "ViT-B-32", "optimizer": "AdamW", "batch_size": 32, "learning_rate": 0.001, "global_rounds": 200, "local_epochs": 1, "warm_up": 10, "seed": 1}
{"round": 0, "acc": [[85.4612, 78.2853, 90.3884, 79.5528, 24.6844, 62.0213], [85.4612, 78.2853, 90.3884, 79.5528, 24.6844, 62.0213], [85.4612, 78.2853, 90.3884, 79.5528, 24.6844, 62.0213], [85.4612, 78.2853, 90.3884, 79.5528, 24.6844, 62.0213], [85.4612, 78.2853, 90.3884, 79.5528, 24.6844, 62.0213], [85.4612, 78.2853, 90.3884, 79.5528, 24.6844, 62.0213]], "total_test_time": 0, "total_train_time": 0}
{"round": 1, "acc": [[85.7325, 79.1331, 90.6776, 79.9948, 25.28, 63.1235], [85.7325, 79.1331, 90.6776, 79.9948, 25.28, 63.1235], [85.7325, 79.1331, 90.6776, 79.9948, 25.28, 63.1235], [85.7325, 79.1331, 90.6776, 79.9948, 25.28, 63.1235], [85.7325, 79.1331, 90.6776, 79.9948, 25.28, 63.1235], [85.7325, 79.1331, 90.6776, 79.9948, 25.28, 63.1235]], "total_test_time": 1112.9703028202057, "total_train_time": 196.1734402179718}
{"round": 2, "acc": [[85.8762, 79.451, 90.7984, 80.3068, 26.0311, 63.5905], [85.8762, 79.451, 90.7984, 80.3068, 26.0311, 63.5905], [85.8762, 79.451, 90.7984, 80.3068, 26.0311, 63.5905], [85.8762, 79.451, 90.7984, 80.3068, 26.0311, 63.5905], [85.8762, 79.451, 90.7984, 80.3068, 26.0311, 63.5905], [85.8762, 79.451, 90.7984, 80.3068, 26.0311, 63.5905]], "total_test_time": 2241.397975206375, "total_train_time": 393.078031539917}
{"round": 3, "acc": [[86.0996, 79.716, 90.9581, 80.4108, 26.2978, 63.8894], [86.0996, 79.716, 90.9581, 80.4108, 26.2978, 63.8894], [86.0996, 79.716, 90.9581, 80.4108, 26.2978, 63.8894], [86.0996, 79.716, 90.9581, 80.4108, 26.2978, 63.8894], [86.0996, 79.716, 90.9581, 80.4108, 26.2978, 63.8894], [86.0996, 79.716, 90.9581, 80.4108, 26.2978, 63.8894]], "total_test_time": 3368.32257270813, "total_train_time": 589.9232358932495}
{"round": 4, "acc": [[86.1634, 79.8961, 90.9625, 80.5018, 26.8089, 63.9641], [86.1634, 79.8961, 90.9625, 80.5018, 26.8089, 63.9641], [86.1634, 79.8961, 90.9625, 80.5018, 26.8089, 63.9641], [86.1634, 79.8961, 90.9625, 80.5018, 26.8089, 63.9641], [86.1634, 79.8961, 90.9625, 80.5018, 26.8089, 63.9641], [86.1634, 79.8961, 90.9625, 80.5018, 26.8089, 63.9641]], "total_test_time": 4485.884336471558, "total_train_time": 785.6912531852722}
{"round": 5, "acc": [[86.1475, 79.9173, 91.0229, 80.5148, 26.8533, 64.1883], [86.1475, 79.9173, 91.0229, 80.5148, 26.8533, 64.1883], [86.1475, 79.9173, 91.0229, 80.5148, 26.8533, 64.1883], [86.1475, 79.9173, 91.0229, 80.5148, 26.8533, 64.1883], [86.1475, 79.9173, 91.0229, 80.5148, 26.8533, 64.1883], [86.1475, 79.9173, 91.0229, 80.5148, 26.8533, 64.1883]], "total_test_time": 5613.7190136909485, "total_train_time": 981.8059394359589}
{"round": 6, "acc": [[86.3549, 79.9597, 91.0703, 80.4888, 27.0489, 64.2817], [86.3549, 79.9597, 91.0703, 80.4888, 27.0489, 64.2817], [86.3549, 79.9597, 91.0703, 80.4888, 27.0489, 64.2817], [86.3549, 79.9597, 91.0703, 80.4888, 27.0489, 64.2817], [86.3549, 79.9597, 91.0703, 80.4888, 27.0489, 64.2817], [86.3549, 79.9597, 91.0703, 80.4888, 27.0489, 64.2817]], "total_test_time": 6739.941253662109, "total_train_time": 1176.1974964141846}
{"round": 16, "acc": [[86.4347, 80.1187, 91.1178, 80.5927, 27.2889, 64.3378], [86.4347, 80.1187, 91.1178, 80.5927, 27.2889, 64.3378], [86.4347, 80.1187, 91.1178, 80.5927, 27.2889, 64.3378], [86.4347, 80.1187, 91.1178, 80.5927, 27.2889, 64.3378], [86.4347, 80.1187, 91.1178, 80.5927, 27.2889, 64.3378], [86.4347, 80.1187, 91.1178, 80.5927, 27.2889, 64.3378]], "total_test_time": 7860.749390363693, "total_train_time": 3151.1879308223724}
