{"base_model": "CLIP", "dataset": "domainnet", "subset_size": 150, "image_encoder_name": "ViT-B-32", "optimizer": "AdamW", "batch_size": 32, "learning_rate": 0.001, "global_rounds": 200, "local_epochs": 1, "warm_up": 10, "seed": 1}
{"round": 0, "acc": [[85.4612, 78.2853, 90.3884, 79.5528, 24.6844, 62.0213], [85.4612, 78.2853, 90.3884, 79.5528, 24.6844, 62.0213], [85.4612, 78.2853, 90.3884, 79.5528, 24.6844, 62.0213], [85.4612, 78.2853, 90.3884, 79.5528, 24.6844, 62.0213], [85.4612, 78.2853, 90.3884, 79.5528, 24.6844, 62.0213], [85.4612, 78.2853, 90.3884, 79.5528, 24.6844, 62.0213]], "total_test_time": 0, "total_train_time": 0}
{"round": 1, "acc": [[85.7325, 79.2285, 90.7078, 80.0078, 25.2578, 63.1795], [85.7325, 79.2285, 90.7078, 80.0078, 25.2578, 63.1795], [85.7325, 79.2285, 90.7078, 80.0078, 25.2578, 63.1795], [85.7325, 79.2285, 90.7078, 80.0078, 25.2578, 63.1795], [85.7325, 79.2285, 90.7078, 80.0078, 25.2578, 63.1795], [85.7325, 79.2285, 90.7078, 80.0078, 25.2578, 63.1795]], "total_test_time": 1235.0424587726593, "total_train_time": 226.79135394096375}
{"round": 2, "acc": [[85.9879, 79.4404, 90.7726, 80.4368, 25.9867, 63.6839], [85.9879, 79.4404, 90.7726, 80.4368, 25.9867, 63.6839], [85.9879, 79.4404, 90.7726, 80.4368, 25.9867, 63.6839], [85.9879, 79.4404, 90.7726, 80.4368, 25.9867, 63.6839], [85.9879, 79.4404, 90.7726, 80.4368, 25.9867, 63.6839], [85.9879, 79.4404, 90.7726, 80.4368, 25.9867, 63.6839]], "total_test_time": 2482.485559463501, "total_train_time": 452.7180244922638}
{"round": 3, "acc": [[85.9879, 79.5994, 90.8934, 80.4628, 26.4489, 63.7586], [85.9879, 79.5994, 90.8934, 80.4628, 26.4489, 63.7586], [85.9879, 79.5994, 90.8934, 80.4628, 26.4489, 63.7586], [85.9879, 79.5994, 90.8934, 80.4628, 26.4489, 63.7586], [85.9879, 79.5994, 90.8934, 80.4628, 26.4489, 63.7586], [85.9879, 79.5994, 90.8934, 80.4628, 26.4489, 63.7586]], "total_test_time": 3729.323367357254, "total_train_time": 678.4942274093628}
{"round": 4, "acc": [[86.1794, 79.7478, 90.9711, 80.5927, 26.5067, 64.0015], [86.1794, 79.7478, 90.9711, 80.5927, 26.5067, 64.0015], [86.1794, 79.7478, 90.9711, 80.5927, 26.5067, 64.0015], [86.1794, 79.7478, 90.9711, 80.5927, 26.5067, 64.0015], [86.1794, 79.7478, 90.9711, 80.5927, 26.5067, 64.0015], [86.1794, 79.7478, 90.9711, 80.5927, 26.5067, 64.0015]], "total_test_time": 4990.327301025391, "total_train_time": 905.7187943458557}
{"round": 5, "acc": [[86.3071, 79.9703, 90.9495, 80.4628, 27.2089, 64.263], [86.3071, 79.9703, 90.9495, 80.4628, 27.2089, 64.263], [86.3071, 79.9703, 90.9495, 80.4628, 27.2089, 64.263], [86.3071, 79.9703, 90.9495, 80.4628, 27.2089, 64.263], [86.3071, 79.9703, 90.9495, 80.4628, 27.2089, 64.263], [86.3071, 79.9703, 90.9495, 80.4628, 27.2089, 64.263]], "total_test_time": 6257.610266685486, "total_train_time": 1133.4048631191254}
{"round": 15, "acc": [[86.4028, 80.0445, 91.1092, 80.6447, 27.4667, 64.5619], [86.4028, 80.0445, 91.1092, 80.6447, 27.4667, 64.5619], [86.4028, 80.0445, 91.1092, 80.6447, 27.4667, 64.5619], [86.4028, 80.0445, 91.1092, 80.6447, 27.4667, 64.5619], [86.4028, 80.0445, 91.1092, 80.6447, 27.4667, 64.5619], [86.4028, 80.0445, 91.1092, 80.6447, 27.4667, 64.5619]], "total_test_time": 7557.45113325119, "total_train_time": 3399.5546820163727}
{"round": 18, "acc": [[86.5464, 80.0551, 91.1135, 80.5538, 27.5467, 64.5059], [86.5464, 80.0551, 91.1135, 80.5538, 27.5467, 64.5059], [86.5464, 80.0551, 91.1135, 80.5538, 27.5467, 64.5059], [86.5464, 80.0551, 91.1135, 80.5538, 27.5467, 64.5059], [86.5464, 80.0551, 91.1135, 80.5538, 27.5467, 64.5059], [86.5464, 80.0551, 91.1135, 80.5538, 27.5467, 64.5059]], "total_test_time": 8904.937778711319, "total_train_time": 4080.3266372680664}
{"round": 21, "acc": [[86.5145, 80.1823, 91.1178, 80.5018, 27.5289, 64.5993], [86.5145, 80.1823, 91.1178, 80.5018, 27.5289, 64.5993], [86.5145, 80.1823, 91.1178, 80.5018, 27.5289, 64.5993], [86.5145, 80.1823, 91.1178, 80.5018, 27.5289, 64.5993], [86.5145, 80.1823, 91.1178, 80.5018, 27.5289, 64.5993], [86.5145, 80.1823, 91.1178, 80.5018, 27.5289, 64.5993]], "total_test_time": 10236.058678865433, "total_train_time": 4758.576054811478}
{"round": 22, "acc": [[86.4507, 80.2989, 91.1524, 80.7617, 27.4444, 64.5059], [86.4507, 80.2989, 91.1524, 80.7617, 27.4444, 64.5059], [86.4507, 80.2989, 91.1524, 80.7617, 27.4444, 64.5059], [86.4507, 80.2989, 91.1524, 80.7617, 27.4444, 64.5059], [86.4507, 80.2989, 91.1524, 80.7617, 27.4444, 64.5059], [86.4507, 80.2989, 91.1524, 80.7617, 27.4444, 64.5059]], "total_test_time": 11554.909785985947, "total_train_time": 4987.238051176071}
{"round": 31, "acc": [[86.3709, 80.2141, 91.161, 80.6187, 27.6044, 64.5059], [86.3709, 80.2141, 91.161, 80.6187, 27.6044, 64.5059], [86.3709, 80.2141, 91.161, 80.6187, 27.6044, 64.5059], [86.3709, 80.2141, 91.161, 80.6187, 27.6044, 64.5059], [86.3709, 80.2141, 91.161, 80.6187, 27.6044, 64.5059], [86.3709, 80.2141, 91.161, 80.6187, 27.6044, 64.5059]], "total_test_time": 12935.314706325531, "total_train_time": 7027.371253728867}
{"round": 41, "acc": [[86.4347, 80.2565, 91.161, 80.7097, 27.3733, 64.5993], [86.4347, 80.2565, 91.161, 80.7097, 27.3733, 64.5993], [86.4347, 80.2565, 91.161, 80.7097, 27.3733, 64.5993], [86.4347, 80.2565, 91.161, 80.7097, 27.3733, 64.5993], [86.4347, 80.2565, 91.161, 80.7097, 27.3733, 64.5993], [86.4347, 80.2565, 91.161, 80.7097, 27.3733, 64.5993]], "total_test_time": 14331.389591932297, "total_train_time": 9294.76471233368}
