{"base_model": "CLIP", "dataset": "domainnet", "subset_size": 50, "image_encoder_name": "ViT-B-16", "optimizer": "AdamW", "batch_size": 32, "learning_rate": 0.001, "global_rounds": 200, "local_epochs": 1, "warm_up": 10, "seed": 1}
{"round": 0, "acc": [[91.7725, 86.7139, 93.3514, 88.7892, 33.2133, 75.1431], [91.7725, 86.7139, 93.3514, 88.7892, 33.2133, 75.1431], [91.7725, 86.7139, 93.3514, 88.7892, 33.2133, 75.1431], [91.7725, 86.7139, 93.3514, 88.7892, 33.2133, 75.1431], [91.7725, 86.7139, 93.3514, 88.7892, 33.2133, 75.1431], [91.7725, 86.7139, 93.3514, 88.7892, 33.2133, 75.1431]], "total_test_time": 0, "total_train_time": 0}
{"round": 1, "acc": [[91.6621, 86.9405, 93.6364, 88.9174, 34.1333, 75.3817], [91.6621, 86.9405, 93.6364, 88.9174, 34.1333, 75.3817], [91.6621, 86.9405, 93.6364, 88.9174, 34.1333, 75.3817], [91.6621, 86.9405, 93.6364, 88.9174, 34.1333, 75.3817], [91.6621, 86.9405, 93.6364, 88.9174, 34.1333, 75.3817], [91.6621, 86.9405, 93.6364, 88.9174, 34.1333, 75.3817]], "total_test_time": 574.9417614936829, "total_train_time": 169.01182174682617}
{"round": 2, "acc": [[91.7725, 87.1105, 93.772, 89.1736, 34.8533, 75.6202], [91.7725, 87.1105, 93.772, 89.1736, 34.8533, 75.6202], [91.7725, 87.1105, 93.772, 89.1736, 34.8533, 75.6202], [91.7725, 87.1105, 93.772, 89.1736, 34.8533, 75.6202], [91.7725, 87.1105, 93.772, 89.1736, 34.8533, 75.6202], [91.7725, 87.1105, 93.772, 89.1736, 34.8533, 75.6202]], "total_test_time": 1151.2071511745453, "total_train_time": 338.5248041152954}
