{"base_model": "CLIP", "dataset": "PACS", "subset_size": 7, "image_encoder_name": "convnext_base", "optimizer": "AdamW", "batch_size": 32, "learning_rate": 0.001, "global_rounds": 200, "local_epochs": 1, "warm_up": 10, "seed": 1}
{"round": 0, "acc": [[99.7605, 76.1394, 96.2891, 98.3362], [99.7605, 76.1394, 96.2891, 98.3362], [99.7605, 76.1394, 96.2891, 98.3362], [99.7605, 76.1394, 96.2891, 98.3362]], "total_test_time": 0, "total_train_time": 0}
{"round": 1, "acc": [[99.7006, 80.9651, 94.9219, 98.4215], [99.7006, 85.5228, 94.4336, 98.7201], [99.7006, 79.0885, 95.8496, 98.1655], [99.6407, 82.0375, 94.3848, 98.7201]], "total_test_time": 92.94673418998718, "total_train_time": 21.883604764938354}
{"round": 2, "acc": [[99.7006, 81.7694, 95.3125, 97.9096], [99.7605, 90.6166, 92.8711, 98.5495], [99.7006, 80.6971, 96.8262, 97.7389], [99.7006, 82.0375, 94.5801, 98.8908]], "total_test_time": 191.27577328681946, "total_train_time": 42.88749074935913}
{"round": 3, "acc": [[99.7605, 79.6247, 95.5078, 97.5683], [99.7006, 90.0804, 92.2852, 98.3362], [99.6407, 77.748, 96.9238, 97.8669], [99.7006, 79.0885, 94.873, 99.0614]], "total_test_time": 289.61541175842285, "total_train_time": 63.953598976135254}
{"round": 4, "acc": [[99.7605, 81.5013, 94.5801, 97.9949], [99.7605, 94.6381, 90.7715, 98.1229], [99.7006, 75.8713, 97.4121, 97.5683], [99.5808, 74.7989, 94.3848, 99.1468]], "total_test_time": 388.27217721939087, "total_train_time": 84.97767949104309}
{"round": 5, "acc": [[99.7605, 83.378, 94.873, 98.4642], [99.7605, 95.4424, 89.209, 97.8669], [99.6407, 73.7265, 97.8027, 97.5256], [99.6407, 72.9223, 95.166, 99.4027]], "total_test_time": 486.49492049217224, "total_train_time": 106.01422905921936}
{"round": 6, "acc": [[99.9401, 81.5013, 93.0176, 98.3788], [99.7605, 96.5147, 86.8164, 97.7389], [99.6407, 74.7989, 97.2168, 97.8242], [99.7006, 72.6542, 94.6777, 99.4454]], "total_test_time": 584.7633430957794, "total_train_time": 126.91784381866455}
{"round": 7, "acc": [[99.8204, 88.2038, 93.8477, 98.4215], [99.7605, 97.319, 87.6465, 97.5683], [99.5808, 74.5308, 97.4121, 97.9096], [99.6407, 74.5308, 94.5801, 99.616]], "total_test_time": 682.9313454627991, "total_train_time": 147.9540843963623}
{"round": 8, "acc": [[99.8802, 80.9651, 94.4336, 97.5683], [99.5808, 97.5871, 89.2578, 97.3123], [99.7006, 71.0456, 97.998, 97.6109], [99.4611, 72.6542, 94.7266, 99.5734]], "total_test_time": 780.9833493232727, "total_train_time": 168.9816963672638}
{"round": 16, "acc": [[100.0, 79.0885, 93.2129, 97.1416], [99.3413, 97.8552, 80.0293, 96.715], [99.7006, 61.3941, 98.1934, 97.9096], [99.6407, 55.496, 94.5312, 99.9147]], "total_test_time": 879.4219863414764, "total_train_time": 336.2432746887207}
{"round": 21, "acc": [[100.0, 79.0885, 92.2852, 97.1843], [99.4611, 98.6595, 77.2949, 95.9898], [99.7006, 53.6193, 99.1211, 97.8669], [99.6407, 65.9517, 93.9941, 99.744]], "total_test_time": 977.8097167015076, "total_train_time": 440.93232583999634}
{"round": 22, "acc": [[100.0, 80.1609, 92.5781, 97.0137], [99.4611, 98.6595, 78.8574, 96.2457], [99.5808, 58.445, 98.9258, 98.3362], [99.4012, 63.0027, 94.1895, 99.872]], "total_test_time": 1076.1179480552673, "total_train_time": 461.92160201072693}
{"round": 32, "acc": [[100.0, 76.1394, 92.9199, 98.0802], [99.4012, 98.3914, 80.5176, 94.9659], [99.7006, 52.815, 99.2676, 97.6962], [99.4012, 63.5389, 94.9219, 99.872]], "total_test_time": 1174.4387481212616, "total_train_time": 683.3130352497101}
{"round": 42, "acc": [[100.0, 72.9223, 91.6016, 97.3123], [98.7425, 98.6595, 70.2148, 93.7713], [99.7605, 51.2064, 99.3652, 97.3976], [99.4012, 52.5469, 92.8711, 99.9147]], "total_test_time": 1316.0186471939087, "total_train_time": 891.9299249649048}
