{"base_model": "CLIP", "dataset": "domainnet", "subset_size": 50, "image_encoder_name": "convnext_base", "optimizer": "AdamW", "batch_size": 32, "learning_rate": 0.001, "global_rounds": 200, "local_epochs": 1, "warm_up": 10, "seed": 1}
{"round": 0, "acc": [[90.2816, 83.1445, 92.4695, 86.8674, 31.6, 74.4275], [90.2816, 83.1445, 92.4695, 86.8674, 31.6, 74.4275], [90.2816, 83.1445, 92.4695, 86.8674, 31.6, 74.4275], [90.2816, 83.1445, 92.4695, 86.8674, 31.6, 74.4275], [90.2816, 83.1445, 92.4695, 86.8674, 31.6, 74.4275], [90.2816, 83.1445, 92.4695, 86.8674, 31.6, 74.4275]], "total_test_time": 0, "total_train_time": 0}
{"round": 1, "acc": [[89.3981, 80.255, 91.1805, 85.8424, 35.9067, 70.4676], [88.9564, 81.4164, 90.9905, 85.2659, 35.2, 70.6107], [88.9564, 80.2266, 91.7775, 85.5221, 35.5067, 70.3721], [88.9012, 80.085, 91.2483, 86.2268, 36.08, 70.3721], [89.0116, 79.6884, 91.0991, 85.458, 40.1867, 70.229], [89.1773, 80.6799, 91.2754, 85.7143, 35.3733, 71.8034]], "total_test_time": 841.2704231739044, "total_train_time": 262.9731888771057}
{"round": 2, "acc": [[90.5025, 80.1133, 91.2483, 85.8104, 36.5467, 69.4179], [89.122, 81.7564, 90.8277, 85.0737, 34.6267, 70.4198], [89.2877, 79.6601, 91.8318, 85.2659, 34.8267, 68.6546], [89.3981, 79.5751, 91.194, 86.6752, 36.52, 69.4656], [88.6803, 79.3768, 90.9498, 84.7534, 46.0667, 69.4179], [89.0668, 80.5382, 91.3569, 85.3619, 34.9067, 72.6145]], "total_test_time": 2003.7114346027374, "total_train_time": 522.6890442371368}
{"round": 3, "acc": [[89.8951, 80.0, 90.9498, 85.4901, 36.0533, 69.084], [89.1773, 81.5297, 90.4613, 84.6573, 34.04, 69.8473], [88.1281, 79.1501, 91.6282, 85.0096, 34.2, 67.7481], [89.122, 79.5751, 91.0448, 86.5471, 36.0933, 68.9408], [88.1281, 78.5836, 90.7191, 84.3049, 50.7733, 68.0344], [88.4042, 80.5099, 91.1805, 85.1698, 33.84, 73.1393]], "total_test_time": 3168.8002512454987, "total_train_time": 783.3203542232513}
{"round": 4, "acc": [[90.2264, 80.0, 90.9905, 85.6182, 36.2667, 69.1794], [88.7907, 82.153, 90.5427, 84.6893, 33.7867, 70.1336], [88.6251, 79.5751, 91.8996, 84.9455, 33.3467, 68.416], [88.7355, 79.3484, 91.0041, 86.9315, 35.0667, 68.9408], [88.1281, 77.7904, 90.4885, 83.7604, 52.8667, 67.6527], [88.349, 80.3683, 91.1533, 85.394, 33.88, 73.1393]], "total_test_time": 4336.694923400879, "total_train_time": 1043.8463470935822}
{"round": 5, "acc": [[89.9503, 79.8017, 90.9227, 85.5862, 35.3733, 69.2271], [88.7355, 82.1246, 90.2442, 84.2088, 33.9867, 69.7996], [88.2938, 79.1501, 91.9946, 85.458, 33.0133, 66.9847], [88.8459, 78.9235, 90.8548, 87.0916, 35.1333, 68.8454], [87.2998, 76.5156, 89.9593, 82.8635, 54.88, 65.3149], [88.6251, 80.2833, 90.9362, 85.0737, 33.48, 73.9027]], "total_test_time": 5502.823322057724, "total_train_time": 1303.0519409179688}
{"round": 6, "acc": [[90.7786, 79.1785, 90.7191, 84.7213, 35.2933, 68.9885], [88.5146, 82.5496, 90.095, 83.9526, 34.3867, 68.9408], [88.2938, 79.0935, 92.0896, 85.2338, 31.9067, 68.416], [88.5146, 79.3768, 90.8277, 86.8674, 35.4267, 68.7023], [87.2446, 75.779, 89.6336, 82.0307, 58.68, 65.6489], [87.852, 79.7734, 90.597, 84.9455, 32.8667, 72.7099]], "total_test_time": 6662.425917625427, "total_train_time": 1562.7419464588165}
{"round": 7, "acc": [[90.6681, 79.4334, 90.8684, 85.0096, 35.84, 68.8454], [88.7907, 82.2663, 90.0, 83.9206, 32.4933, 69.1794], [88.0729, 77.932, 92.2659, 84.4331, 30.5067, 66.7462], [88.349, 78.3569, 90.4749, 86.6752, 35.24, 68.0821], [86.6924, 75.0708, 89.118, 81.3261, 56.3733, 63.3111], [87.9072, 79.6884, 90.597, 84.4331, 32.08, 73.187]], "total_test_time": 7824.923744678497, "total_train_time": 1824.076823234558}
{"round": 8, "acc": [[91.0547, 79.1785, 90.7734, 84.9776, 35.04, 68.7023], [88.349, 82.8329, 90.0, 83.6643, 31.4, 67.7004], [87.9625, 77.9887, 92.5373, 85.0416, 32.64, 67.9866], [88.8459, 78.4986, 90.502, 87.1557, 34.1333, 67.3664], [85.5329, 72.6062, 88.616, 79.8847, 58.3733, 62.6908], [87.079, 79.5184, 90.4613, 84.5932, 31.7867, 74.666]], "total_test_time": 9009.233597755432, "total_train_time": 2091.3384742736816}
{"round": 9, "acc": [[91.0547, 78.6402, 90.5699, 84.9776, 33.9467, 67.7481], [88.4042, 82.8895, 90.0136, 84.0487, 32.6133, 68.0821], [88.1281, 77.762, 92.4695, 84.5932, 29.1867, 67.4618], [88.1833, 77.9887, 90.1357, 87.508, 35.8267, 67.1756], [85.6433, 71.6147, 88.2768, 79.7566, 62.0133, 62.3569], [87.6311, 79.4618, 90.5156, 84.8174, 32.28, 73.8073]], "total_test_time": 10189.777451753616, "total_train_time": 2357.969455718994}
{"round": 12, "acc": [[90.9994, 78.3003, 90.4071, 84.9776, 35.7467, 67.6527], [87.7968, 82.1246, 89.2809, 83.4401, 33.12, 67.3187], [87.3551, 76.289, 93.1886, 83.2159, 26.0133, 65.7443], [88.9564, 76.9972, 90.0, 87.54, 36.0, 67.0324], [82.7167, 67.5921, 86.038, 75.4324, 62.44, 58.5878], [87.2446, 79.3484, 89.8915, 84.369, 31.52, 74.6183]], "total_test_time": 11371.240146398544, "total_train_time": 3159.1851918697357}
{"round": 22, "acc": [[91.4412, 78.4136, 88.9552, 83.6003, 34.3333, 64.8855], [87.5207, 83.4844, 89.2944, 83.4081, 27.1867, 67.0324], [86.4716, 76.2323, 93.5007, 82.3511, 29.0533, 65.0763], [88.2385, 76.5722, 88.8874, 87.4119, 33.5467, 64.5515], [77.5814, 57.3088, 76.0787, 68.2896, 63.64, 46.8511], [86.6372, 77.7904, 89.2673, 82.287, 30.64, 73.9981]], "total_test_time": 12557.88285112381, "total_train_time": 5828.8026785850525}
