{"base_model": "CLIP", "dataset": "domainnet", "subset_size": 50, "image_encoder_name": "RN101", "optimizer": "AdamW", "batch_size": 32, "learning_rate": 0.001, "global_rounds": 200, "local_epochs": 1, "warm_up": 10, "seed": 1}
{"round": 0, "acc": [[35.947, 39.1785, 60.3528, 35.4901, 5.3067, 26.6698], [36.1126, 48.4419, 67.0692, 39.2697, 6.5333, 28.4828], [36.9409, 48.4136, 68.2497, 40.3267, 6.1067, 31.5363], [32.6339, 39.7734, 59.2266, 36.419, 6.2667, 23.4733], [4.9696, 5.1558, 8.5889, 8.5202, 8.32, 3.3397], [33.8487, 35.5524, 58.2361, 32.5753, 5.0133, 25.2385]], "total_test_time": 0, "total_train_time": 0}
{"round": 1, "acc": [[48.7576, 38.4986, 55.346, 35.4901, 5.0533, 26.6698], [36.4992, 56.1473, 67.924, 35.1057, 4.3733, 27.1947], [35.7813, 53.1728, 69.6879, 34.4651, 5.0133, 26.6221], [36.4992, 30.9915, 45.7666, 40.2947, 6.04, 20.1813], [3.3131, 2.9462, 1.8725, 4.7726, 11.92, 1.5744], [41.8553, 36.4023, 51.5604, 30.6214, 4.6667, 28.4351]], "total_test_time": 367.5643775463104, "total_train_time": 119.85102319717407}
{"round": 2, "acc": [[47.6532, 36.7422, 54.3284, 33.0878, 4.9467, 23.9504], [31.143, 55.949, 64.6676, 32.9596, 4.12, 25.8588], [32.6339, 51.4731, 68.8331, 31.7745, 4.88, 24.4752], [31.0326, 26.8839, 41.0448, 37.1877, 5.08, 16.5076], [3.4787, 2.7479, 1.791, 3.7796, 15.2667, 1.6698], [38.8736, 37.4504, 51.9403, 28.8597, 4.08, 28.2443]], "total_test_time": 1134.9381868839264, "total_train_time": 239.32294511795044}
{"round": 3, "acc": [[45.3893, 36.4306, 52.6459, 30.3972, 4.5867, 23.1393], [29.5969, 55.2125, 63.2157, 30.9417, 4.3067, 24.4275], [32.3578, 50.8215, 69.6336, 30.7816, 4.7333, 22.7576], [28.5478, 26.8839, 39.6744, 37.6361, 4.7333, 15.8397], [2.9818, 3.1161, 1.791, 2.9789, 20.2667, 1.3836], [34.4009, 37.762, 51.194, 26.2012, 3.4933, 25.9065]], "total_test_time": 1901.721486568451, "total_train_time": 358.5245723724365}
{"round": 4, "acc": [[45.7206, 36.0057, 52.7544, 29.8527, 4.5067, 23.6641], [31.1982, 56.289, 62.9172, 31.198, 4.0, 25.6679], [32.7996, 51.1898, 69.4437, 31.3581, 4.52, 23.7118], [31.3087, 26.8272, 40.5292, 38.8853, 4.8667, 18.6069], [2.9266, 3.0312, 1.6554, 3.171, 22.0933, 1.7176], [33.3517, 34.8159, 47.0963, 23.7028, 3.3067, 25.4771]], "total_test_time": 2668.3981857299805, "total_train_time": 477.8722538948059}
{"round": 5, "acc": [[46.9354, 37.6204, 53.3514, 30.7175, 4.68, 23.4733], [31.9713, 57.5921, 62.9715, 32.0307, 4.48, 26.145], [32.8548, 51.8697, 70.0543, 31.9026, 4.7333, 24.3798], [32.3026, 26.9405, 40.3121, 39.9423, 5.0, 18.5115], [2.6505, 3.5977, 1.6961, 3.4273, 24.7067, 1.5267], [34.2904, 35.5524, 48.1547, 23.8629, 3.08, 26.0496]], "total_test_time": 3435.4501819610596, "total_train_time": 597.1902856826782}
{"round": 6, "acc": [[48.4263, 35.9773, 52.171, 31.1339, 4.6667, 24.0935], [30.7013, 57.5354, 63.0393, 31.4222, 4.4667, 25.1908], [32.5787, 51.5014, 69.7965, 30.7495, 4.68, 24.4752], [32.413, 27.1105, 41.7639, 41.8642, 5.48, 18.8931], [2.8713, 3.2861, 1.7503, 3.5554, 25.0667, 1.7653], [31.3087, 34.7592, 47.5577, 24.1192, 3.2133, 27.1947]], "total_test_time": 4200.70699262619, "total_train_time": 716.3968544006348}
{"round": 7, "acc": [[48.9232, 38.102, 52.9851, 31.1339, 5.0533, 23.9504], [31.64, 58.3569, 63.5007, 30.9417, 4.8933, 27.0038], [33.7935, 51.898, 70.5563, 31.9347, 4.9067, 25.7634], [30.7565, 25.864, 39.1045, 42.3767, 4.8267, 17.9866], [2.54, 3.5694, 2.1574, 3.8757, 27.16, 1.479], [33.6278, 37.9887, 50.7734, 25.3684, 3.2533, 28.1011]], "total_test_time": 4968.654416561127, "total_train_time": 835.8228890895844}
{"round": 17, "acc": [[52.6781, 38.3003, 54.057, 34.9135, 5.4, 24.4752], [35.5052, 59.0652, 64.8033, 33.6643, 5.4267, 27.624], [35.2844, 51.6714, 72.7408, 33.8885, 5.28, 26.3836], [33.4622, 31.2465, 41.9403, 43.786, 6.8933, 18.0344], [2.1535, 3.1161, 3.0393, 3.171, 31.4133, 1.5744], [33.683, 37.1388, 51.0041, 26.7777, 4.1733, 30.916]], "total_test_time": 5737.100220680237, "total_train_time": 2033.0290312767029}
