{"base_model": "CLIP", "dataset": "domainnet", "subset_size": 50, "image_encoder_name": "RN50", "optimizer": "AdamW", "batch_size": 32, "learning_rate": 0.001, "global_rounds": 200, "local_epochs": 1, "warm_up": 10, "seed": 1}
{"round": 0, "acc": [[33.5174, 38.5269, 58.711, 34.1127, 4.2533, 23.3302], [34.7874, 49.2918, 67.7476, 40.1345, 4.6533, 26.0496], [36.3335, 48.017, 67.8697, 38.6611, 5.6667, 25.5248], [31.7504, 38.0453, 57.0692, 35.7783, 4.72, 17.9866], [11.4301, 9.0935, 15.0611, 12.2357, 5.1867, 2.9103], [34.2904, 35.4674, 57.4084, 33.344, 5.0667, 23.4733]], "total_test_time": 0, "total_train_time": 0}
{"round": 1, "acc": [[46.9906, 37.9603, 52.6459, 34.5932, 4.1733, 25.0], [33.8487, 55.6941, 67.5712, 31.23, 3.2933, 25.6202], [32.7996, 51.3598, 68.9552, 28.6996, 3.7067, 22.9008], [36.3335, 32.4079, 49.7286, 37.6041, 3.9867, 19.895], [3.0922, 0.8499, 2.2117, 7.7194, 13.2, 1.9084], [37.0514, 34.3626, 50.6513, 28.2832, 3.6533, 27.0515]], "total_test_time": 284.472293138504, "total_train_time": 93.41623330116272}
{"round": 2, "acc": [[48.4815, 39.915, 55.2917, 29.7566, 4.28, 23.1393], [31.3639, 55.2975, 65.0339, 29.6605, 3.2933, 23.187], [31.64, 49.5467, 69.5387, 27.4183, 3.64, 23.6641], [33.7383, 30.8215, 47.9376, 36.0987, 3.68, 17.9389], [3.2579, 0.5666, 2.3609, 7.271, 20.2533, 2.5286], [32.8548, 36.5156, 51.5875, 24.4395, 3.2667, 25.9065]], "total_test_time": 973.2309308052063, "total_train_time": 186.20377159118652}
{"round": 3, "acc": [[48.6472, 39.2918, 54.3148, 28.5394, 4.32, 21.7557], [30.7013, 55.864, 63.46, 29.148, 3.3867, 21.5172], [32.0817, 49.4051, 69.1316, 27.5464, 3.6, 22.9008], [33.407, 29.745, 46.2008, 37.8603, 4.1333, 17.1756], [2.6505, 0.6516, 1.8182, 6.3741, 24.6267, 2.3855], [33.0204, 36.2323, 50.2578, 22.934, 2.8133, 25.6679]], "total_test_time": 1661.468697309494, "total_train_time": 279.88714599609375}
{"round": 4, "acc": [[49.9724, 38.7535, 53.365, 29.7566, 4.0667, 23.0439], [31.9161, 56.6856, 65.2103, 30.173, 3.5467, 22.6145], [30.9774, 46.4589, 68.5889, 26.2012, 3.5067, 21.708], [34.5665, 32.0113, 47.4763, 39.4939, 4.08, 17.0802], [3.0922, 0.5099, 2.7408, 5.5413, 26.3067, 2.7672], [33.6278, 35.1275, 49.3623, 22.0051, 2.8667, 25.2385]], "total_test_time": 2355.40532040596, "total_train_time": 372.45049476623535}
{"round": 5, "acc": [[51.3528, 38.6402, 52.7815, 29.8206, 4.2667, 22.0897], [30.7565, 56.7422, 63.4057, 29.3081, 3.0267, 21.4695], [32.5787, 48.0737, 69.6201, 27.7707, 3.5733, 22.6622], [35.3948, 31.983, 48.2632, 41.4478, 4.3467, 17.8435], [3.534, 0.5949, 2.9444, 6.246, 28.0533, 2.8626], [33.2965, 37.6204, 51.2483, 23.3504, 2.76, 25.9065]], "total_test_time": 3040.3801729679108, "total_train_time": 465.50736904144287}
{"round": 7, "acc": [[51.132, 36.9405, 52.863, 31.294, 3.9467, 22.4714], [32.3026, 58.0453, 63.2836, 31.5503, 3.2533, 22.376], [35.1739, 48.9235, 69.7965, 27.5464, 3.4667, 21.7557], [33.7383, 33.4844, 48.4803, 42.1525, 4.3867, 16.8416], [4.2518, 0.7082, 2.8223, 5.3171, 31.9467, 2.8626], [35.45, 35.7224, 51.8725, 24.5356, 2.52, 26.6698]], "total_test_time": 3732.189051389694, "total_train_time": 651.2051057815552}
{"round": 17, "acc": [[53.0646, 36.6289, 51.2754, 33.8245, 4.16, 22.0897], [33.5174, 59.7734, 63.3243, 31.5183, 3.8133, 26.1927], [36.3887, 47.4504, 71.3704, 31.1659, 3.9067, 25.0477], [34.7874, 32.8045, 45.1289, 47.2454, 6.1067, 17.9389], [5.1905, 2.7479, 2.2931, 4.2601, 34.6133, 1.9084], [34.0144, 35.7224, 51.1398, 27.2582, 2.5467, 29.7233]], "total_test_time": 4412.006330728531, "total_train_time": 1582.6127216815948}
