{"base_model": "CLIP", "dataset": "data", "subset_size": 100, "image_encoder_name": "ViT-B-32", "optimizer": "AdamW", "batch_size": 32, "learning_rate": 0.001, "global_rounds": 200, "local_epochs": 1, "warm_up": 10, "seed": 1}
{"round": 0, "acc": [[88.0921, 82.462, 92.2208, 83.5419, 28.2667, 67.6023], [88.0921, 82.462, 92.2208, 83.5419, 28.2667, 67.6023], [88.0921, 82.462, 92.2208, 83.5419, 28.2667, 67.6023], [88.0921, 82.462, 92.2208, 83.5419, 28.2667, 67.6023], [88.0921, 82.462, 92.2208, 83.5419, 28.2667, 67.6023], [88.0921, 82.462, 92.2208, 83.5419, 28.2667, 67.6023]], "total_test_time": 0, "total_train_time": 0}
{"round": 1, "acc": [[86.54, 77.522, 87.9177, 79.829, 22.0267, 60.3464], [86.2457, 79.2166, 88.0387, 79.6621, 20.7867, 60.4658], [86.433, 77.2182, 88.422, 79.3283, 20.3933, 61.1227], [86.0851, 77.2022, 87.8572, 80.5173, 21.7333, 60.9734], [86.0316, 77.0264, 87.6219, 79.0363, 29.52, 60.8838], [86.2992, 77.6179, 88.2135, 79.6829, 22.3267, 62.3171]], "total_test_time": 416.9341826438904, "total_train_time": 129.27319741249084}
{"round": 2, "acc": [[87.0484, 77.2982, 87.9917, 79.4326, 21.22, 60.0776], [86.1921, 79.4884, 87.8774, 79.3283, 20.2, 60.5852], [86.3794, 76.7226, 88.2068, 78.5774, 19.58, 60.1672], [85.7105, 76.9784, 87.7563, 80.9971, 21.1933, 60.5852], [85.2556, 76.1791, 87.5277, 78.3062, 37.8667, 60.436], [86.2457, 77.2982, 88.2404, 79.1823, 22.3867, 63.3025]], "total_test_time": 2251.203357696533, "total_train_time": 258.05930280685425}
{"round": 3, "acc": [[87.2893, 77.4101, 87.7698, 78.9946, 21.04, 59.4804], [86.0048, 79.6003, 87.6824, 79.37, 20.1067, 60.5255], [86.1386, 76.0032, 88.3413, 78.4105, 18.7667, 60.0478], [85.7372, 76.4029, 87.6219, 81.3308, 21.5933, 59.9582], [84.4795, 75.4916, 87.1041, 77.5761, 42.28, 59.9582], [86.1654, 77.2822, 88.2875, 78.8694, 22.2533, 63.3622]], "total_test_time": 4088.128458738327, "total_train_time": 386.4914846420288}
{"round": 4, "acc": [[87.5836, 77.1543, 87.4202, 78.8068, 21.56, 59.3013], [85.2823, 79.8721, 87.3328, 79.3492, 19.8067, 59.4207], [85.6837, 75.5875, 88.5901, 78.1185, 19.7133, 59.6297], [84.9612, 76.259, 87.4, 81.6646, 22.0733, 59.0923], [83.7035, 74.9001, 86.7881, 76.7835, 44.4133, 59.152], [85.6837, 76.8505, 88.153, 78.3897, 22.3467, 63.9893]], "total_test_time": 5940.334273576736, "total_train_time": 512.3214821815491}
{"round": 5, "acc": [[87.5836, 76.0991, 87.084, 78.4105, 22.3267, 58.6145], [85.2288, 79.6483, 87.084, 79.0363, 19.94, 58.4951], [85.2288, 75.5875, 88.7783, 77.889, 19.7467, 58.943], [84.9344, 76.1471, 87.0302, 81.9775, 22.58, 58.4951], [83.5162, 74.0528, 86.378, 75.9491, 46.4733, 58.5847], [85.9513, 76.1471, 87.9513, 78.1393, 22.48, 64.1087]], "total_test_time": 7770.187420606613, "total_train_time": 640.4605293273926}
{"round": 6, "acc": [[87.5033, 75.6994, 86.9092, 78.0976, 23.12, 58.5847], [85.1753, 79.7762, 86.7545, 78.8486, 20.6467, 57.45], [85.4429, 75.5076, 89.1347, 77.6596, 19.08, 58.7041], [84.8006, 75.3477, 86.8285, 81.9149, 23.1, 58.077], [82.8472, 72.7738, 85.7863, 74.8644, 48.96, 57.4201], [85.202, 75.2038, 87.2453, 77.7013, 22.52, 64.4073]], "total_test_time": 9627.183821678162, "total_train_time": 769.2095475196838}
{"round": 16, "acc": [[88.654, 72.9496, 85.4434, 76.7835, 22.7933, 56.7035], [84.2655, 81.263, 85.6989, 77.0547, 19.7867, 56.6438], [85.202, 74.3725, 90.2979, 76.4914, 21.3133, 56.9722], [84.988, 74.1647, 85.8603, 82.8744, 24.7733, 57.241], [75.9165, 61.9824, 78.35, 66.4581, 55.18, 47.3873], [83.9979, 72.1023, 86.2906, 75.9282, 22.9867, 65.9898]], "total_test_time": 11438.602617740631, "total_train_time": 2064.973534822464}
