{"base_model": "CLIP", "dataset": "data", "subset_size": 150, "image_encoder_name": "ViT-B-32", "optimizer": "AdamW", "batch_size": 32, "learning_rate": 0.001, "global_rounds": 200, "local_epochs": 1, "warm_up": 10, "seed": 1}
{"round": 0, "acc": [[85.4612, 78.2853, 90.3884, 79.5528, 24.6844, 62.0213], [85.4612, 78.2853, 90.3884, 79.5528, 24.6844, 62.0213], [85.4612, 78.2853, 90.3884, 79.5528, 24.6844, 62.0213], [85.4612, 78.2853, 90.3884, 79.5528, 24.6844, 62.0213], [85.4612, 78.2853, 90.3884, 79.5528, 24.6844, 62.0213], [85.4612, 78.2853, 90.3884, 79.5528, 24.6844, 62.0213]], "total_test_time": 0, "total_train_time": 0}
{"round": 1, "acc": [[83.4025, 73.2832, 86.2149, 75.6532, 20.7867, 54.6236], [83.195, 75.3921, 86.1416, 75.7962, 19.8978, 54.5302], [83.3067, 72.6473, 86.5688, 75.4972, 19.3733, 54.6236], [82.8918, 72.9017, 86.1804, 76.3811, 20.8, 55.5203], [82.5407, 72.1492, 85.6711, 74.7823, 27.5956, 54.7357], [82.8599, 72.7003, 86.4523, 75.5492, 21.4133, 57.1829]], "total_test_time": 642.107052564621, "total_train_time": 200.3838849067688}
{"round": 2, "acc": [[83.7376, 73.1454, 86.1416, 75.3412, 20.1778, 54.1379], [83.0354, 75.6147, 85.7747, 75.3282, 18.4978, 53.8203], [83.2908, 71.9479, 86.2322, 74.4053, 18.0533, 53.8576], [82.6205, 72.6367, 86.0596, 76.3811, 19.9911, 55.3895], [81.8385, 71.5345, 85.4294, 74.3143, 32.88, 54.2686], [82.3173, 72.0008, 86.3142, 73.9763, 20.8133, 57.295]], "total_test_time": 4804.268319368362, "total_train_time": 398.19775342941284}
{"round": 3, "acc": [[84.1845, 73.05, 85.8567, 74.8213, 20.2044, 53.8016], [82.7003, 76.2717, 85.2136, 75.1202, 18.4089, 52.9049], [83.0993, 71.7041, 86.3099, 74.6133, 19.3867, 53.017], [82.6365, 72.5519, 85.7963, 76.9141, 19.8533, 54.6236], [81.4555, 70.5702, 85.0065, 73.8983, 38.0533, 53.9137], [81.7587, 71.7359, 86.12, 73.2874, 20.44, 57.0334]], "total_test_time": 8960.200865745544, "total_train_time": 592.9165380001068}
{"round": 4, "acc": [[84.2962, 72.6473, 85.464, 74.1583, 19.7244, 52.9983], [82.5726, 76.1975, 84.8166, 75.0422, 18.4667, 51.5599], [82.3971, 70.7291, 86.5818, 74.4313, 17.9511, 52.7555], [82.3971, 72.0644, 85.3776, 77.382, 21.0533, 53.5214], [80.5139, 69.6376, 84.5447, 73.2484, 40.7556, 53.073], [81.264, 70.7821, 85.6798, 72.3385, 19.5822, 58.4158]], "total_test_time": 13101.842140197754, "total_train_time": 789.6385927200317}
{"round": 5, "acc": [[84.4558, 71.8949, 85.0108, 73.9503, 21.04, 52.9423], [82.1736, 76.1234, 84.4713, 74.6653, 18.3689, 50.9808], [82.3971, 70.4854, 86.9616, 74.2753, 19.2667, 52.3258], [82.046, 71.6299, 84.8166, 77.616, 20.7556, 52.5873], [79.7638, 68.8427, 83.9534, 72.0135, 43.9911, 52.4379], [81.0884, 69.8495, 85.1489, 72.0915, 19.6089, 57.818]], "total_test_time": 17237.198626041412, "total_train_time": 984.9707667827606}
{"round": 6, "acc": [[84.5037, 71.2272, 84.4109, 73.8983, 20.6667, 51.7467], [82.1577, 76.2399, 84.2685, 74.6003, 18.3511, 50.9808], [82.3492, 70.3052, 87.2335, 73.5864, 18.5511, 52.0082], [82.014, 70.6655, 84.3979, 77.85, 21.04, 51.728], [79.1254, 67.7618, 83.0039, 70.8696, 45.0711, 51.2049], [81.1044, 69.5846, 84.6655, 72.6765, 20.0311, 57.706]], "total_test_time": 21413.826845645905, "total_train_time": 1183.7903461456299}
{"round": 16, "acc": [[85.3335, 69.0017, 82.8701, 74.0153, 22.6356, 50.028], [81.9981, 77.872, 83.3966, 74.1323, 20.0089, 49.3929], [81.5672, 69.6588, 87.7902, 72.9624, 19.1378, 52.5126], [80.8331, 69.9661, 82.6845, 79.1239, 22.8089, 49.8599], [69.7893, 55.4472, 71.4415, 60.8995, 53.5867, 38.5391], [79.3967, 66.5854, 82.9003, 70.6616, 18.4667, 59.0697]], "total_test_time": 25648.256172418594, "total_train_time": 3185.172648668289}
