{"base_model": "CLIP", "dataset": "office", "subset_size": 100, "image_encoder_name": "ViT-B-32", "optimizer": "AdamW", "batch_size": 32, "learning_rate": 0.001, "global_rounds": 200, "local_epochs": 1, "warm_up": 10, "seed": 1}
{"round": 0, "acc": [[77.0, 94.2806, 92.3497, 83.6052], [77.0, 94.2806, 92.3497, 83.6052], [77.0, 94.2806, 92.3497, 83.6052], [77.0, 94.2806, 92.3497, 83.6052]], "total_test_time": 0, "total_train_time": 0}
{"round": 1, "acc": [[78.8636, 92.7167, 90.5282, 80.1794], [78.8182, 92.9848, 90.4827, 80.261], [78.7273, 92.8061, 90.4372, 80.4241], [78.6818, 92.8061, 90.4372, 80.5057]], "total_test_time": 647.1540584564209, "total_train_time": 128.07014751434326}
{"round": 2, "acc": [[79.3182, 92.7614, 90.3916, 80.3426], [78.7727, 93.1189, 90.5282, 80.3426], [78.5, 92.7614, 90.7559, 80.5057], [78.4545, 92.6273, 90.4372, 80.5057]], "total_test_time": 1372.7316198349, "total_train_time": 255.98135924339294}
{"round": 3, "acc": [[79.4545, 92.8508, 90.2095, 79.1191], [78.3182, 93.1635, 90.3005, 79.8532], [78.3182, 92.9848, 90.7559, 80.4241], [78.0455, 92.6273, 90.4827, 80.9951]], "total_test_time": 2100.194885969162, "total_train_time": 384.90367341041565}
{"round": 4, "acc": [[79.2727, 92.6273, 90.255, 79.3638], [78.3636, 93.2529, 90.1639, 79.2822], [78.0909, 93.1189, 90.847, 80.261], [78.1364, 92.5827, 90.1184, 81.4029]], "total_test_time": 2829.103952884674, "total_train_time": 512.3817272186279}
{"round": 5, "acc": [[79.7727, 92.6273, 90.1184, 79.4454], [77.8636, 93.3423, 90.0273, 78.5481], [78.2273, 92.9401, 90.6648, 80.0163], [77.5455, 92.4486, 90.3005, 81.4029]], "total_test_time": 3560.763962984085, "total_train_time": 639.5900735855103}
{"round": 6, "acc": [[79.3182, 92.538, 90.255, 78.6297], [77.5, 93.8338, 89.8452, 78.0587], [77.6818, 93.0295, 90.6193, 79.9347], [77.2273, 92.4486, 90.1639, 81.2398]], "total_test_time": 4290.925874948502, "total_train_time": 767.2420485019684}
{"round": 7, "acc": [[80.5909, 92.2699, 90.0273, 78.8744], [77.8182, 93.9231, 89.4353, 77.2431], [77.9545, 92.9848, 90.4827, 79.9347], [77.4545, 92.2252, 90.2095, 81.2398]], "total_test_time": 5019.38259935379, "total_train_time": 895.784126996994}
{"round": 17, "acc": [[79.9091, 91.5103, 88.8889, 76.509], [75.6364, 94.37, 88.7978, 76.2643], [76.1364, 92.4039, 89.4353, 77.5693], [76.5, 91.8231, 89.1621, 80.1794]], "total_test_time": 5747.774824619293, "total_train_time": 2172.930174589157}
