{"base_model": "CLIP", "dataset": "domainnet", "subset_size": 150, "image_encoder_name": "ViT-B-32", "optimizer": "AdamW", "batch_size": 32, "learning_rate": 0.001, "global_rounds": 200, "local_epochs": 1, "warm_up": 10, "seed": 1}
{"round": 0, "acc": [[85.4612, 78.2853, 90.3884, 79.5528, 24.6844, 62.0213], [85.4612, 78.2853, 90.3884, 79.5528, 24.6844, 62.0213], [85.4612, 78.2853, 90.3884, 79.5528, 24.6844, 62.0213], [85.4612, 78.2853, 90.3884, 79.5528, 24.6844, 62.0213], [85.4612, 78.2853, 90.3884, 79.5528, 24.6844, 62.0213], [85.4612, 78.2853, 90.3884, 79.5528, 24.6844, 62.0213]], "total_test_time": 0, "total_train_time": 0}
{"round": 1, "acc": [[83.4982, 73.5057, 86.2322, 75.7442, 20.9911, 54.4554], [83.2748, 75.3285, 86.1804, 75.6922, 19.8222, 54.362], [83.211, 72.8169, 86.4566, 75.5102, 19.8444, 54.5489], [82.9716, 72.9017, 86.0984, 76.4981, 20.8311, 55.184], [82.6205, 72.181, 85.7013, 74.9643, 27.0444, 54.3247], [82.9876, 72.6049, 86.4912, 75.6402, 21.4711, 57.1268]], "total_test_time": 774.6124446392059, "total_train_time": 231.16251397132874}
{"round": 2, "acc": [[83.8972, 73.3362, 86.1631, 75.0682, 19.8578, 54.25], [83.2269, 75.9326, 85.7963, 75.3152, 19.1333, 54.3434], [83.4982, 72.1174, 86.4135, 74.8473, 18.9378, 54.1379], [82.7162, 72.7851, 85.9732, 76.5761, 20.3644, 54.9785], [81.3438, 71.0471, 85.0237, 74.2883, 35.6044, 53.2972], [82.3811, 72.1492, 86.2883, 73.9633, 20.5956, 57.6686]], "total_test_time": 4894.671493053436, "total_train_time": 460.40224289894104}
{"round": 3, "acc": [[84.2004, 73.0076, 85.8394, 74.3013, 19.32, 53.8203], [83.0035, 76.2717, 85.3517, 74.9383, 18.4533, 53.1104], [82.812, 71.5981, 86.6595, 74.5483, 18.28, 53.428], [82.7003, 72.5095, 85.6798, 76.9921, 19.9689, 54.3994], [80.45, 69.7541, 84.5317, 73.4044, 39.4756, 52.9049], [81.5991, 71.3756, 86.0035, 72.4295, 19.6089, 57.2763]], "total_test_time": 8940.991003036499, "total_train_time": 690.4887981414795}
{"round": 4, "acc": [[84.4718, 72.7215, 85.3604, 74.3663, 20.2133, 53.5961], [82.6205, 76.2929, 84.7648, 74.7693, 18.9333, 52.4192], [82.5726, 71.0577, 86.5386, 74.1453, 18.7556, 52.9236], [82.2534, 71.6829, 85.2482, 77.733, 20.6889, 53.2225], [79.4446, 68.8957, 83.9361, 72.3905, 40.9644, 51.4478], [80.9927, 70.8351, 85.8697, 72.3125, 19.8267, 57.4444]], "total_test_time": 12933.989829301834, "total_train_time": 919.3043973445892}
{"round": 5, "acc": [[84.9505, 71.9373, 84.8382, 73.8983, 20.4267, 52.8115], [82.1417, 76.3989, 84.5533, 74.7173, 18.7111, 51.1863], [82.4449, 70.3688, 86.6638, 73.8594, 19.0089, 52.0829], [82.046, 71.2166, 84.8166, 77.798, 21.0933, 52.139], [78.9978, 67.9843, 83.1852, 71.3766, 44.0978, 50.8126], [81.248, 70.6761, 85.4812, 72.4815, 20.4, 58.4158]], "total_test_time": 16904.19919037819, "total_train_time": 1149.524930715561}
{"round": 6, "acc": [[84.5196, 71.1106, 84.1347, 73.9373, 21.3289, 52.195], [81.9662, 76.3141, 84.2857, 74.2363, 18.5556, 51.2236], [82.2853, 70.2204, 87.0047, 73.9633, 18.6933, 51.8401], [81.6789, 70.8245, 84.3677, 77.759, 21.44, 50.7753], [77.5295, 66.702, 82.3177, 70.0507, 47.1467, 49.0379], [80.6256, 69.7117, 84.7777, 72.2735, 19.7778, 56.9587]], "total_test_time": 20890.63663339615, "total_train_time": 1378.3384680747986}
{"round": 7, "acc": [[84.5196, 70.6655, 83.8714, 73.9113, 21.4444, 51.2983], [81.647, 76.3459, 84.4411, 74.3793, 18.9289, 51.8775], [82.429, 70.337, 86.8451, 74.3273, 18.3822, 51.5972], [81.7427, 70.337, 84.0699, 77.98, 21.88, 51.2983], [77.3061, 65.2501, 81.3509, 69.2318, 48.5556, 48.3654], [80.5298, 69.2242, 84.6267, 72.2345, 19.7911, 57.6686]], "total_test_time": 24938.267840385437, "total_train_time": 1608.0178294181824}
{"round": 17, "acc": [[85.4772, 68.9487, 82.8269, 73.4694, 21.96, 49.1313], [81.4076, 78.2323, 83.47, 74.5743, 20.1244, 51.8401], [81.1682, 70.0085, 88.0276, 72.6375, 19.3689, 51.6533], [80.482, 69.8707, 82.6327, 79.1109, 21.8711, 50.7566], [67.9062, 54.557, 70.6172, 60.3926, 54.1511, 37.2315], [78.6467, 66.2251, 83.0039, 69.9987, 19.1156, 58.9016]], "total_test_time": 28944.672362327576, "total_train_time": 3918.6156690120697}
