{"base_model": "CLIP", "dataset": "data", "subset_size": 50, "image_encoder_name": "ViT-B-32", "optimizer": "AdamW", "batch_size": 32, "learning_rate": 0.001, "global_rounds": 200, "local_epochs": 1, "warm_up": 10, "seed": 1}
{"round": 0, "acc": [[90.6129, 83.2011, 93.2022, 87.8283, 33.8267, 69.6565], [90.6129, 83.2011, 93.2022, 87.8283, 33.8267, 69.6565], [90.6129, 83.2011, 93.2022, 87.8283, 33.8267, 69.6565], [90.6129, 83.2011, 93.2022, 87.8283, 33.8267, 69.6565], [90.6129, 83.2011, 93.2022, 87.8283, 33.8267, 69.6565], [90.6129, 83.2011, 93.2022, 87.8283, 33.8267, 69.6565]], "total_test_time": 0, "total_train_time": 0}
{"round": 1, "acc": [[89.9503, 78.3003, 90.597, 85.8744, 29.0533, 65.7443], [89.3429, 79.6317, 90.5292, 85.8424, 27.6267, 65.7443], [89.3981, 78.0453, 90.9362, 85.7143, 28.28, 65.6011], [89.5638, 77.8754, 90.5563, 86.1947, 29.2533, 65.458], [89.5086, 78.2153, 90.5427, 85.1057, 35.9067, 65.4103], [89.8951, 78.5269, 90.7734, 85.6823, 28.68, 67.1279]], "total_test_time": 229.99563646316528, "total_train_time": 71.0952033996582}
{"round": 2, "acc": [[90.0055, 78.5269, 90.4342, 86.0987, 29.3333, 65.8397], [89.5086, 80.2833, 90.3528, 85.6823, 27.4133, 65.7443], [89.0116, 77.9887, 91.5468, 85.1698, 27.56, 64.8378], [89.5086, 77.6487, 90.4342, 86.1627, 28.96, 64.8855], [89.2325, 77.7054, 90.4613, 85.0416, 42.7867, 65.6011], [89.3981, 78.4703, 90.7191, 85.426, 28.2933, 68.0821]], "total_test_time": 810.9096047878265, "total_train_time": 138.82178950309753}
{"round": 3, "acc": [[90.2264, 78.2153, 90.2714, 85.8744, 28.9867, 65.7443], [89.7846, 80.5949, 90.2035, 85.5541, 26.6533, 65.458], [88.6803, 78.1586, 91.7096, 84.8495, 27.3867, 64.5038], [89.4533, 77.1955, 90.4206, 86.3869, 29.4267, 64.9809], [89.0668, 77.2238, 90.3799, 85.0096, 47.0133, 65.3626], [89.3981, 78.5836, 90.7327, 85.426, 28.0933, 68.7023]], "total_test_time": 1399.7168290615082, "total_train_time": 206.96335005760193}
{"round": 4, "acc": [[90.2264, 77.847, 90.3256, 85.394, 28.84, 65.9351], [89.5086, 80.6232, 90.0814, 85.6823, 25.1867, 65.6011], [88.5699, 77.5071, 91.6825, 85.0096, 27.0133, 64.4084], [89.5638, 77.0255, 90.3528, 86.5151, 29.12, 64.5038], [88.4594, 76.8555, 90.2035, 84.8815, 48.9733, 65.1718], [89.0668, 78.3853, 90.5834, 85.2659, 27.5733, 69.084]], "total_test_time": 1992.7084918022156, "total_train_time": 276.75005745887756}
{"round": 6, "acc": [[90.6129, 77.1105, 90.1493, 85.2338, 29.0267, 64.9332], [89.0116, 80.7082, 89.9322, 85.458, 24.5867, 64.9332], [88.7907, 76.0623, 91.8046, 84.5291, 25.6533, 63.5019], [89.122, 76.4589, 89.9322, 86.483, 26.4533, 63.1202], [88.2938, 75.8074, 89.8507, 84.337, 55.72, 63.2634], [89.122, 77.7337, 90.2307, 84.6252, 26.68, 68.6546]], "total_test_time": 2577.9407386779785, "total_train_time": 547.9859437942505}
{"round": 16, "acc": [[91.7725, 75.4391, 89.1045, 84.6252, 28.4533, 63.979], [88.8459, 81.6147, 89.2673, 85.1377, 22.6667, 61.9275], [88.6251, 76.2606, 92.8765, 84.3049, 27.16, 63.4065], [89.9503, 75.949, 89.0638, 87.7002, 27.4133, 62.1183], [83.4898, 67.7904, 86.4315, 78.2191, 65.2533, 56.9656], [88.6803, 75.5807, 89.2673, 83.4721, 28.4933, 70.9447]], "total_test_time": 3169.0285699367523, "total_train_time": 1254.2187769412994}
