{"base_model": "CLIP", "dataset": "data", "subset_size": 50, "image_encoder_name": "ViT-B-16", "optimizer": "AdamW", "batch_size": 32, "learning_rate": 0.001, "global_rounds": 200, "local_epochs": 1, "warm_up": 10, "seed": 1}
{"round": 0, "acc": [[91.7725, 86.7139, 93.3514, 88.7892, 33.2133, 75.1431], [91.7725, 86.7139, 93.3514, 88.7892, 33.2133, 75.1431], [91.7725, 86.7139, 93.3514, 88.7892, 33.2133, 75.1431], [91.7725, 86.7139, 93.3514, 88.7892, 33.2133, 75.1431], [91.7725, 86.7139, 93.3514, 88.7892, 33.2133, 75.1431], [91.7725, 86.7139, 93.3514, 88.7892, 33.2133, 75.1431]], "total_test_time": 0, "total_train_time": 0}
{"round": 1, "acc": [[90.7234, 81.6714, 91.7232, 87.7322, 27.3067, 71.3263], [90.392, 82.2663, 91.6418, 87.54, 26.9733, 71.5649], [90.392, 81.1331, 92.2795, 87.6361, 27.0133, 71.3263], [90.392, 80.9915, 91.6825, 88.3088, 27.4267, 71.1832], [90.3368, 81.2465, 91.7232, 87.8603, 32.88, 70.9924], [90.5577, 81.7847, 91.7368, 87.4119, 27.0, 72.2805]], "total_test_time": 842.8394782543182, "total_train_time": 262.634685754776}
{"round": 2, "acc": [[91.1651, 81.3031, 91.7639, 87.6041, 27.7333, 71.2786], [90.1712, 83.0878, 91.6011, 87.508, 26.7467, 71.2309], [89.7846, 80.4249, 92.483, 87.1236, 26.92, 70.1336], [90.2816, 80.0567, 91.6554, 88.533, 27.7333, 70.8015], [90.2264, 80.3116, 91.5468, 87.1236, 38.7067, 70.8015], [90.3368, 81.5014, 91.7775, 87.2197, 27.2267, 72.9485]], "total_test_time": 2007.8819060325623, "total_train_time": 521.8132002353668}
{"round": 3, "acc": [[91.1651, 81.1615, 91.7096, 87.8603, 28.4267, 70.8969], [90.1712, 83.7394, 91.5332, 87.6041, 26.0, 71.4218], [90.2264, 80.17, 92.3881, 87.1877, 27.1733, 69.9427], [90.1712, 79.2068, 91.6689, 88.5971, 27.4267, 70.7061], [90.1712, 79.6884, 91.5197, 86.7713, 44.3867, 69.3702], [90.2816, 81.5014, 91.6825, 87.3479, 27.8, 73.0916]], "total_test_time": 3177.041566133499, "total_train_time": 777.5969014167786}
{"round": 4, "acc": [[91.2755, 80.8499, 91.6282, 87.508, 29.0667, 70.5153], [90.2264, 84.0227, 91.5604, 87.7002, 26.0, 71.2309], [89.8951, 79.6034, 92.6459, 86.7393, 25.8, 69.5611], [90.3368, 78.8385, 91.5875, 88.6291, 28.08, 70.3721], [89.8951, 79.0652, 91.3704, 86.0987, 45.5067, 68.1298], [90.116, 81.3881, 91.5875, 87.3799, 28.0667, 73.9504]], "total_test_time": 4345.902398347855, "total_train_time": 1036.4337203502655}
{"round": 5, "acc": [[91.4412, 80.4533, 91.4518, 87.4119, 29.0933, 70.0859], [90.0607, 84.5892, 91.3161, 87.3799, 24.8267, 70.7061], [89.3429, 79.5751, 92.7137, 86.2268, 25.7067, 67.8435], [90.1712, 78.6402, 91.5197, 88.565, 27.28, 69.5611], [89.7846, 78.5836, 91.1398, 85.6502, 47.1467, 67.0324], [90.3368, 81.3598, 91.3433, 87.0916, 28.2, 74.3798]], "total_test_time": 5512.331423521042, "total_train_time": 1295.7361698150635}
{"round": 6, "acc": [[91.7173, 79.8584, 91.2754, 86.5791, 29.0933, 69.5134], [89.619, 84.6176, 91.1533, 86.8354, 23.84, 70.1813], [89.5086, 78.6969, 92.7951, 85.7463, 24.3867, 67.5095], [89.8951, 78.3286, 91.1262, 88.6291, 26.9867, 68.5115], [89.3981, 77.7337, 90.7327, 85.0416, 48.12, 66.0305], [90.116, 80.9348, 91.3161, 87.1557, 28.6267, 73.521]], "total_test_time": 6673.214361190796, "total_train_time": 1555.1157431602478}
{"round": 16, "acc": [[92.2695, 78.2436, 90.882, 86.0346, 28.4533, 68.0821], [88.5146, 84.8725, 90.19, 85.2659, 22.3467, 67.0324], [88.9564, 77.9603, 93.3379, 85.7463, 22.4267, 66.6508], [89.7846, 78.0453, 90.4749, 88.1166, 23.0267, 65.8397], [83.4346, 66.3173, 84.2198, 77.098, 58.9067, 50.2863], [89.3981, 79.6034, 90.8141, 86.3229, 25.3733, 73.6164]], "total_test_time": 7837.677287578583, "total_train_time": 4143.492873430252}
