{"base_model": "CLIP", "dataset": "domainnet", "subset_size": 50, "image_encoder_name": "ViT-B-32", "optimizer": "AdamW", "batch_size": 32, "learning_rate": 0.001, "global_rounds": 200, "local_epochs": 1, "warm_up": 10, "seed": 1}
{"round": 0, "acc": [[90.6129, 83.2011, 93.2022, 87.8283, 33.8267, 69.6565], [90.6129, 83.2011, 93.2022, 87.8283, 33.8267, 69.6565], [90.6129, 83.2011, 93.2022, 87.8283, 33.8267, 69.6565], [90.6129, 83.2011, 93.2022, 87.8283, 33.8267, 69.6565], [90.6129, 83.2011, 93.2022, 87.8283, 33.8267, 69.6565], [90.6129, 83.2011, 93.2022, 87.8283, 33.8267, 69.6565]], "total_test_time": 0, "total_train_time": 0}
{"round": 1, "acc": [[89.8399, 78.272, 90.5834, 85.9065, 29.3867, 65.6011], [89.2325, 79.8017, 90.5563, 85.8424, 27.8, 65.5534], [89.3981, 78.2153, 91.0176, 85.7783, 28.1333, 65.5057], [89.4533, 77.9037, 90.502, 86.0666, 29.5733, 65.3149], [89.6742, 78.3569, 90.5156, 85.3299, 36.5867, 65.4103], [89.7846, 78.4703, 90.7327, 85.8424, 28.9467, 67.0802]], "total_test_time": 274.5736753940582, "total_train_time": 79.0103051662445}
{"round": 2, "acc": [[89.7846, 78.272, 90.502, 86.0346, 29.2933, 65.792], [89.3981, 80.17, 90.3121, 85.6823, 27.6667, 66.126], [88.6803, 78.0737, 91.5468, 85.2659, 27.68, 65.2195], [89.619, 77.7054, 90.4749, 86.1947, 29.04, 65.458], [89.3981, 77.5637, 90.4613, 84.8495, 42.4667, 65.3626], [89.7294, 78.1303, 90.6784, 85.5221, 28.48, 68.416]], "total_test_time": 881.3901937007904, "total_train_time": 157.80188155174255}
{"round": 3, "acc": [[89.8951, 78.1586, 90.3799, 85.8104, 28.92, 65.792], [89.5638, 80.8215, 90.1628, 85.5541, 26.8267, 65.9828], [88.7907, 77.5354, 91.5875, 85.0096, 26.8667, 65.0286], [89.3981, 77.1388, 90.3935, 86.5151, 29.7067, 64.7901], [89.122, 77.4788, 90.4342, 84.8815, 48.16, 65.4103], [89.5086, 78.5269, 90.7056, 85.4901, 27.96, 68.416]], "total_test_time": 1493.8918747901917, "total_train_time": 236.0793378353119}
{"round": 4, "acc": [[90.3368, 77.762, 90.2985, 85.426, 30.0, 65.9828], [89.3981, 80.9632, 90.0543, 85.458, 25.56, 65.7443], [88.5699, 77.1955, 91.4925, 85.2659, 26.5467, 64.1698], [89.4533, 77.2238, 90.3528, 86.6111, 28.9467, 64.6947], [88.7907, 76.9688, 90.3121, 84.6893, 49.96, 65.792], [89.122, 78.272, 90.4071, 85.1057, 27.9467, 69.4179]], "total_test_time": 2104.224724292755, "total_train_time": 314.65302300453186}
{"round": 5, "acc": [[90.5025, 77.1671, 90.1085, 85.394, 28.8933, 65.2672], [88.9012, 80.8215, 89.9186, 85.4901, 23.7733, 64.8855], [88.6251, 77.0255, 91.7775, 85.0416, 25.5333, 64.2176], [89.6742, 76.4873, 89.905, 86.8674, 28.68, 63.3111], [88.8459, 76.3739, 90.0136, 84.337, 55.36, 64.6947], [89.0668, 78.2153, 90.2578, 84.9776, 27.1733, 69.2271]], "total_test_time": 2708.501158952713, "total_train_time": 393.14390444755554}
{"round": 15, "acc": [[91.5516, 74.7025, 89.0366, 84.5932, 28.1467, 63.2156], [89.122, 82.0113, 89.0638, 84.8815, 22.6, 61.7366], [88.1281, 74.7592, 92.6052, 83.344, 27.1733, 62.5], [89.8399, 75.2691, 89.0502, 87.508, 25.8267, 62.5], [83.9315, 68.3853, 86.4043, 77.7386, 61.8, 55.2958], [88.9012, 75.864, 89.1723, 83.8245, 26.6533, 71.0401]], "total_test_time": 3321.679594039917, "total_train_time": 1179.432044506073}
