{"base_model": "CLIP", "dataset": "domainnet", "subset_size": 100, "image_encoder_name": "ViT-B-32", "optimizer": "AdamW", "batch_size": 32, "learning_rate": 0.001, "global_rounds": 200, "local_epochs": 1, "warm_up": 10, "seed": 1}
{"round": 0, "acc": [[88.0921, 82.462, 92.2208, 83.5419, 28.2667, 67.6023], [88.0921, 82.462, 92.2208, 83.5419, 28.2667, 67.6023], [88.0921, 82.462, 92.2208, 83.5419, 28.2667, 67.6023], [88.0921, 82.462, 92.2208, 83.5419, 28.2667, 67.6023], [88.0921, 82.462, 92.2208, 83.5419, 28.2667, 67.6023], [88.0921, 82.462, 92.2208, 83.5419, 28.2667, 67.6023]], "total_test_time": 0, "total_train_time": 0}
{"round": 1, "acc": [[86.4062, 77.3941, 87.9917, 79.7038, 22.1867, 60.6748], [86.2189, 79.0408, 88.0992, 79.7872, 20.7133, 60.6151], [86.4597, 77.3781, 88.3615, 79.3283, 20.2667, 61.0033], [86.1119, 77.0743, 87.9043, 80.4547, 21.72, 60.9436], [86.2724, 76.8985, 87.6488, 78.932, 28.88, 60.9137], [86.2724, 77.6659, 88.1866, 79.7247, 22.3133, 62.2872]], "total_test_time": 290.33954882621765, "total_train_time": 91.85028028488159}
{"round": 2, "acc": [[86.9146, 77.3941, 87.9513, 79.4743, 21.1467, 60.1374], [86.1386, 79.5524, 87.8639, 79.224, 20.4933, 60.7047], [86.3259, 77.1543, 88.3547, 78.8277, 19.7867, 60.7345], [85.9245, 76.8665, 87.837, 80.559, 21.2867, 60.7047], [85.2556, 75.9552, 87.3596, 78.3479, 38.48, 60.2867], [86.1921, 77.3781, 88.2942, 79.224, 22.4067, 63.2428]], "total_test_time": 1493.3631026744843, "total_train_time": 183.63639760017395}
{"round": 3, "acc": [[87.2893, 77.0903, 87.7025, 79.0989, 20.9067, 59.7492], [86.1119, 79.6643, 87.6084, 78.9946, 20.2133, 60.4061], [86.1386, 76.1631, 88.2539, 78.3271, 19.3533, 59.8089], [85.7907, 76.275, 87.6353, 81.3308, 21.9267, 60.1971], [84.1317, 75.3957, 87.0436, 77.2215, 44.0, 59.6596], [86.1654, 77.1703, 88.1799, 78.9529, 22.6333, 63.4816]], "total_test_time": 2725.761878013611, "total_train_time": 275.339720249176}
{"round": 4, "acc": [[87.3963, 76.9784, 87.3933, 78.932, 21.0133, 59.0624], [85.7907, 79.6483, 87.1983, 78.8694, 20.7, 59.3909], [85.4429, 75.7794, 88.3816, 77.9516, 19.78, 59.6596], [85.6569, 76.4828, 87.3462, 81.7272, 21.8533, 59.2117], [83.8373, 74.6283, 86.5394, 76.554, 47.66, 58.7638], [85.6837, 76.9624, 88.0992, 78.3897, 22.36, 63.6907]], "total_test_time": 3964.0489661693573, "total_train_time": 366.92066860198975}
{"round": 5, "acc": [[87.5569, 76.0512, 87.0235, 78.8068, 21.2533, 58.6145], [85.5231, 79.6163, 87.0974, 79.1615, 19.9533, 58.3756], [85.6034, 75.6835, 88.6102, 77.889, 19.1, 59.3311], [85.3893, 76.0352, 87.0638, 81.5186, 22.3667, 59.0027], [82.9007, 73.3813, 85.8334, 75.3442, 49.0267, 58.3159], [85.6302, 76.5947, 87.9312, 78.2436, 22.22, 63.9594]], "total_test_time": 5201.674355983734, "total_train_time": 458.7796971797943}
{"round": 6, "acc": [[87.7442, 75.2518, 86.8016, 77.7013, 22.6, 58.4055], [84.988, 79.6803, 86.6268, 78.2854, 20.6067, 57.3604], [85.202, 75.4596, 88.8859, 78.3897, 19.9733, 58.8235], [84.7739, 75.5396, 86.7545, 82.4781, 22.4, 59.0624], [82.2853, 72.438, 85.2484, 74.4889, 50.5667, 57.5396], [85.1753, 75.5076, 87.3395, 78.0142, 22.74, 63.5712]], "total_test_time": 6462.142166852951, "total_train_time": 553.0976207256317}
{"round": 7, "acc": [[87.7977, 75.1559, 86.4654, 77.4301, 22.6667, 58.7937], [85.3893, 79.8881, 86.5125, 78.5774, 20.54, 56.5841], [85.4696, 75.1079, 89.2221, 77.743, 19.82, 58.3159], [85.0415, 75.7954, 86.5932, 82.1652, 22.9133, 56.7334], [81.9106, 71.303, 84.9055, 73.6546, 52.06, 56.9125], [84.9612, 74.9001, 87.1579, 77.6596, 22.4267, 63.7504]], "total_test_time": 7770.732647657394, "total_train_time": 647.416606426239}
{"round": 8, "acc": [[87.985, 74.6283, 86.0351, 77.7847, 21.9867, 57.4201], [85.0415, 80.1599, 86.3646, 78.4522, 19.7, 55.9271], [85.4696, 75.044, 89.3162, 77.2215, 19.7867, 57.3604], [84.5866, 75.3637, 86.5864, 82.3529, 23.1467, 56.375], [80.974, 70.008, 83.7558, 72.1527, 53.42, 55.3598], [84.8542, 74.8521, 86.7881, 77.8264, 22.4867, 64.2281]], "total_test_time": 9069.928971767426, "total_train_time": 740.6001255512238}
{"round": 18, "acc": [[88.7075, 72.438, 85.1946, 76.7626, 23.5667, 56.5841], [84.3993, 81.1191, 85.8603, 77.8056, 20.2933, 56.5841], [84.6936, 74.3725, 90.4054, 76.4914, 20.3067, 57.6291], [84.5598, 73.5572, 85.7594, 83.3751, 23.7733, 55.748], [75.97, 60.8793, 76.5817, 66.166, 57.6933, 46.5512], [83.9443, 71.8305, 86.304, 75.8031, 23.4267, 66.3183]], "total_test_time": 10313.41301703453, "total_train_time": 1664.578736782074}
