{"base_model": "CLIP", "dataset": "domainnet", "subset_size": 50, "image_encoder_name": "ViT-B-32", "optimizer": "AdamW", "batch_size": 32, "learning_rate": 0.001, "global_rounds": 200, "local_epochs": 1, "warm_up": 10, "seed": 1}
{"round": 0, "acc": [[90.6129, 83.2011, 93.2022, 87.8283, 33.8267, 69.6565], [90.6129, 83.2011, 93.2022, 87.8283, 33.8267, 69.6565], [90.6129, 83.2011, 93.2022, 87.8283, 33.8267, 69.6565], [90.6129, 83.2011, 93.2022, 87.8283, 33.8267, 69.6565], [90.6129, 83.2011, 93.2022, 87.8283, 33.8267, 69.6565], [90.6129, 83.2011, 93.2022, 87.8283, 33.8267, 69.6565]], "total_test_time": 0, "total_train_time": 0}
{"round": 1, "acc": [[89.8399, 78.272, 90.5834, 85.9065, 29.3867, 65.6011], [89.2325, 79.8017, 90.5563, 85.8424, 27.8, 65.5534], [89.3981, 78.2153, 91.0176, 85.7783, 28.1467, 65.5057], [89.4533, 77.9037, 90.502, 86.0666, 29.5733, 65.3149], [89.6742, 78.3286, 90.5292, 85.394, 36.6533, 65.4103], [89.7846, 78.4703, 90.7327, 85.8424, 28.9467, 67.0802]], "total_test_time": 156.3643445968628, "total_train_time": 48.54118299484253}
{"round": 2, "acc": [[89.7846, 78.272, 90.502, 86.0346, 29.2933, 65.792], [89.3981, 80.17, 90.3121, 85.6823, 27.6667, 66.126], [88.6803, 78.102, 91.5739, 85.2979, 27.6933, 65.2195], [89.619, 77.7054, 90.4749, 86.1947, 29.04, 65.458], [89.1773, 77.5354, 90.4478, 84.8174, 42.6267, 65.458], [89.6742, 78.1303, 90.6784, 85.5221, 28.4933, 68.416]], "total_test_time": 562.8791251182556, "total_train_time": 96.40629315376282}
{"round": 3, "acc": [[89.8951, 78.1586, 90.3799, 85.8104, 28.9067, 65.792], [89.5638, 80.8215, 90.1628, 85.5541, 26.8133, 65.9828], [88.8459, 77.4221, 91.5332, 85.0096, 26.88, 64.9332], [89.3981, 77.1388, 90.3935, 86.5151, 29.7067, 64.7901], [88.9012, 77.3654, 90.4478, 85.0737, 48.5867, 65.6966], [89.619, 78.5552, 90.6649, 85.458, 28.0267, 68.3206]], "total_test_time": 975.0563931465149, "total_train_time": 144.70283699035645}
{"round": 4, "acc": [[90.3368, 77.7337, 90.2985, 85.394, 30.0267, 65.8397], [89.3429, 80.9915, 90.0136, 85.458, 25.56, 65.792], [88.6803, 77.1388, 91.5604, 85.1377, 26.7067, 63.979], [89.5638, 77.1955, 90.3528, 86.5471, 28.9867, 64.6947], [88.7355, 76.9972, 90.4342, 84.9135, 51.7467, 65.6489], [89.0116, 78.3003, 90.4342, 85.2338, 27.9733, 69.3225]], "total_test_time": 1386.753078699112, "total_train_time": 192.80921268463135}
{"round": 5, "acc": [[90.392, 77.2805, 90.095, 85.3619, 29.0533, 65.3149], [88.9564, 80.7932, 89.9593, 85.4901, 23.7733, 65.0286], [88.5146, 77.0538, 91.791, 84.8495, 25.6133, 63.979], [89.5638, 76.5722, 89.905, 86.7393, 28.5333, 63.3111], [88.8459, 76.289, 90.1357, 84.7534, 57.6, 64.5038], [89.0116, 78.272, 90.2714, 84.9135, 27.16, 69.3702]], "total_test_time": 1792.1887402534485, "total_train_time": 240.6961326599121}
{"round": 6, "acc": [[90.5577, 76.204, 89.6879, 85.0416, 28.04, 64.2653], [88.9012, 81.2181, 89.7829, 85.5862, 23.7333, 63.979], [88.8459, 76.7422, 91.8318, 84.8815, 26.4533, 63.4542], [89.2877, 76.2606, 89.9186, 86.7393, 27.12, 63.1202], [88.5699, 75.7224, 89.9322, 84.1448, 56.2533, 63.5496], [88.9012, 77.7904, 90.1357, 84.9135, 27.32, 69.084]], "total_test_time": 2204.114604949951, "total_train_time": 288.8082149028778}
{"round": 7, "acc": [[90.5577, 76.4023, 89.8643, 85.0416, 28.4, 64.5038], [89.0668, 81.1048, 89.6608, 85.3299, 23.52, 64.1698], [88.5699, 75.5807, 91.886, 84.3049, 26.16, 62.7863], [89.619, 76.4023, 89.498, 87.0596, 28.28, 62.6431], [87.9072, 74.8442, 89.9186, 83.5682, 60.3067, 63.0248], [89.0668, 77.0538, 89.905, 84.8495, 26.76, 68.7977]], "total_test_time": 2615.166975259781, "total_train_time": 336.9690673351288}
{"round": 17, "acc": [[91.1099, 75.0992, 89.0231, 84.4651, 28.1733, 63.8836], [89.1773, 81.6997, 89.1452, 84.7213, 22.0533, 62.3569], [87.4655, 74.9008, 92.483, 83.1198, 26.1467, 62.1183], [89.7846, 75.4108, 88.6296, 87.7322, 26.7867, 62.3092], [82.3302, 65.8074, 84.844, 76.6816, 63.9467, 53.0057], [88.0729, 75.4108, 89.2537, 83.5362, 26.1467, 71.2786]], "total_test_time": 3021.547863006592, "total_train_time": 821.7542068958282}
