{"base_model": "CLIP", "dataset": "data2", "subset_size": 100, "image_encoder_name": "ViT-B-32", "optimizer": "AdamW", "batch_size": 128, "learning_rate": 0.001, "global_rounds": 50, "local_epochs": 1, "warm_up": 5, "seed": 1}
{"round": 49, "acc": [[90.5272, 78.6411, 89.4305, 80.4756, 29.5867, 62.6157], [85.8978, 85.6115, 88.8657, 80.2044, 24.7133, 62.7949], [86.9414, 77.538, 93.5117, 79.3283, 27.2067, 64.5864], [84.5063, 74.8681, 87.3664, 88.2562, 27.1533, 59.3013], [71.9294, 53.2694, 68.1234, 59.1156, 70.22, 32.4873], [85.095, 75.4436, 89.9818, 78.9737, 27.5667, 72.5888]], "total_test_time": 0.0004551410675048828, "total_train_time": 7944.168013811111}
