{"base_model": "CLIP", "dataset": "data2", "subset_size": 10, "image_encoder_name": "ViT-B-32", "optimizer": "AdamW", "batch_size": 128, "learning_rate": 0.001, "global_rounds": 50, "local_epochs": 1, "warm_up": 5, "seed": 1}
{"round": 49, "acc": [[98.3766, 89.5954, 99.1786, 96.4151, 49.0667, 80.4598], [96.4286, 94.3353, 99.5893, 94.5283, 55.0667, 82.7586], [96.7532, 90.4046, 99.692, 96.9811, 55.1333, 78.7356], [97.0779, 89.8266, 99.5893, 98.3019, 53.7333, 85.6322], [88.961, 78.9595, 92.8131, 80.7547, 91.7333, 63.7931], [98.0519, 89.5954, 99.5893, 96.2264, 48.8, 90.8046]], "total_test_time": 0.0001659393310546875, "total_train_time": 1118.106927871704}
