{"base_model": "CLIP", "dataset": "domainnet", "subset_size": 100, "image_encoder_name": "ViT-B-32", "optimizer": "AdamW", "batch_size": 32, "learning_rate": 0.001, "global_rounds": 200, "local_epochs": 1, "warm_up": 10, "seed": 1}
{"round": 0, "acc": [[88.0921, 82.462, 92.2208, 83.5419, 28.2667, 67.6023], [88.0921, 82.462, 92.2208, 83.5419, 28.2667, 67.6023], [88.0921, 82.462, 92.2208, 83.5419, 28.2667, 67.6023], [88.0921, 82.462, 92.2208, 83.5419, 28.2667, 67.6023], [88.0921, 82.462, 92.2208, 83.5419, 28.2667, 67.6023], [88.0921, 82.462, 92.2208, 83.5419, 28.2667, 67.6023]], "total_test_time": 0, "total_train_time": 0}
{"round": 1, "acc": [[86.4062, 77.3941, 87.9917, 79.7038, 22.1867, 60.6748], [86.2189, 79.0408, 88.0992, 79.7872, 20.7133, 60.6151], [86.4597, 77.3781, 88.3682, 79.3283, 20.2733, 61.0033], [86.1119, 77.0743, 87.9043, 80.4547, 21.72, 60.9436], [86.1386, 76.9145, 87.6017, 79.078, 28.7533, 60.9137], [86.2724, 77.6819, 88.1866, 79.7247, 22.3067, 62.2872]], "total_test_time": 489.98408937454224, "total_train_time": 144.44713735580444}
{"round": 2, "acc": [[86.9146, 77.4101, 87.9513, 79.5369, 21.1533, 60.1971], [86.1921, 79.5524, 87.8639, 79.224, 20.52, 60.6151], [86.2992, 77.1863, 88.3884, 78.8068, 19.62, 60.7644], [85.871, 76.8185, 87.8303, 80.559, 21.34, 60.7943], [85.5499, 76.4189, 87.5076, 78.6608, 36.7267, 60.854], [86.2189, 77.3781, 88.2942, 79.2866, 22.4733, 63.2428]], "total_test_time": 2346.8119626045227, "total_train_time": 289.67299127578735}
{"round": 3, "acc": [[87.4231, 77.1063, 87.7093, 79.1197, 20.96, 59.7492], [86.1119, 79.6643, 87.6555, 79.078, 20.1, 60.4061], [86.1386, 76.243, 88.348, 78.4105, 19.2533, 59.8985], [85.8443, 76.211, 87.6219, 81.2891, 21.9733, 60.2867], [84.9077, 76.195, 87.1109, 77.743, 41.52, 60.9436], [86.1921, 77.1703, 88.1799, 78.9111, 22.6733, 63.3622]], "total_test_time": 4232.8718366622925, "total_train_time": 433.9003767967224}
{"round": 4, "acc": [[87.3963, 76.9624, 87.4403, 78.8486, 21.08, 58.943], [85.7907, 79.6003, 87.2453, 78.8277, 20.3533, 59.2714], [85.5231, 75.5875, 88.4758, 78.1185, 19.9667, 59.361], [85.6837, 76.3869, 87.3462, 81.6854, 21.9467, 59.2416], [84.6133, 75.4596, 86.7612, 77.1798, 45.2933, 60.1971], [85.871, 76.9784, 88.0589, 78.3688, 22.34, 63.5115]], "total_test_time": 6092.577252149582, "total_train_time": 578.0947589874268}
{"round": 5, "acc": [[87.6371, 75.9392, 87.0235, 78.7443, 21.5467, 58.6742], [85.4429, 79.7282, 86.9831, 79.1615, 19.9533, 58.1069], [85.3358, 75.5875, 88.664, 77.8056, 19.16, 59.5103], [85.202, 76.0192, 87.2319, 81.6437, 22.56, 59.3013], [83.8105, 74.5324, 86.1225, 76.2829, 47.3133, 59.779], [85.8978, 76.4828, 87.9379, 78.0976, 22.18, 63.4219]], "total_test_time": 7971.410758972168, "total_train_time": 723.1074466705322}
{"round": 6, "acc": [[87.9583, 75.1239, 86.7747, 77.7639, 22.44, 58.1069], [84.8542, 79.6803, 86.4856, 78.4731, 19.9, 56.9424], [85.3091, 75.3637, 88.8926, 78.3897, 19.48, 58.6742], [84.8542, 75.6835, 86.7075, 82.499, 22.4, 59.0325], [83.5697, 73.6371, 85.7393, 75.4902, 48.3, 59.0027], [85.4161, 75.6035, 87.2722, 77.9099, 22.7733, 63.3921]], "total_test_time": 9832.066267728806, "total_train_time": 866.2397592067719}
{"round": 7, "acc": [[87.878, 74.8841, 86.452, 77.6804, 22.24, 58.5249], [85.5767, 79.984, 86.5797, 78.6191, 20.3267, 56.6139], [85.4429, 75.3477, 89.3095, 77.451, 19.72, 58.6145], [85.2288, 75.9073, 86.6873, 82.2486, 23.6533, 57.1514], [83.3556, 72.9177, 85.4031, 74.6141, 50.1, 58.4055], [85.095, 74.9161, 87.01, 77.4718, 22.5267, 63.5115]], "total_test_time": 11674.591432332993, "total_train_time": 1010.7914233207703}
{"round": 8, "acc": [[87.985, 74.6603, 86.0687, 77.9725, 21.9933, 57.3903], [85.0682, 80.1439, 86.4789, 78.64, 19.5, 56.375], [85.3091, 75.1719, 89.5583, 77.0755, 19.6067, 57.3305], [84.6401, 75.2518, 86.6133, 82.5615, 23.7, 56.7035], [82.2585, 71.3829, 84.5492, 72.8411, 51.5867, 57.241], [84.8274, 74.98, 86.8688, 77.6596, 22.7667, 63.8698]], "total_test_time": 13511.476245164871, "total_train_time": 1153.4408390522003}
{"round": 18, "acc": [[88.7343, 72.3421, 85.1005, 76.7418, 23.24, 56.1362], [84.5866, 81.3269, 86.0687, 77.743, 20.7933, 57.1812], [84.1049, 74.4205, 90.3785, 76.0951, 19.4733, 57.4201], [84.9077, 74.2286, 85.9544, 83.6879, 25.0133, 55.1807], [75.4616, 63.2614, 77.1801, 64.2887, 56.2533, 48.6115], [84.0246, 71.9904, 86.1897, 75.5528, 22.44, 66.5273]], "total_test_time": 15335.263442993164, "total_train_time": 2582.124995946884}
