{"base_model": "CLIP", "dataset": "data2", "subset_size": 50, "image_encoder_name": "ViT-B-32", "optimizer": "AdamW", "batch_size": 128, "learning_rate": 0.001, "global_rounds": 50, "local_epochs": 1, "warm_up": 5, "seed": 1}
{"round": 49, "acc": [[93.5395, 79.7167, 90.9905, 87.2518, 35.0533, 63.2156], [89.2325, 87.1388, 90.1085, 85.8104, 24.8133, 64.4561], [88.1281, 76.4023, 94.9661, 83.8885, 30.72, 63.979], [90.7234, 73.1728, 89.2944, 91.8962, 32.56, 60.0191], [69.5196, 49.0652, 66.9199, 66.2076, 78.8267, 37.4046], [88.5699, 77.3088, 91.3297, 85.5221, 29.2933, 75.9065]], "total_test_time": 0.00038313865661621094, "total_train_time": 4423.635504722595}
