{"base_model": "CLIP", "dataset": "data2", "subset_size": 100, "image_encoder_name": "ViT-B-32", "optimizer": "AdamW", "batch_size": 128, "learning_rate": 0.001, "global_rounds": 50, "local_epochs": 1, "warm_up": 5, "seed": 1}
{"round": 0, "own_acc": [0.8961734011238962, 0.834052757793765, 0.934512203321455, 0.8406341259908219, 0.6826666666666666, 0.6972230516572111], "other_acc": [0.7934087777551896, 0.778938040380332, 0.723072280066395, 0.7992548711065858, 0.8628211342704799, 0.804787388880181], "domain_acc": 0.9302407932011332}
