{"base_model": "CLIP", "dataset": "domainnet", "subset_size": 50, "image_encoder_name": "convnext_base", "optimizer": "AdamW", "batch_size": 32, "learning_rate": 0.001, "global_rounds": 200, "local_epochs": 1, "warm_up": 10, "seed": 1}
{"round": 0, "acc": [[90.0607, 81.898, 91.9267, 86.451, 29.9733, 74.2844], [89.4533, 83.2861, 92.2117, 85.7143, 28.6667, 73.9981], [89.3981, 83.0595, 92.3609, 85.7143, 30.08, 72.7099], [88.7907, 81.9263, 91.5197, 86.8674, 30.6267, 71.4218], [89.2877, 81.728, 91.6011, 86.6752, 32.5867, 71.5649], [89.1773, 81.3598, 92.2795, 86.3549, 31.7333, 75.3817]], "total_test_time": 0, "total_train_time": 0}
{"round": 1, "acc": [[90.116, 81.8697, 91.9403, 86.5471, 30.24, 74.2366], [89.4533, 83.4561, 92.2117, 85.8104, 28.6933, 73.9981], [89.2877, 83.0028, 92.4016, 85.7463, 30.1467, 72.7576], [88.7355, 81.9547, 91.5061, 86.8674, 30.8667, 71.5172], [89.2325, 81.6997, 91.5604, 86.6111, 34.5067, 71.5649], [89.1773, 81.4164, 92.2931, 86.2908, 31.7333, 75.4771]], "total_test_time": 901.8527970314026, "total_train_time": 530.1469748020172}
{"round": 2, "acc": [[90.2816, 81.9263, 92.0081, 86.6752, 30.44, 74.1412], [89.5086, 83.5977, 92.2524, 85.9705, 28.9467, 73.9981], [89.3981, 83.1445, 92.6052, 86.0346, 30.6933, 73.0916], [88.7907, 81.9263, 91.5468, 87.1557, 31.2667, 71.6126], [89.5638, 81.8414, 91.8318, 86.9955, 35.9067, 71.6603], [89.2325, 81.6147, 92.3745, 86.419, 32.08, 75.7156]], "total_test_time": 1806.3450062274933, "total_train_time": 1059.4490013122559}
{"round": 3, "acc": [[90.4473, 81.9547, 92.0624, 86.7393, 30.7067, 74.2366], [89.619, 83.9093, 92.3066, 86.0666, 29.4133, 74.2366], [89.5086, 83.3711, 92.673, 86.3549, 31.4133, 73.4256], [89.0116, 82.3513, 91.7232, 87.2838, 31.6133, 71.8034], [89.3981, 82.153, 91.9674, 87.1877, 36.96, 71.9943], [89.2325, 81.7847, 92.3474, 86.3869, 32.4, 76.0019]], "total_test_time": 2712.16006064415, "total_train_time": 1588.146987915039}
{"round": 4, "acc": [[90.5577, 82.0963, 92.1031, 86.8994, 30.9867, 74.3798], [89.5638, 84.0793, 92.4152, 86.451, 29.7733, 74.3798], [89.619, 83.7677, 92.8358, 86.419, 32.2533, 73.5687], [89.1773, 82.3796, 91.7503, 87.2518, 31.9733, 71.9466], [89.5638, 82.4079, 92.0896, 87.1877, 38.04, 72.1851], [89.5086, 81.8697, 92.4288, 86.3869, 32.84, 76.0973]], "total_test_time": 3612.526837348938, "total_train_time": 2117.900212287903}
{"round": 5, "acc": [[90.5577, 82.1246, 92.1303, 87.0275, 31.52, 74.3321], [89.5638, 84.3059, 92.5102, 86.6752, 30.3867, 74.3798], [89.6742, 83.8527, 92.8901, 86.483, 32.88, 73.855], [89.5086, 82.4079, 91.8453, 87.3158, 32.64, 72.2805], [89.7294, 82.4929, 92.1167, 87.2197, 38.8533, 72.6145], [89.619, 81.898, 92.4423, 86.6111, 33.1867, 76.4313]], "total_test_time": 4511.480662345886, "total_train_time": 3837.948207139969}
{"round": 6, "acc": [[90.6129, 82.2096, 92.1574, 87.3158, 32.1867, 74.4752], [89.7846, 84.5042, 92.6323, 86.8674, 30.9867, 74.4752], [89.6742, 83.7677, 92.9715, 86.9315, 33.3467, 73.9504], [89.7846, 82.4929, 91.8996, 87.3158, 33.1067, 72.4237], [89.9503, 82.6629, 92.1574, 87.2197, 39.3867, 72.8053], [89.6742, 81.898, 92.4559, 86.5791, 33.5333, 76.5744]], "total_test_time": 5410.949933290482, "total_train_time": 4366.000075340271}
{"round": 7, "acc": [[90.7786, 82.2946, 92.2252, 87.2838, 32.56, 74.5706], [89.9503, 84.5892, 92.7408, 87.0275, 31.28, 74.9046], [89.8951, 83.7394, 92.9444, 86.8994, 33.56, 73.9981], [89.7294, 82.6062, 92.076, 87.4439, 33.6133, 72.6145], [89.9503, 82.7479, 92.1981, 87.2518, 39.68, 72.9008], [89.7294, 82.0113, 92.483, 86.8354, 33.8667, 76.5267]], "total_test_time": 6314.279763460159, "total_train_time": 5081.249844789505}
{"round": 8, "acc": [[91.0547, 82.3513, 92.2659, 87.3799, 33.2133, 74.666], [90.0055, 84.7309, 92.7544, 86.8994, 31.4667, 74.9046], [89.8951, 83.796, 93.0122, 86.6752, 33.8533, 74.1412], [89.8399, 82.7195, 92.1167, 87.6041, 33.8667, 72.7099], [90.0055, 82.7479, 92.2252, 87.3158, 40.1333, 72.8531], [89.9503, 82.238, 92.5373, 86.8033, 34.16, 76.6221]], "total_test_time": 7212.880593776703, "total_train_time": 5794.7361052036285}
{"round": 9, "acc": [[91.0547, 82.4079, 92.3066, 87.4119, 33.3867, 74.9046], [90.0055, 84.7309, 92.7408, 86.9635, 31.6933, 75.0477], [89.8951, 83.8244, 93.0936, 86.8674, 33.76, 74.1889], [89.8951, 82.8045, 92.2388, 87.6361, 33.9867, 72.8531], [90.2264, 82.8895, 92.2795, 87.3479, 40.0533, 73.0916], [89.8951, 82.2946, 92.578, 86.9635, 34.5733, 76.6221]], "total_test_time": 8120.328192472458, "total_train_time": 6510.929290056229}
{"round": 14, "acc": [[91.3308, 82.8895, 92.5237, 87.6682, 34.16, 75.0954], [90.2264, 84.9292, 92.9308, 86.9315, 32.0667, 75.2385], [90.116, 83.9093, 93.175, 86.7393, 33.9333, 74.3798], [90.116, 83.2011, 92.5102, 87.7002, 34.3733, 73.2347], [90.2816, 82.8895, 92.4016, 87.508, 40.88, 73.6641], [89.7846, 82.4929, 92.7408, 87.0596, 35.2933, 76.9084]], "total_test_time": 9026.395669460297, "total_train_time": 9164.02427148819}
{"round": 24, "acc": [[91.2203, 83.0312, 92.6323, 87.9885, 34.8933, 75.4294], [90.2264, 85.0425, 93.0258, 87.0596, 32.32, 75.2863], [90.2816, 84.051, 93.1886, 86.9635, 34.24, 74.5229], [90.0055, 83.1728, 92.4966, 88.0846, 34.8, 73.4733], [90.3368, 83.0028, 92.4016, 87.7002, 41.1067, 73.5687], [89.8399, 82.6346, 92.8087, 87.3158, 36.0, 77.3855]], "total_test_time": 9932.236371994019, "total_train_time": 14527.057554721832}
