{"base_model": "CLIP", "dataset": "PACS", "subset_size": 7, "image_encoder_name": "convnext_base", "optimizer": "AdamW", "batch_size": 32, "learning_rate": 0.001, "global_rounds": 200, "local_epochs": 1, "warm_up": 10, "seed": 1}
{"round": 0, "acc": [[99.8802, 12.3324, 97.998, 98.7628], [8.982, 98.9276, 7.0312, 4.4369], [99.8204, 14.7453, 98.3887, 98.1229], [99.8802, 12.0643, 97.9492, 99.0188]], "total_test_time": 0, "total_train_time": 0}
{"round": 1, "acc": [[99.8802, 12.6005, 97.998, 98.7628], [8.982, 98.9276, 7.0312, 4.4369], [99.8204, 14.7453, 98.3887, 98.1229], [99.8802, 12.0643, 97.9492, 98.8908]], "total_test_time": 93.38177609443665, "total_train_time": 43.24180507659912}
{"round": 2, "acc": [[99.8802, 12.0643, 98.0469, 98.8055], [8.9222, 98.9276, 7.0801, 4.3942], [99.8204, 14.4772, 98.3887, 98.1229], [99.8802, 12.0643, 97.998, 98.9334]], "total_test_time": 186.9507122039795, "total_train_time": 84.75405764579773}
{"round": 4, "acc": [[99.8802, 12.6005, 97.998, 98.9334], [8.9222, 98.9276, 7.0312, 4.4795], [99.8204, 15.0134, 98.291, 98.1655], [99.8802, 12.3324, 97.9004, 98.9761]], "total_test_time": 280.9682397842407, "total_train_time": 167.6126618385315}
{"round": 6, "acc": [[99.8802, 12.3324, 98.1934, 98.9334], [8.982, 98.9276, 7.0312, 4.5222], [99.8204, 16.0858, 98.291, 98.2935], [99.8802, 12.8686, 97.9004, 98.9334]], "total_test_time": 374.52446269989014, "total_train_time": 250.4846637248993}
{"round": 7, "acc": [[99.8802, 12.6005, 98.1934, 98.9761], [9.1617, 98.9276, 7.1777, 4.5222], [99.8204, 16.0858, 98.291, 98.3788], [99.8802, 13.4048, 97.9004, 98.9761]], "total_test_time": 467.9953775405884, "total_train_time": 291.9155743122101}
{"round": 8, "acc": [[99.8802, 12.8686, 98.1445, 98.9761], [9.1617, 98.9276, 7.2266, 4.5648], [99.8204, 16.622, 98.291, 98.3788], [99.8802, 13.941, 97.9004, 99.0188]], "total_test_time": 561.3811874389648, "total_train_time": 333.47087693214417}
{"round": 9, "acc": [[99.8802, 12.8686, 98.1445, 98.9334], [9.2216, 98.9276, 7.2266, 4.6502], [99.8204, 17.4263, 98.3887, 98.4642], [99.9401, 13.941, 97.8516, 99.0188]], "total_test_time": 654.9532117843628, "total_train_time": 374.9342391490936}
{"round": 10, "acc": [[99.8802, 12.8686, 98.1445, 98.9334], [9.1617, 98.9276, 7.2266, 4.6928], [99.8204, 16.8901, 98.4375, 98.6348], [99.9401, 13.941, 97.9492, 99.0188]], "total_test_time": 748.5466601848602, "total_train_time": 416.3560972213745}
{"round": 12, "acc": [[99.8802, 13.941, 98.2422, 98.9761], [9.3413, 98.9276, 7.2266, 4.7782], [99.8204, 18.4987, 98.4863, 98.6775], [99.9401, 14.4772, 97.998, 99.0188]], "total_test_time": 841.8972682952881, "total_train_time": 499.24765062332153}
{"round": 13, "acc": [[99.8802, 13.941, 98.2422, 98.9334], [9.4012, 98.9276, 7.1777, 4.8635], [99.8204, 18.7668, 98.5352, 98.6775], [99.9401, 15.2815, 97.998, 99.0188]], "total_test_time": 935.3988270759583, "total_train_time": 540.69975066185}
{"round": 14, "acc": [[99.8802, 14.4772, 98.291, 98.9334], [9.521, 98.9276, 7.2266, 4.9061], [99.8204, 18.7668, 98.584, 98.6775], [99.9401, 15.2815, 97.9492, 99.0188]], "total_test_time": 1029.1666581630707, "total_train_time": 586.2062497138977}
{"round": 16, "acc": [[99.8802, 14.7453, 98.3887, 98.9334], [9.6407, 98.9276, 7.0801, 4.9915], [99.8204, 19.571, 98.6328, 98.6775], [99.9401, 16.8901, 98.0957, 99.0188]], "total_test_time": 1122.6920516490936, "total_train_time": 668.9999511241913}
{"round": 21, "acc": [[99.8802, 16.3539, 98.4863, 99.0614], [9.5808, 98.9276, 7.2754, 5.1195], [99.8204, 24.1287, 98.7793, 98.7201], [99.9401, 20.3753, 98.1934, 99.1041]], "total_test_time": 1215.9531149864197, "total_train_time": 876.1498491764069}
{"round": 24, "acc": [[99.8802, 18.7668, 98.5352, 99.0614], [9.8204, 98.9276, 7.2266, 5.3754], [99.8802, 26.2735, 98.8281, 98.7201], [100.0, 22.5201, 98.1934, 99.1468]], "total_test_time": 1309.5188953876495, "total_train_time": 1000.5846781730652}
{"round": 33, "acc": [[99.8802, 22.7882, 98.8281, 99.0614], [10.1198, 98.9276, 7.3242, 5.6314], [99.9401, 31.0992, 99.0234, 98.8055], [100.0, 27.882, 98.4863, 99.1894]], "total_test_time": 1402.9386248588562, "total_train_time": 1372.7589786052704}
{"round": 35, "acc": [[99.8802, 23.8606, 98.8281, 99.0614], [10.3593, 98.9276, 7.373, 5.6314], [99.9401, 31.6354, 99.0234, 98.8055], [100.0, 29.2225, 98.4375, 99.1894]], "total_test_time": 1496.4146072864532, "total_train_time": 1455.6363821029663}
{"round": 45, "acc": [[99.9401, 26.0054, 98.877, 99.1894], [11.0778, 98.9276, 7.7637, 5.8447], [100.0, 33.5121, 99.0723, 98.8908], [100.0, 30.2949, 98.584, 99.2321]], "total_test_time": 1589.741538286209, "total_train_time": 1869.8112361431122}
