{"base_model": "CLIP", "dataset": "domainnet", "subset_size": 50, "image_encoder_name": "RN101", "optimizer": "AdamW", "batch_size": 32, "learning_rate": 0.001, "global_rounds": 200, "local_epochs": 1, "warm_up": 10, "seed": 1}
{"round": 0, "acc": [[32.5787, 36.8839, 58.7517, 33.4401, 4.7067, 25.4771], [35.3948, 46.7422, 65.4817, 38.7252, 6.4267, 26.9561], [35.6709, 47.9037, 68.5617, 38.9814, 5.6267, 30.5344], [30.9221, 34.1076, 53.5685, 34.2409, 5.92, 20.3721], [5.577, 6.2323, 7.3677, 7.5913, 7.0533, 2.1469], [31.7504, 32.7762, 55.0068, 30.3972, 5.32, 23.9981]], "total_test_time": 0, "total_train_time": 0}
{"round": 2, "acc": [[29.5417, 32.8045, 53.5007, 30.5894, 4.4667, 21.9466], [33.7935, 44.9292, 64.6404, 37.1877, 6.3867, 26.9084], [35.947, 46.9122, 68.114, 37.2838, 5.5333, 29.9141], [25.7869, 28.6402, 44.8033, 28.7636, 5.5867, 16.6985], [2.2639, 3.1161, 2.6323, 5.4452, 6.04, 2.0038], [30.0387, 28.6402, 50.2035, 27.2261, 5.7467, 21.8034]], "total_test_time": 418.20403361320496, "total_train_time": 465.92771792411804}
{"round": 3, "acc": [[29.873, 32.6062, 54.1791, 30.8456, 4.32, 22.6622], [34.3457, 45.3541, 64.7354, 37.8924, 6.32, 26.3836], [36.6648, 48.017, 69.6608, 37.7643, 5.7333, 29.9618], [26.5599, 29.4334, 45.6988, 29.7566, 5.12, 17.8435], [2.2639, 3.2295, 2.7273, 4.4523, 6.52, 2.0515], [30.4252, 28.4419, 49.9457, 27.2582, 5.8, 21.6603]], "total_test_time": 837.4271972179413, "total_train_time": 699.0682022571564}
{"round": 4, "acc": [[29.9282, 33.0595, 54.6269, 31.0698, 4.64, 22.4237], [34.5665, 46.8555, 65.6174, 38.6611, 6.68, 26.4313], [37.9901, 48.102, 70.1493, 38.4369, 5.7733, 29.5802], [27.6091, 30.4816, 47.422, 31.3581, 5.84, 18.0821], [2.2087, 3.3994, 2.7001, 4.7406, 7.0267, 1.9084], [30.3147, 29.1501, 51.4111, 27.4183, 5.6933, 21.8989]], "total_test_time": 1256.3227956295013, "total_train_time": 931.1973032951355}
{"round": 5, "acc": [[30.2595, 33.3711, 54.9389, 31.7104, 4.3733, 22.4714], [35.7261, 47.1671, 66.4993, 39.5259, 6.6933, 27.0038], [38.8183, 48.8102, 70.6242, 38.9174, 6.1733, 29.6756], [28.0508, 30.085, 46.8521, 31.23, 5.96, 18.4637], [2.2639, 3.5127, 2.6323, 4.2601, 7.4133, 2.1469], [30.0387, 29.0368, 50.8684, 27.0019, 5.88, 22.2805]], "total_test_time": 1675.4924261569977, "total_train_time": 1163.9372353553772}
{"round": 6, "acc": [[31.5848, 33.8527, 55.3189, 31.6464, 4.6, 22.5668], [36.1679, 48.3003, 66.8114, 40.0064, 6.6, 27.2424], [39.1496, 49.4901, 71.194, 39.9423, 6.3067, 29.771], [29.0999, 31.983, 49.7286, 32.3511, 5.9467, 18.6546], [2.4296, 3.5411, 2.6866, 4.3882, 7.96, 2.0515], [30.37, 29.1218, 50.9498, 27.3863, 5.9067, 23.1393]], "total_test_time": 2096.2403223514557, "total_train_time": 1397.252019405365}
{"round": 7, "acc": [[32.0817, 35.1275, 57.3406, 32.8635, 5.0133, 23.4256], [36.4992, 48.7819, 67.4627, 40.0705, 6.3467, 27.1947], [39.3705, 49.2351, 71.5468, 39.4939, 6.24, 29.7233], [29.376, 32.8329, 50.4613, 34.0487, 6.56, 18.3206], [2.4848, 3.4561, 2.6866, 4.8046, 8.1067, 1.813], [30.4804, 29.4901, 50.7598, 27.2261, 6.52, 22.7576]], "total_test_time": 2514.027933359146, "total_train_time": 1630.8027064800262}
{"round": 9, "acc": [[33.9039, 35.7224, 57.0963, 33.6963, 5.1067, 23.7118], [37.714, 49.915, 68.209, 40.9994, 6.4933, 27.6718], [40.1436, 49.6034, 72.578, 40.8392, 6.48, 30.3435], [32.0265, 33.4561, 51.981, 35.7783, 6.88, 19.3225], [2.6505, 3.5411, 2.7951, 5.157, 9.1333, 2.1947], [32.3578, 31.0198, 51.8453, 28.3472, 6.1333, 23.3779]], "total_test_time": 2932.4364755153656, "total_train_time": 2097.2294731140137}
{"round": 10, "acc": [[34.0696, 35.8357, 57.2456, 33.5042, 5.0667, 23.521], [38.487, 50.3683, 68.7924, 41.3517, 6.3067, 27.958], [40.5301, 50.6799, 72.7408, 40.3267, 6.56, 30.2958], [32.4682, 33.9377, 52.8223, 35.6182, 6.56, 19.0363], [2.4296, 3.4844, 2.8223, 5.7335, 9.56, 1.813], [32.9652, 30.6799, 52.6459, 28.9878, 6.7333, 23.7595]], "total_test_time": 3351.6197233200073, "total_train_time": 2331.7737312316895}
{"round": 14, "acc": [[36.8305, 37.1105, 59.1045, 34.8495, 5.6533, 23.8073], [39.8123, 50.8782, 69.6472, 41.9923, 6.56, 28.1011], [41.4136, 50.6516, 72.9986, 41.3197, 6.5867, 30.7252], [33.5726, 34.4193, 52.8358, 36.6432, 7.3333, 19.895], [2.54, 3.3428, 2.7815, 4.8046, 10.1733, 2.1469], [34.5665, 34.0227, 55.943, 30.3331, 6.76, 25.8588]], "total_test_time": 3769.0789811611176, "total_train_time": 3264.0076336860657}
{"round": 19, "acc": [[38.6527, 38.5269, 59.9864, 36.0666, 5.8267, 24.1889], [40.3644, 52.5779, 70.6242, 42.2165, 6.6133, 29.1031], [41.7449, 51.0198, 73.7449, 42.5048, 6.6533, 31.2023], [32.9652, 33.9943, 52.9308, 36.9315, 7.2533, 20.1813], [2.3744, 3.4561, 2.7408, 4.6445, 10.3867, 1.9561], [35.3948, 33.796, 54.5726, 30.3011, 7.1067, 25.7156]], "total_test_time": 4187.630077362061, "total_train_time": 4428.366386175156}
{"round": 29, "acc": [[39.757, 37.6771, 58.9417, 36.1627, 5.9467, 24.2366], [39.8675, 51.8697, 69.9593, 42.0564, 6.6133, 28.7214], [42.6284, 51.4731, 73.9349, 41.9923, 6.68, 31.0592], [33.8487, 34.7025, 54.2062, 37.8603, 7.5733, 20.229], [2.4296, 3.3711, 2.6866, 5.157, 10.8267, 2.0038], [36.1126, 34.7592, 55.9973, 30.7495, 7.0933, 26.5267]], "total_test_time": 4606.486007452011, "total_train_time": 6757.200711965561}
