{"base_model": "CLIP", "dataset": "domainnet", "subset_size": 50, "image_encoder_name": "RN50", "optimizer": "AdamW", "batch_size": 32, "learning_rate": 0.001, "global_rounds": 200, "local_epochs": 1, "warm_up": 10, "seed": 1}
{"round": 0, "acc": [[32.1922, 36.8839, 57.5712, 33.2799, 4.12, 21.708], [30.8669, 47.1388, 65.7802, 39.2697, 5.3333, 23.3302], [33.7935, 45.7224, 67.327, 35.2018, 4.96, 23.6164], [27.4434, 33.7394, 52.2117, 32.5112, 3.8933, 14.9809], [10.7675, 9.2351, 13.6364, 11.9154, 5.5333, 2.4809], [32.3578, 32.0963, 52.768, 30.6214, 4.1333, 23.855]], "total_test_time": 0, "total_train_time": 0}
{"round": 1, "acc": [[30.3147, 34.1076, 53.5414, 31.8386, 3.9733, 20.7538], [29.1552, 46.119, 64.6811, 38.1486, 5.0133, 22.2328], [33.3517, 45.0708, 66.8657, 33.6643, 4.7467, 23.1393], [25.069, 30.5666, 48.3989, 29.4042, 3.52, 13.8359], [2.8161, 1.4448, 2.2795, 6.5343, 6.52, 1.479], [29.5969, 28.0737, 48.0733, 27.7066, 3.4533, 21.5172]], "total_test_time": 332.1366307735443, "total_train_time": 181.02525520324707}
{"round": 2, "acc": [[31.0878, 34.5892, 54.5183, 32.2229, 3.8267, 21.0878], [31.0326, 45.8357, 65.0746, 37.8283, 5.04, 22.9962], [34.6218, 46.1756, 67.3134, 34.2409, 4.8133, 24.4752], [25.1242, 31.5014, 48.7246, 30.173, 4.04, 14.313], [2.8161, 1.4731, 2.3881, 6.5343, 6.6267, 1.7176], [29.9282, 29.1218, 49.0638, 28.0589, 3.8933, 22.0897]], "total_test_time": 668.5453460216522, "total_train_time": 364.2424530982971}
{"round": 3, "acc": [[30.6461, 33.7677, 53.4328, 31.294, 4.1733, 20.8492], [30.7565, 46.4589, 65.346, 38.1166, 5.1733, 23.187], [36.6096, 46.7705, 68.7788, 33.7284, 5.0933, 25.0954], [25.7869, 32.1246, 48.7381, 31.198, 3.8667, 14.6947], [2.4848, 1.3031, 2.171, 6.4061, 7.6133, 1.6698], [30.6461, 29.6034, 49.0909, 28.123, 3.7867, 23.1393]], "total_test_time": 1006.0899233818054, "total_train_time": 544.3219606876373}
{"round": 4, "acc": [[31.6952, 34.136, 54.7083, 31.6784, 4.4, 21.4218], [32.6891, 47.2521, 66.4043, 38.533, 5.5067, 23.5687], [37.3827, 48.017, 69.5794, 33.9526, 5.24, 25.6679], [27.5538, 33.4844, 51.0719, 32.1909, 3.8267, 16.1737], [2.5953, 1.2181, 2.3066, 6.9827, 8.6667, 1.9084], [31.0326, 31.5014, 51.5332, 29.4683, 4.12, 23.9504]], "total_test_time": 1341.1492493152618, "total_train_time": 725.5837645530701}
{"round": 5, "acc": [[33.6278, 35.6091, 55.9294, 33.344, 4.1467, 21.8511], [34.1248, 48.0737, 66.8114, 38.6611, 5.4, 23.9981], [37.9901, 48.017, 70.9091, 34.4331, 5.2133, 26.0973], [28.6582, 33.3428, 50.095, 31.3581, 3.7867, 15.9828], [2.4296, 1.2465, 2.1438, 6.9827, 9.44, 1.8607], [31.3639, 30.1133, 50.19, 29.3722, 4.6133, 23.855]], "total_test_time": 1675.0543930530548, "total_train_time": 906.3575820922852}
{"round": 6, "acc": [[33.7935, 35.6374, 55.6716, 32.9596, 4.0933, 22.4237], [35.3396, 49.6034, 68.1004, 39.2377, 5.4533, 24.9046], [38.5975, 47.847, 71.194, 33.7604, 5.1067, 26.813], [28.7686, 35.0142, 51.5875, 33.1839, 4.2, 16.6031], [2.6505, 1.3598, 2.3338, 7.2389, 10.1467, 1.9561], [31.0878, 30.17, 49.6065, 28.7956, 4.4133, 24.4752]], "total_test_time": 2012.5584244728088, "total_train_time": 1096.079414844513}
{"round": 16, "acc": [[40.8614, 40.255, 61.1533, 38.1807, 5.8, 26.0496], [39.8123, 52.6062, 71.0855, 41.4478, 5.4, 27.624], [41.1927, 50.5666, 73.6228, 36.1947, 5.9867, 27.8626], [36.3335, 38.3853, 57.3677, 37.2197, 6.1067, 20.2767], [2.9266, 1.1048, 2.5102, 8.0077, 13.9467, 2.0515], [37.0514, 35.0142, 55.6309, 32.7354, 6.96, 28.7691]], "total_test_time": 2349.7495834827423, "total_train_time": 2902.414980173111}
