{"base_model": "CLIP", "dataset": "data", "subset_size": 10, "image_encoder_name": "ViT-B-32", "optimizer": "AdamW", "batch_size": 32, "learning_rate": 0.001, "global_rounds": 200, "local_epochs": 1, "warm_up": 10, "seed": 1}
{"round": 0, "acc": [[98.7013, 90.4046, 99.2813, 96.4151, 55.5333, 81.6092], [97.4026, 91.6763, 99.692, 96.2264, 52.0, 83.3333], [98.0519, 91.2139, 99.4867, 96.6038, 51.6, 84.4828], [97.0779, 90.4046, 99.1786, 96.0377, 61.0, 82.7586], [97.0779, 89.5954, 99.1786, 95.6604, 61.3333, 79.8851], [97.4026, 90.5202, 99.4867, 96.2264, 56.6, 85.0575]], "total_test_time": 0, "total_train_time": 0}
{"round": 1, "acc": [[98.7013, 90.4046, 99.2813, 96.4151, 55.5333, 81.6092], [97.4026, 91.7919, 99.692, 96.4151, 51.5333, 83.3333], [98.0519, 91.2139, 99.4867, 96.6038, 51.6, 84.4828], [97.0779, 90.4046, 99.1786, 96.2264, 60.8667, 82.7586], [96.7532, 89.8266, 99.1786, 95.6604, 62.4, 79.8851], [97.4026, 90.5202, 99.4867, 96.2264, 56.6, 85.0575]], "total_test_time": 59.27656412124634, "total_train_time": 29.560198545455933}
{"round": 2, "acc": [[98.7013, 90.4046, 99.2813, 96.4151, 55.6, 81.6092], [97.4026, 92.0231, 99.692, 96.6038, 51.4667, 83.3333], [98.0519, 91.2139, 99.4867, 96.6038, 51.6667, 84.4828], [97.4026, 90.5202, 99.2813, 96.2264, 60.6, 82.7586], [96.7532, 89.9422, 99.1786, 95.8491, 64.6, 79.8851], [97.4026, 90.5202, 99.4867, 96.2264, 56.6667, 85.0575]], "total_test_time": 119.21009731292725, "total_train_time": 59.75531458854675}
{"round": 3, "acc": [[98.7013, 90.5202, 99.2813, 96.4151, 55.7333, 82.1839], [97.4026, 92.2543, 99.692, 96.6038, 51.4, 83.3333], [98.0519, 91.2139, 99.4867, 96.6038, 51.8667, 84.4828], [97.7273, 90.6358, 99.2813, 96.2264, 60.5333, 82.7586], [96.1039, 89.711, 99.1786, 95.8491, 65.7333, 79.3103], [97.4026, 90.5202, 99.4867, 96.2264, 56.6, 85.6322]], "total_test_time": 179.94739818572998, "total_train_time": 89.59513735771179}
{"round": 4, "acc": [[98.7013, 90.5202, 99.2813, 96.4151, 55.6667, 82.1839], [97.4026, 92.1387, 99.692, 96.7925, 51.3333, 83.3333], [98.0519, 91.0983, 99.4867, 96.6038, 52.0667, 85.0575], [97.7273, 90.6358, 99.2813, 96.6038, 60.6, 83.3333], [96.1039, 89.711, 99.1786, 95.6604, 67.6, 79.8851], [97.4026, 90.6358, 99.4867, 96.2264, 56.5333, 85.6322]], "total_test_time": 239.7732892036438, "total_train_time": 119.39581251144409}
{"round": 5, "acc": [[98.7013, 90.5202, 99.2813, 96.4151, 55.6667, 82.1839], [97.4026, 92.2543, 99.692, 96.7925, 51.4667, 83.3333], [98.0519, 91.3295, 99.4867, 96.6038, 52.2, 86.2069], [98.0519, 90.9827, 99.2813, 96.7925, 60.6, 83.3333], [96.1039, 89.711, 99.1786, 95.6604, 69.2667, 80.4598], [97.7273, 90.6358, 99.4867, 96.2264, 56.4667, 85.6322]], "total_test_time": 299.5960476398468, "total_train_time": 149.52770447731018}
{"round": 6, "acc": [[98.7013, 90.4046, 99.2813, 96.4151, 55.6, 82.7586], [97.7273, 92.3699, 99.692, 96.6038, 51.2667, 83.908], [98.0519, 91.5607, 99.5893, 96.6038, 52.3333, 86.2069], [98.0519, 90.8671, 99.2813, 96.7925, 60.7333, 83.908], [96.1039, 89.711, 99.1786, 95.6604, 70.4667, 79.8851], [97.7273, 90.7514, 99.4867, 96.4151, 56.5333, 85.6322]], "total_test_time": 359.4658284187317, "total_train_time": 179.58521437644958}
{"round": 7, "acc": [[98.7013, 90.5202, 99.2813, 96.4151, 55.5333, 82.7586], [97.7273, 92.3699, 99.692, 96.6038, 51.0667, 83.908], [98.0519, 91.5607, 99.5893, 96.6038, 52.3333, 86.2069], [98.0519, 90.8671, 99.2813, 97.1698, 60.8, 83.3333], [96.1039, 90.0578, 99.1786, 95.6604, 72.0, 79.8851], [97.7273, 90.8671, 99.4867, 96.4151, 56.4667, 86.2069]], "total_test_time": 419.62803983688354, "total_train_time": 209.511385679245}
{"round": 8, "acc": [[98.7013, 90.5202, 99.2813, 96.4151, 55.5333, 82.7586], [97.7273, 92.3699, 99.692, 96.6038, 51.2, 83.908], [98.0519, 91.7919, 99.5893, 96.6038, 52.5333, 86.2069], [98.0519, 90.9827, 99.2813, 97.1698, 60.7333, 83.3333], [96.1039, 90.0578, 99.1786, 96.0377, 73.7333, 79.8851], [97.7273, 90.9827, 99.4867, 96.4151, 56.5333, 86.2069]], "total_test_time": 479.4517560005188, "total_train_time": 239.6742458343506}
{"round": 9, "acc": [[99.026, 90.6358, 99.2813, 96.4151, 55.7333, 82.7586], [97.7273, 92.3699, 99.692, 96.6038, 51.2, 85.0575], [98.0519, 91.7919, 99.5893, 96.4151, 52.8667, 86.2069], [98.0519, 90.9827, 99.2813, 97.1698, 60.6667, 83.3333], [96.1039, 90.289, 99.1786, 96.0377, 75.2667, 79.8851], [97.7273, 90.9827, 99.4867, 96.4151, 56.4, 85.6322]], "total_test_time": 540.1093022823334, "total_train_time": 269.60291624069214}
{"round": 19, "acc": [[99.026, 92.0231, 99.4867, 97.3585, 58.5333, 83.908], [97.0779, 93.9884, 99.7947, 97.5472, 55.5333, 86.7816], [98.7013, 93.526, 99.7947, 97.5472, 60.6, 88.5057], [98.7013, 91.7919, 99.692, 97.9245, 61.9333, 86.2069], [97.0779, 91.9075, 99.5893, 97.3585, 87.2667, 85.6322], [97.7273, 91.7919, 99.5893, 96.9811, 56.0, 87.3563]], "total_test_time": 600.0365669727325, "total_train_time": 569.774124622345}
