{"base_model": "CLIP", "dataset": "domainnet", "subset_size": 150, "image_encoder_name": "ViT-B-32", "optimizer": "AdamW", "batch_size": 32, "learning_rate": 0.001, "global_rounds": 200, "local_epochs": 1, "warm_up": 10, "seed": 1}
{"round": 0, "acc": [[85.6208, 76.9924, 90.2374, 78.8379, 24.6978, 61.0499], [84.8069, 79.0059, 89.672, 78.4869, 21.4978, 60.807], [84.7909, 77.3421, 89.9871, 77.772, 20.9778, 59.8169], [84.9026, 77.0348, 89.8619, 79.4878, 25.4933, 60.3587], [85.0303, 76.4731, 89.8921, 78.7989, 26.4978, 59.7048], [85.3016, 77.0136, 90.3453, 78.149, 24.8356, 64.0389]], "total_test_time": 0, "total_train_time": 0}
{"round": 1, "acc": [[85.7644, 76.9924, 90.2546, 78.8509, 24.6444, 60.9752], [84.8388, 79.0801, 89.6849, 78.4609, 21.4933, 60.8817], [84.8069, 77.3527, 90.0734, 77.772, 21.0533, 59.8916], [84.9186, 77.1619, 89.8705, 79.7218, 25.4533, 60.4708], [84.9824, 76.3035, 89.9266, 78.8769, 28.8356, 59.5554], [85.2538, 77.0136, 90.3539, 78.136, 24.8311, 64.1883]], "total_test_time": 1236.4128320217133, "total_train_time": 450.36504888534546}
{"round": 2, "acc": [[85.7964, 77.2785, 90.3884, 79.0849, 25.1022, 62.096], [85.0622, 79.6948, 89.905, 78.6039, 22.0044, 61.7037], [85.2218, 78.2323, 90.3625, 78.331, 21.6756, 61.1806], [85.2218, 77.7342, 90.0302, 79.9168, 25.8222, 61.1993], [85.3335, 77.1831, 90.2115, 79.2149, 29.6222, 61.0312], [85.4133, 77.4693, 90.4877, 78.4739, 25.0089, 64.618]], "total_test_time": 2472.24191570282, "total_train_time": 901.0336811542511}
{"round": 3, "acc": [[85.924, 77.5329, 90.5611, 79.2929, 25.5378, 62.5257], [85.2697, 80.0975, 90.0561, 78.7989, 22.3867, 62.2455], [85.3495, 78.6138, 90.5697, 78.4479, 22.2533, 61.7971], [85.3974, 78.2323, 90.1511, 80.2028, 26.1911, 62.1334], [85.5091, 77.5435, 90.3712, 79.5008, 30.5644, 61.4422], [85.5091, 77.7448, 90.6344, 78.6169, 25.3689, 65.1037]], "total_test_time": 3714.5593042373657, "total_train_time": 1350.4534606933594}
{"round": 4, "acc": [[86.0517, 77.8296, 90.656, 79.5658, 26.0089, 62.7872], [85.1899, 80.2247, 90.1079, 79.0589, 22.7467, 62.4696], [85.3655, 78.741, 90.6733, 78.5909, 22.8489, 62.0773], [85.6049, 78.5396, 90.3323, 80.4888, 26.8311, 62.2268], [85.5889, 77.7766, 90.4402, 79.5658, 31.2756, 61.8532], [85.557, 77.9144, 90.656, 78.8509, 25.8578, 65.3465]], "total_test_time": 4964.463903427124, "total_train_time": 1801.4606766700745}
{"round": 5, "acc": [[86.1155, 78.1263, 90.738, 79.7218, 26.3733, 63.0861], [85.3176, 80.4684, 90.2028, 79.2279, 23.12, 62.7312], [85.4133, 78.9, 90.738, 78.6169, 23.1022, 62.3949], [85.7325, 78.7198, 90.3927, 80.6057, 27.2978, 62.563], [85.7485, 77.9144, 90.5395, 79.7218, 31.6444, 62.0773], [85.6687, 78.0945, 90.7208, 79.0199, 26.12, 65.6081]], "total_test_time": 6219.677617549896, "total_train_time": 2252.3740887641907}
{"round": 6, "acc": [[86.2432, 78.3277, 90.833, 79.8648, 26.6444, 63.3477], [85.3016, 80.6804, 90.2331, 79.1889, 23.2933, 62.8619], [85.557, 78.9953, 90.7121, 78.6429, 23.1822, 62.6004], [85.8921, 78.9212, 90.4445, 80.7227, 27.48, 62.8059], [85.8442, 77.9356, 90.5611, 79.8518, 31.9867, 62.4883], [85.7325, 78.2005, 90.833, 79.0849, 26.3067, 65.8322]], "total_test_time": 7474.791679620743, "total_train_time": 2702.4850404262543}
{"round": 7, "acc": [[86.323, 78.4972, 90.8675, 79.8518, 26.84, 63.5345], [85.4931, 80.8605, 90.2244, 79.3319, 23.5156, 62.918], [85.6846, 79.1013, 90.7984, 78.7989, 23.5778, 62.5817], [85.9719, 78.9953, 90.4532, 80.8787, 27.5644, 62.8619], [85.94, 78.1369, 90.5913, 79.9688, 32.1689, 62.5817], [85.8442, 78.3383, 90.8718, 79.2669, 26.5289, 66.0191]], "total_test_time": 8745.595586776733, "total_train_time": 3153.4148757457733}
{"round": 8, "acc": [[86.4188, 78.5502, 90.8761, 79.8648, 27.04, 63.5158], [85.5251, 80.9029, 90.2201, 79.2539, 23.5467, 62.9367], [85.6687, 79.0589, 90.82, 78.9159, 23.6444, 62.6004], [86.0357, 79.0483, 90.4877, 80.9047, 27.6933, 62.8993], [85.9719, 78.1687, 90.6431, 79.8908, 32.4311, 62.8059], [85.9879, 78.4337, 90.8675, 79.2409, 26.64, 66.0751]], "total_test_time": 10014.070590019226, "total_train_time": 3604.0591988563538}
{"round": 9, "acc": [[86.4986, 78.6138, 90.9063, 79.9428, 27.2933, 63.6466], [85.5251, 80.9029, 90.2676, 79.3189, 23.7644, 63.0114], [85.6208, 79.1013, 90.8373, 78.9939, 23.9511, 62.6191], [86.0996, 79.0483, 90.505, 81.1257, 27.9644, 63.0301], [85.9879, 78.1687, 90.6862, 79.9688, 32.5022, 62.7125], [85.9081, 78.4125, 90.9193, 79.3449, 26.72, 66.1872]], "total_test_time": 11271.71713232994, "total_train_time": 4054.913432121277}
{"round": 10, "acc": [[86.4986, 78.6244, 90.8589, 79.9948, 27.4533, 63.6466], [85.557, 80.9771, 90.2805, 79.4488, 23.9867, 63.0488], [85.6208, 79.1331, 90.8287, 78.9419, 23.9422, 62.7125], [86.1475, 79.1437, 90.5265, 80.9957, 28.0133, 63.2542], [85.924, 78.1369, 90.6776, 80.1248, 32.9422, 62.7312], [85.9879, 78.5502, 90.9063, 79.4099, 26.8844, 66.3553]], "total_test_time": 12546.764862775803, "total_train_time": 4504.9982142448425}
{"round": 11, "acc": [[86.4507, 78.7516, 90.915, 80.0078, 27.4178, 63.7586], [85.7325, 80.9771, 90.2849, 79.3969, 24.0311, 63.1235], [85.6368, 79.1225, 90.8459, 78.8899, 23.8044, 62.8059], [86.0996, 79.3239, 90.5222, 81.0217, 28.0622, 63.1608], [85.9719, 78.4019, 90.738, 80.0468, 32.8756, 62.974], [86.0996, 78.635, 90.9409, 79.4229, 27.0356, 66.374]], "total_test_time": 13812.99649810791, "total_train_time": 4959.979377508163}
{"round": 13, "acc": [[86.4028, 78.8258, 90.9322, 80.1118, 27.56, 63.8707], [85.7006, 80.9877, 90.2892, 79.3709, 23.9689, 63.0301], [85.8921, 79.2921, 90.8373, 78.9809, 23.8311, 62.6938], [86.0677, 79.3981, 90.5826, 80.9957, 28.1511, 63.3103], [86.0198, 78.3595, 90.7121, 80.0988, 33.2533, 62.8806], [86.1794, 78.6456, 91.0013, 79.3059, 27.1511, 66.5795]], "total_test_time": 15071.211780786514, "total_train_time": 5862.274137735367}
{"round": 23, "acc": [[86.5464, 78.8046, 90.9625, 80.1768, 27.7956, 63.8334], [85.7964, 81.1679, 90.3798, 79.5268, 24.3644, 63.1608], [85.8762, 79.4086, 90.8675, 79.0329, 24.0978, 62.8059], [86.0677, 79.4828, 90.5611, 81.2037, 28.5422, 63.3103], [86.0677, 78.5608, 90.7467, 80.1378, 33.76, 62.6565], [86.339, 78.7516, 91.0445, 79.5788, 27.3289, 66.4861]], "total_test_time": 16323.694849967957, "total_train_time": 10360.865530967712}
