{"base_model": "CLIP", "dataset": "data2", "subset_size": 50, "image_encoder_name": "ViT-B-32", "optimizer": "AdamW", "batch_size": 128, "learning_rate": 0.001, "global_rounds": 50, "local_epochs": 1, "warm_up": 5, "seed": 1}
{"round": 49, "acc": [[92.3799, 83.0878, 93.27, 87.9885, 38.1867, 70.0859], [90.5025, 84.8159, 93.2293, 87.1557, 30.8533, 69.7996], [90.1712, 83.0878, 93.555, 87.3479, 32.4933, 69.3225], [90.889, 81.8414, 93.3379, 89.5259, 36.1867, 69.7042], [90.4473, 81.5014, 92.9308, 87.4119, 46.56, 66.5553], [90.6129, 82.2096, 93.1615, 87.9244, 35.9467, 75.4294]], "total_test_time": 0.00020551681518554688, "total_train_time": 8783.183698177338}
