{"base_model": "CLIP", "dataset": "office", "subset_size": 10, "image_encoder_name": "ViT-B-16", "optimizer": "AdamW", "batch_size": 32, "learning_rate": 0.001, "global_rounds": 200, "local_epochs": 1, "warm_up": 10, "seed": 1}
{"round": 0, "acc": [[81.4504, 95.4204, 92.8135, 87.2428], [82.2137, 94.8198, 93.4251, 87.1056], [82.0611, 94.2192, 92.4312, 87.2428], [80.0, 94.4444, 92.5841, 86.8313]], "total_test_time": 0, "total_train_time": 0}
{"round": 1, "acc": [[82.0611, 95.2703, 92.8135, 87.2428], [82.2901, 94.6697, 93.3486, 86.8313], [81.9084, 94.5195, 92.5841, 86.8313], [80.3053, 94.5195, 92.5076, 87.2428]], "total_test_time": 151.21592330932617, "total_train_time": 101.19155859947205}
{"round": 2, "acc": [[82.2137, 95.4955, 93.1193, 87.2428], [82.2137, 95.1201, 93.0428, 87.5171], [82.3664, 94.8949, 92.5076, 86.8313], [80.5344, 94.2943, 92.6606, 86.8313]], "total_test_time": 301.44552659988403, "total_train_time": 201.02750420570374}
{"round": 3, "acc": [[82.7481, 95.4955, 93.0428, 86.9684], [82.0611, 95.2703, 93.2722, 87.1056], [82.5191, 94.5946, 93.2722, 86.2826], [80.458, 94.8198, 92.6606, 87.5171]], "total_test_time": 452.07911586761475, "total_train_time": 303.3749339580536}
{"round": 4, "acc": [[82.8244, 95.3453, 92.9664, 86.9684], [82.8244, 95.3453, 93.2722, 87.1056], [82.3664, 94.8949, 92.8135, 86.1454], [80.916, 94.8949, 92.5841, 87.1056]], "total_test_time": 603.900979757309, "total_train_time": 405.6401071548462}
{"round": 5, "acc": [[83.5878, 95.7958, 92.9664, 87.1056], [82.9771, 95.7958, 93.5015, 86.6941], [82.8244, 95.4204, 92.5841, 87.1056], [81.0687, 95.1201, 92.5076, 87.38]], "total_test_time": 757.5573449134827, "total_train_time": 508.1731050014496}
{"round": 6, "acc": [[83.8931, 95.6456, 93.0428, 86.9684], [83.2824, 95.7207, 93.4251, 87.38], [83.5115, 95.4204, 93.0428, 86.8313], [81.0687, 95.3453, 92.8899, 88.0658]], "total_test_time": 911.5228481292725, "total_train_time": 611.609475851059}
{"round": 16, "acc": [[86.3359, 96.6216, 92.3547, 86.6941], [86.3359, 96.6967, 92.2018, 85.8711], [86.3359, 96.1712, 92.737, 86.2826], [85.0382, 96.9219, 93.6544, 88.3402]], "total_test_time": 1063.6750538349152, "total_train_time": 1741.5931673049927}
