{"base_model": "CLIP", "dataset": "domainnet", "subset_size": 100, "image_encoder_name": "ViT-B-32", "optimizer": "AdamW", "batch_size": 32, "learning_rate": 0.001, "global_rounds": 200, "local_epochs": 1, "warm_up": 10, "seed": 1}
{"round": 0, "acc": [[88.3864, 81.6787, 91.9855, 82.7284, 28.9867, 66.6766], [87.5033, 82.558, 91.7502, 82.4781, 24.5667, 66.3482], [87.2893, 81.4548, 91.7838, 82.3112, 25.2667, 65.1538], [87.6104, 80.8153, 91.7367, 83.3125, 28.64, 65.6614], [87.5033, 80.6075, 91.7972, 82.9996, 30.1933, 64.6163], [87.6104, 81.0871, 92.1536, 82.2486, 28.2467, 69.9313]], "total_test_time": 0, "total_train_time": 0}
{"round": 1, "acc": [[88.4934, 81.6627, 91.9922, 82.7493, 29.0067, 66.7065], [87.5301, 82.6059, 91.7098, 82.4572, 24.5333, 66.4676], [87.2893, 81.4868, 91.8443, 82.3321, 25.3267, 65.2732], [87.6639, 80.8793, 91.7233, 83.4585, 28.6333, 65.6913], [87.5301, 80.4317, 91.8241, 83.0622, 32.86, 64.2878], [87.5836, 81.1831, 92.1536, 82.3738, 28.2333, 70.1702]], "total_test_time": 677.4675030708313, "total_train_time": 278.0436255931854}
{"round": 2, "acc": [[88.654, 81.8545, 92.1603, 82.8118, 29.0867, 67.0947], [87.7174, 83.0855, 91.8577, 82.4572, 24.8267, 67.0648], [87.6907, 82.0304, 92.0527, 82.5407, 25.9867, 66.0794], [87.878, 81.263, 91.8376, 83.6045, 28.9533, 66.3482], [87.9315, 81.1831, 91.9855, 83.3333, 33.52, 65.4822], [87.7977, 81.3909, 92.288, 82.6241, 28.32, 70.3792]], "total_test_time": 1354.2113254070282, "total_train_time": 556.5413932800293}
{"round": 3, "acc": [[88.7343, 81.9185, 92.2544, 83.083, 29.32, 67.5426], [87.9047, 83.1495, 91.9922, 82.645, 25.12, 67.3933], [88.0118, 82.2222, 92.2208, 82.8536, 26.2733, 66.7363], [87.8245, 81.5508, 91.9451, 83.9383, 29.06, 66.4975], [88.0385, 81.4229, 92.1603, 83.5211, 34.3333, 65.9003], [87.8245, 81.5667, 92.3284, 82.791, 28.7, 70.5882]], "total_test_time": 2030.1619868278503, "total_train_time": 835.8037157058716}
{"round": 4, "acc": [[88.8146, 82.1583, 92.3015, 83.229, 29.62, 67.6023], [88.1723, 83.3573, 92.0056, 82.9161, 25.5467, 67.5426], [88.1456, 82.4141, 92.2813, 82.9787, 26.7667, 67.1245], [88.0118, 81.6787, 92.0191, 84.0843, 29.6067, 66.9752], [88.1456, 81.5348, 92.241, 83.7922, 34.7867, 66.8259], [87.8512, 81.8385, 92.436, 82.9161, 29.08, 70.5882]], "total_test_time": 2709.813251018524, "total_train_time": 1117.05242562294}
{"round": 5, "acc": [[88.8413, 82.2862, 92.3553, 83.3125, 29.9933, 67.8411], [88.0921, 83.4852, 92.0594, 82.937, 25.7667, 67.6918], [88.1723, 82.494, 92.3351, 83.0622, 26.9867, 67.3933], [88.1991, 81.9824, 92.0729, 84.272, 29.8133, 67.244], [88.3864, 81.8385, 92.2342, 83.7088, 35.1933, 66.8558], [87.9047, 81.8225, 92.4629, 83.2499, 29.4267, 70.6181]], "total_test_time": 3391.26416015625, "total_train_time": 1397.4121770858765}
{"round": 6, "acc": [[88.9216, 82.478, 92.3486, 83.4168, 30.26, 68.1099], [88.2258, 83.757, 92.1132, 83.083, 25.9933, 67.7516], [88.3061, 82.6219, 92.3418, 83.1247, 27.4467, 67.4828], [88.3329, 82.2222, 92.1199, 84.4389, 29.9667, 67.3335], [88.5202, 81.9504, 92.3754, 83.7297, 35.6267, 66.9752], [88.1456, 82.0144, 92.483, 83.3333, 29.7467, 70.9167]], "total_test_time": 4070.659296274185, "total_train_time": 1677.279512643814}
{"round": 11, "acc": [[89.2962, 82.7978, 92.5301, 83.7922, 30.98, 68.7668], [88.3864, 84.1727, 92.2208, 83.3751, 26.6467, 68.2592], [88.3329, 82.8937, 92.4561, 83.3751, 27.78, 67.5724], [88.5737, 82.558, 92.2006, 84.7518, 30.68, 67.9307], [88.7075, 82.4141, 92.5166, 84.0217, 36.52, 67.6918], [88.4667, 82.3181, 92.5503, 83.7505, 30.3933, 71.6035]], "total_test_time": 4749.614831209183, "total_train_time": 3077.571531057358}
{"round": 12, "acc": [[89.2695, 82.9097, 92.5435, 83.8548, 31.0667, 68.8862], [88.2258, 84.1886, 92.2208, 83.3959, 26.6533, 68.2293], [88.2794, 82.8777, 92.4091, 83.4168, 27.6333, 67.4231], [88.6272, 82.542, 92.1939, 84.7726, 30.8467, 68.08], [88.7343, 82.446, 92.4897, 83.9591, 36.88, 67.453], [88.5202, 82.4301, 92.5503, 83.7714, 30.52, 71.6035]], "total_test_time": 5425.663247823715, "total_train_time": 3355.5555005073547}
{"round": 13, "acc": [[89.323, 82.9416, 92.5368, 83.834, 31.18, 68.7967], [88.2526, 84.2846, 92.2006, 83.3125, 26.7467, 68.1995], [88.3329, 82.7658, 92.4427, 83.1873, 27.8867, 67.871], [88.654, 82.526, 92.2342, 84.6475, 30.9067, 68.1099], [88.7075, 82.51, 92.5032, 83.7714, 37.0733, 67.5127], [88.5737, 82.3501, 92.5906, 83.7297, 30.6, 71.693]], "total_test_time": 6102.457359313965, "total_train_time": 3633.5116894245148}
{"round": 16, "acc": [[89.2159, 83.0216, 92.5435, 83.8131, 31.36, 68.7071], [88.3596, 84.3645, 92.2342, 83.2916, 26.6933, 68.1397], [88.4399, 82.8297, 92.4225, 83.2916, 27.6867, 67.6023], [88.6808, 82.526, 92.2141, 84.6058, 30.9533, 68.1696], [88.761, 82.558, 92.4965, 83.8757, 37.2667, 67.453], [88.547, 82.3981, 92.5637, 83.8757, 30.88, 71.693]], "total_test_time": 6777.175882816315, "total_train_time": 4468.574028015137}
{"round": 22, "acc": [[89.4568, 83.0536, 92.5772, 83.7922, 31.5133, 68.6772], [88.5202, 84.1886, 92.3149, 83.3542, 26.8667, 68.3189], [88.4399, 82.7658, 92.4897, 83.3542, 28.0, 67.7814], [88.7075, 82.494, 92.2208, 84.8144, 31.0667, 68.2293], [88.8413, 82.3181, 92.5166, 83.7714, 37.3933, 67.6321], [88.5737, 82.446, 92.6309, 83.8131, 30.9867, 71.693]], "total_test_time": 7455.854846715927, "total_train_time": 6139.105804443359}
{"round": 24, "acc": [[89.5103, 83.0536, 92.5503, 83.7505, 31.4867, 68.7967], [88.4667, 84.1886, 92.2948, 83.4168, 26.9333, 68.3189], [88.5202, 82.8777, 92.5032, 83.5002, 27.96, 67.7516], [88.6272, 82.558, 92.2006, 84.7518, 31.1, 68.3488], [88.761, 82.462, 92.4629, 83.9383, 37.2667, 67.6321], [88.5737, 82.3661, 92.6578, 83.8131, 30.9267, 71.6632]], "total_test_time": 8132.631051301956, "total_train_time": 6695.388321399689}
{"round": 30, "acc": [[89.3765, 83.0376, 92.604, 83.7505, 31.5867, 68.8265], [88.4132, 84.3325, 92.3015, 83.3959, 27.0133, 68.1397], [88.5737, 82.9097, 92.4696, 83.2708, 28.02, 67.5426], [88.6808, 82.51, 92.2679, 84.7309, 31.3467, 68.1397], [88.6808, 82.3501, 92.5368, 83.8131, 37.64, 67.244], [88.6808, 82.494, 92.6646, 83.7922, 31.0067, 71.7229]], "total_test_time": 8807.962835788727, "total_train_time": 8365.80670762062}
{"round": 40, "acc": [[89.3765, 83.1015, 92.5704, 83.834, 31.4933, 68.946], [88.5737, 84.2686, 92.3284, 83.229, 26.8533, 68.1099], [88.5202, 82.9097, 92.483, 83.3333, 27.8867, 67.8411], [88.654, 82.6219, 92.2544, 84.8352, 31.0467, 68.2592], [88.8681, 82.4141, 92.5099, 83.6879, 37.6667, 67.3933], [88.5202, 82.4301, 92.6511, 83.8757, 31.0533, 71.6632]], "total_test_time": 9484.213314056396, "total_train_time": 11151.310217618942}
