{"base_model": "CLIP", "dataset": "source", "subset_size": 10, "image_encoder_name": "ViT-B-32", "optimizer": "AdamW", "batch_size": 128, "learning_rate": 0.001, "global_rounds": 50, "local_epochs": 1, "warm_up": 5, "seed": 1}
{"round": 49, "acc": [[99.3506, 91.6763, 99.2813, 96.0377, 54.1333], [95.7792, 94.7977, 99.384, 95.283, 56.4667], [98.0519, 93.1792, 99.692, 97.7358, 50.9333], [95.7792, 92.0231, 99.5893, 97.9245, 51.6], [95.4545, 90.0578, 99.076, 95.6604, 86.6]], "total_test_time": 0.00014472007751464844, "total_train_time": 1972.839772939682}
