{"base_model": "CLIP", "dataset": "office", "subset_size": 100, "image_encoder_name": "ViT-B-32", "optimizer": "AdamW", "batch_size": 32, "learning_rate": 0.001, "global_rounds": 200, "local_epochs": 1, "warm_up": 10, "seed": 1}
{"round": 0, "acc": [[77.7273, 94.1912, 92.3953, 83.279], [76.9091, 93.9678, 92.2587, 82.2186], [76.3636, 94.1019, 92.122, 83.3605], [75.1364, 93.6997, 91.8488, 81.8923]], "total_test_time": 0, "total_train_time": 0}
{"round": 2, "acc": [[77.7273, 94.2359, 92.4408, 83.3605], [76.9545, 94.0125, 92.2131, 82.3002], [76.3182, 94.1019, 92.1676, 83.3605], [75.2273, 93.6997, 91.8488, 81.8923]], "total_test_time": 718.0150556564331, "total_train_time": 517.7215538024902}
{"round": 3, "acc": [[77.7273, 94.3253, 92.3497, 83.3605], [77.0909, 94.2359, 92.2131, 82.3002], [76.3182, 94.0125, 92.122, 83.3605], [75.2273, 93.6997, 91.8488, 82.0555]], "total_test_time": 1393.946186542511, "total_train_time": 780.9877712726593}
{"round": 4, "acc": [[77.7273, 94.504, 92.3953, 83.5237], [77.1364, 94.1912, 92.122, 82.3002], [76.5, 94.1019, 92.2131, 83.4421], [75.2727, 93.655, 91.8488, 82.0555]], "total_test_time": 2119.081927061081, "total_train_time": 1042.707264661789}
{"round": 5, "acc": [[77.9091, 94.5934, 92.4408, 83.5237], [77.3182, 94.2359, 92.2131, 82.4633], [76.5, 94.2359, 92.2587, 83.6868], [75.2727, 93.655, 91.6667, 82.0555]], "total_test_time": 2798.6056847572327, "total_train_time": 1295.9257991313934}
{"round": 6, "acc": [[78.2727, 94.7721, 92.1676, 83.7684], [77.6818, 94.37, 92.3042, 82.4633], [76.7273, 94.1912, 92.3042, 83.5237], [75.5, 93.655, 91.6667, 82.0555]], "total_test_time": 3487.3647570610046, "total_train_time": 1546.8791134357452}
{"round": 16, "acc": [[81.7273, 95.3977, 92.3497, 83.3605], [81.3182, 95.5317, 92.5319, 81.7292], [81.0455, 95.487, 92.623, 82.3002], [79.0, 95.3083, 92.122, 83.3605]], "total_test_time": 4167.933529853821, "total_train_time": 4101.824058771133}
