{"base_model": "CLIP", "dataset": "domainnet", "subset_size": 100, "image_encoder_name": "ViT-B-32", "optimizer": "AdamW", "batch_size": 32, "learning_rate": 0.001, "global_rounds": 200, "local_epochs": 1, "warm_up": 10, "seed": 1}
{"round": 0, "acc": [[88.3864, 81.6787, 91.9855, 82.7284, 28.9867, 66.6766], [87.5033, 82.558, 91.7502, 82.4781, 24.5667, 66.3482], [87.2893, 81.4548, 91.7838, 82.3321, 25.2667, 65.1538], [87.6104, 80.8153, 91.7367, 83.3125, 28.64, 65.6614], [87.5033, 80.6075, 91.7972, 82.9996, 30.1933, 64.6163], [87.6104, 81.0871, 92.1536, 82.2486, 28.2467, 69.9313]], "total_test_time": 0, "total_train_time": 0}
{"round": 1, "acc": [[88.4934, 81.6627, 91.9922, 82.7493, 29.0067, 66.7065], [87.5301, 82.6059, 91.7098, 82.4572, 24.5333, 66.4676], [87.2893, 81.4868, 91.8443, 82.3321, 25.32, 65.2732], [87.6639, 80.8793, 91.7233, 83.4585, 28.6333, 65.6913], [87.5301, 80.4317, 91.8241, 83.0622, 32.86, 64.2878], [87.5836, 81.1831, 92.1536, 82.3738, 28.2333, 70.1702]], "total_test_time": 390.281307220459, "total_train_time": 177.56428265571594}
{"round": 2, "acc": [[88.654, 81.8545, 92.1603, 82.791, 29.08, 67.0947], [87.7174, 83.0695, 91.8577, 82.4572, 24.8333, 67.0648], [87.6907, 82.0304, 92.0527, 82.5407, 25.9667, 66.0794], [87.878, 81.263, 91.8376, 83.6254, 28.9467, 66.378], [87.9315, 81.199, 91.9922, 83.3333, 33.5267, 65.4822], [87.7977, 81.3909, 92.288, 82.6241, 28.3333, 70.3792]], "total_test_time": 780.2909083366394, "total_train_time": 355.3177840709686}
{"round": 3, "acc": [[88.7343, 81.9185, 92.2477, 83.1039, 29.34, 67.453], [87.9315, 83.1815, 91.9922, 82.7076, 25.12, 67.3933], [88.0118, 82.2062, 92.2477, 82.8744, 26.2067, 66.6468], [87.8245, 81.5508, 91.9519, 83.9383, 29.0867, 66.4975], [88.0385, 81.4229, 92.1536, 83.5419, 34.2933, 65.9898], [87.8512, 81.5508, 92.3284, 82.7701, 28.68, 70.5882]], "total_test_time": 1169.308602809906, "total_train_time": 533.0752646923065}
{"round": 4, "acc": [[88.8413, 82.1423, 92.2948, 83.1873, 29.5733, 67.6321], [88.1456, 83.3893, 92.0191, 82.9161, 25.6067, 67.6023], [88.0921, 82.4301, 92.2948, 83.0413, 26.6533, 67.1544], [88.0921, 81.7266, 92.0191, 84.0634, 29.6133, 67.0051], [88.1723, 81.5028, 92.241, 83.7922, 34.9133, 66.7065], [87.8245, 81.8225, 92.4225, 82.9161, 29.0867, 70.5584]], "total_test_time": 1560.1024899482727, "total_train_time": 710.6506621837616}
{"round": 5, "acc": [[88.8413, 82.3661, 92.3486, 83.3125, 29.96, 67.871], [88.1188, 83.4373, 92.0594, 83.0622, 25.7667, 67.7814], [88.1723, 82.526, 92.3284, 83.1039, 26.8533, 67.453], [88.1188, 81.9504, 92.0527, 84.3346, 29.7933, 67.2141], [88.4399, 81.7906, 92.288, 83.6671, 35.4533, 66.7065], [87.9047, 81.8225, 92.4696, 83.1873, 29.4533, 70.648]], "total_test_time": 1950.959448814392, "total_train_time": 887.9056277275085}
{"round": 6, "acc": [[88.8681, 82.446, 92.362, 83.3751, 30.2733, 68.1099], [88.1991, 83.693, 92.1199, 83.083, 25.9733, 67.7814], [88.3329, 82.7018, 92.3486, 83.1665, 27.3333, 67.6023], [88.3329, 82.2062, 92.1132, 84.418, 30.0133, 67.3335], [88.4399, 81.8545, 92.3754, 83.6254, 35.8267, 66.9454], [88.0921, 82.0144, 92.4561, 83.3959, 29.7467, 71.066]], "total_test_time": 2340.281173467636, "total_train_time": 1065.2411284446716}
{"round": 12, "acc": [[89.2962, 82.9257, 92.5301, 83.8131, 30.9667, 68.7967], [88.3329, 84.0767, 92.2275, 83.3333, 26.5467, 68.08], [88.2794, 83.0536, 92.4158, 83.3751, 27.5067, 67.3933], [88.7075, 82.5899, 92.1805, 84.7935, 30.6067, 67.871], [88.6272, 82.3981, 92.5166, 83.8757, 36.9733, 67.3634], [88.4934, 82.4141, 92.5435, 83.834, 30.4867, 71.6632]], "total_test_time": 2730.4241025447845, "total_train_time": 2128.479334592819}
{"round": 22, "acc": [[89.3765, 83.0536, 92.5839, 83.7922, 31.24, 68.8564], [88.3061, 84.1886, 92.2813, 83.3959, 26.6267, 68.1995], [88.5737, 82.8777, 92.4629, 83.4168, 27.5333, 67.5724], [88.7343, 82.7018, 92.2544, 84.6475, 31.0133, 68.289], [88.7878, 82.478, 92.5637, 83.8548, 37.26, 67.4231], [88.4667, 82.3501, 92.6108, 83.8548, 30.68, 71.6632]], "total_test_time": 3120.697027683258, "total_train_time": 3899.8998749256134}
