{"base_model": "CLIP", "dataset": "data2", "subset_size": 10, "image_encoder_name": "ViT-B-32", "optimizer": "AdamW", "batch_size": 128, "learning_rate": 0.001, "global_rounds": 50, "local_epochs": 1, "warm_up": 5, "seed": 1}
{"round": 49, "acc": [[91.5584, 68.9017, 74.4353, 65.4717, 50.4, 38.5057], [80.8442, 87.9769, 83.2649, 75.6604, 48.6, 62.6437], [81.1688, 70.0578, 98.5626, 83.3962, 43.1333, 61.4943], [85.0649, 78.3815, 87.577, 94.5283, 45.0, 60.9195], [41.8831, 24.3931, 31.2115, 39.6226, 91.2, 21.2644], [54.8701, 50.289, 72.3819, 56.6038, 33.7333, 73.5632]], "total_test_time": 0.00015616416931152344, "total_train_time": 2155.3910608291626}
