{"base_model": "CLIP", "dataset": "domainnet", "subset_size": 50, "image_encoder_name": "ViT-B-32", "optimizer": "AdamW", "batch_size": 32, "learning_rate": 0.001, "global_rounds": 200, "local_epochs": 1, "warm_up": 10, "seed": 1}
{"round": 0, "acc": [[91.1099, 82.0397, 92.9308, 87.4439, 35.2, 68.75], [89.8399, 82.8329, 92.8901, 86.7713, 29.1067, 68.5592], [89.8399, 82.7479, 92.9851, 86.9315, 31.3867, 68.1775], [90.0055, 81.5297, 93.0529, 87.6682, 34.1067, 67.5095], [90.5025, 81.3881, 93.0258, 87.3479, 36.6, 66.7939], [90.0055, 81.6714, 92.9715, 87.2518, 34.1467, 72.8531]], "total_test_time": 0, "total_train_time": 0}
{"round": 1, "acc": [[91.1099, 82.0397, 92.9172, 87.4119, 35.2133, 68.7023], [89.8951, 82.8045, 92.9172, 86.7393, 29.0, 68.6546], [89.8399, 82.7195, 93.1072, 86.9635, 31.4133, 68.3683], [90.0607, 81.6431, 93.0529, 87.7322, 34.1867, 67.5095], [90.4473, 81.3314, 93.0393, 87.4439, 39.5467, 66.7462], [90.0055, 81.6714, 92.9851, 87.2197, 34.1733, 73.0439]], "total_test_time": 180.4017369747162, "total_train_time": 93.72967219352722}
{"round": 2, "acc": [[91.1099, 82.0113, 93.0122, 87.3479, 35.4133, 69.0363], [90.1712, 83.0028, 92.9579, 86.8994, 29.4267, 69.2271], [89.9503, 82.9462, 93.2429, 87.0916, 32.2933, 68.8454], [90.3368, 81.5581, 93.1343, 87.7643, 34.6533, 68.0344], [90.6681, 81.6714, 93.1343, 87.6041, 41.0267, 67.271], [90.0055, 82.068, 93.0393, 87.3799, 34.2533, 73.187]], "total_test_time": 362.2601430416107, "total_train_time": 187.32884216308594}
{"round": 3, "acc": [[91.0547, 82.153, 93.0936, 87.3799, 36.04, 69.1794], [90.392, 83.1728, 92.9986, 87.1236, 30.0267, 69.5611], [90.0607, 83.2295, 93.365, 87.3479, 32.9867, 68.9408], [90.4473, 81.6714, 93.1208, 87.9244, 35.2667, 68.1775], [90.7234, 81.9547, 93.175, 87.9244, 41.9467, 67.5095], [90.0055, 82.238, 93.0393, 87.4439, 34.4133, 73.1393]], "total_test_time": 543.4093046188354, "total_train_time": 281.05189275741577}
{"round": 4, "acc": [[91.0547, 82.3229, 93.0801, 87.4439, 36.3733, 69.3225], [90.6681, 83.2011, 93.0529, 87.3479, 30.52, 69.7996], [90.116, 83.3428, 93.3921, 87.5721, 33.4267, 69.4656], [90.5025, 81.898, 93.1479, 88.1166, 35.6667, 68.4637], [90.6681, 81.9263, 93.1886, 87.9564, 42.7067, 67.9389], [90.0607, 82.2096, 93.0936, 87.6041, 34.88, 73.0916]], "total_test_time": 724.3842680454254, "total_train_time": 374.83224296569824}
{"round": 5, "acc": [[91.1651, 82.2946, 93.1479, 87.508, 36.7467, 69.6088], [90.7234, 83.4278, 93.0258, 87.4439, 30.96, 69.9905], [90.5577, 83.2011, 93.5278, 87.7643, 33.6533, 69.895], [90.7234, 81.8414, 93.2022, 88.2767, 36.3733, 68.8454], [90.889, 82.1813, 93.175, 88.0846, 43.4667, 68.2729], [90.1712, 82.2663, 93.0936, 87.6361, 35.36, 73.1393]], "total_test_time": 905.6996712684631, "total_train_time": 468.44029450416565}
{"round": 6, "acc": [[91.3308, 82.4929, 93.1886, 87.508, 36.9067, 69.8473], [90.7234, 83.7394, 93.0801, 87.476, 31.4, 70.4198], [90.6129, 83.2861, 93.5685, 87.8924, 34.3867, 70.0859], [90.8338, 81.9263, 93.2564, 88.3408, 36.8, 69.1794], [90.9442, 82.3229, 93.2564, 88.0525, 44.1067, 68.8931], [90.2264, 82.2663, 93.0936, 87.7002, 35.8667, 73.2347]], "total_test_time": 1086.8340318202972, "total_train_time": 561.7660357952118}
{"round": 9, "acc": [[91.6068, 82.5496, 93.2564, 87.6682, 37.7333, 70.1813], [91.0547, 83.9093, 93.175, 87.476, 32.28, 70.7061], [91.1099, 83.6827, 93.7178, 87.9564, 34.7733, 70.4676], [91.2203, 82.3229, 93.4464, 88.8533, 37.76, 70.229], [91.1651, 82.5212, 93.3243, 88.0846, 45.48, 69.4656], [90.5577, 82.4929, 93.2157, 87.9885, 36.64, 73.7118]], "total_test_time": 1268.465533733368, "total_train_time": 842.7999382019043}
{"round": 10, "acc": [[91.6621, 82.5496, 93.2836, 87.7002, 38.0133, 70.4676], [91.0547, 84.1926, 93.1886, 87.54, 32.56, 70.5153], [91.1651, 83.5411, 93.6906, 88.0525, 34.96, 70.3721], [91.3308, 82.4363, 93.46, 88.9174, 37.9467, 70.4198], [91.1099, 82.6912, 93.365, 88.1166, 45.56, 69.6088], [90.5577, 82.6346, 93.27, 88.1807, 36.9467, 73.855]], "total_test_time": 1449.7162101268768, "total_train_time": 936.5842318534851}
{"round": 14, "acc": [[91.7725, 82.9745, 93.365, 88.0205, 38.9733, 70.8015], [91.4964, 83.9943, 93.2429, 87.6682, 32.9467, 71.0401], [90.9442, 83.966, 93.7042, 87.9564, 34.8667, 70.4198], [91.386, 82.6629, 93.4871, 89.2056, 38.28, 70.9924], [91.386, 83.0878, 93.3921, 88.2127, 46.5333, 69.8473], [90.7234, 83.0028, 93.365, 88.3728, 37.52, 74.1412]], "total_test_time": 1631.1608839035034, "total_train_time": 1312.51997256279}
{"round": 24, "acc": [[91.8829, 83.0595, 93.4735, 88.3408, 39.8, 71.5649], [91.4964, 84.051, 93.27, 87.54, 33.16, 71.2309], [91.0547, 83.796, 93.772, 87.9564, 35.3733, 70.6584], [91.4964, 82.7762, 93.4871, 89.3338, 38.7733, 71.2309], [91.386, 82.8612, 93.3514, 88.2127, 47.12, 69.7042], [90.8338, 83.1161, 93.4057, 88.4049, 38.12, 74.7137]], "total_test_time": 1812.9529674053192, "total_train_time": 2250.0585672855377}
