{"base_model": "CLIP", "dataset": "data", "subset_size": 100, "image_encoder_name": "ViT-B-32", "optimizer": "AdamW", "batch_size": 32, "learning_rate": 0.001, "global_rounds": 200, "local_epochs": 1, "warm_up": 10, "seed": 1}
{"round": 0, "acc": [[88.3864, 81.6787, 91.9855, 82.7284, 28.9867, 66.6766], [87.5033, 82.558, 91.7502, 82.4781, 24.5667, 66.3482], [87.2893, 81.4548, 91.7838, 82.3112, 25.2667, 65.1538], [87.6104, 80.8153, 91.7367, 83.3125, 28.64, 65.6614], [87.5033, 80.6075, 91.7972, 82.9996, 30.1933, 64.6163], [87.6104, 81.0871, 92.1536, 82.2486, 28.2467, 69.9313]], "total_test_time": 0, "total_train_time": 0}
{"round": 1, "acc": [[88.5202, 81.6627, 91.9922, 82.7701, 29.0067, 66.6766], [87.5301, 82.6219, 91.7098, 82.4364, 24.52, 66.4676], [87.2893, 81.4868, 91.8443, 82.3321, 25.3, 65.2732], [87.6639, 80.8793, 91.7165, 83.4793, 28.64, 65.6913], [87.5569, 80.4157, 91.8241, 83.083, 32.8867, 64.2878], [87.5569, 81.1511, 92.1536, 82.3112, 28.2333, 70.1403]], "total_test_time": 641.9557132720947, "total_train_time": 258.22702956199646}
{"round": 2, "acc": [[88.654, 81.8225, 92.1603, 82.8118, 29.12, 67.0947], [87.6907, 83.0536, 91.8577, 82.4572, 24.8267, 67.0947], [87.6371, 81.9984, 92.0594, 82.5198, 25.9133, 66.0197], [87.8245, 81.263, 91.8443, 83.6879, 28.9, 66.4079], [87.878, 81.1671, 91.9989, 83.3333, 33.4933, 65.4822], [87.7174, 81.3909, 92.2948, 82.6241, 28.3333, 70.3494]], "total_test_time": 1299.9289138317108, "total_train_time": 516.5343656539917}
{"round": 3, "acc": [[88.7075, 81.8545, 92.2477, 83.0413, 29.4, 67.4828], [87.8512, 83.1335, 91.9922, 82.7076, 25.1267, 67.4231], [87.9583, 82.2382, 92.2208, 82.7493, 26.34, 66.7961], [87.8512, 81.5508, 91.9384, 83.9591, 29.04, 66.5273], [88.0653, 81.3749, 92.1805, 83.4376, 34.4667, 65.9301], [87.878, 81.5827, 92.3284, 82.8118, 28.7067, 70.5285]], "total_test_time": 1953.581431388855, "total_train_time": 775.7798871994019}
{"round": 4, "acc": [[88.8146, 82.1583, 92.2948, 83.1247, 29.58, 67.6023], [88.1456, 83.3573, 92.0124, 82.7701, 25.46, 67.6321], [88.1188, 82.3821, 92.241, 82.8536, 26.4467, 67.1842], [88.0385, 81.7266, 91.9922, 84.1051, 29.5733, 66.9155], [88.2258, 81.4548, 92.2342, 83.6671, 34.94, 66.3482], [87.8512, 81.8066, 92.4023, 82.8953, 29.0133, 70.4688]], "total_test_time": 2604.981558084488, "total_train_time": 1033.0947334766388}
{"round": 5, "acc": [[88.8948, 82.3821, 92.3553, 83.2499, 29.92, 67.9009], [88.0653, 83.5012, 92.0662, 83.0204, 25.6067, 67.662], [88.1991, 82.5899, 92.2948, 83.0204, 26.8267, 67.4231], [88.1723, 81.9984, 92.0796, 84.2303, 29.8867, 67.2738], [88.3864, 81.7266, 92.3082, 83.6462, 35.4267, 66.9454], [87.9583, 81.8225, 92.4427, 83.1665, 29.42, 70.5882]], "total_test_time": 3255.323422193527, "total_train_time": 1290.5372591018677}
{"round": 6, "acc": [[88.8948, 82.3821, 92.362, 83.3542, 30.1467, 68.1099], [88.0921, 83.5971, 92.0931, 83.1039, 25.76, 67.7516], [88.3864, 82.6539, 92.3351, 83.2708, 27.08, 67.2738], [88.3329, 82.1103, 92.1132, 84.4389, 29.9, 67.244], [88.5737, 81.8225, 92.362, 83.7297, 35.7667, 66.9454], [88.1188, 82.0304, 92.4763, 83.3125, 29.6467, 70.9466]], "total_test_time": 3893.879645586014, "total_train_time": 1546.940188407898}
{"round": 15, "acc": [[89.3765, 82.7978, 92.5906, 83.7297, 31.2667, 68.7369], [88.4934, 84.2846, 92.2611, 83.3333, 26.8067, 68.3786], [88.3061, 82.8457, 92.4091, 83.5211, 28.06, 67.6321], [88.7878, 82.494, 92.2275, 84.6892, 30.8867, 68.0203], [88.7878, 82.2702, 92.483, 83.7505, 37.34, 67.3933], [88.5737, 82.2862, 92.5704, 83.8757, 30.6133, 71.6632]], "total_test_time": 4528.80465722084, "total_train_time": 3866.746310710907}
{"round": 17, "acc": [[89.3765, 82.9736, 92.6377, 83.7714, 31.3, 68.9161], [88.4934, 84.2366, 92.2544, 83.3333, 26.7133, 68.289], [88.4934, 82.9257, 92.4292, 83.5211, 27.98, 67.5127], [88.7343, 82.494, 92.2342, 84.6683, 30.9867, 68.1696], [88.9216, 82.4141, 92.4965, 83.7297, 37.5267, 67.5127], [88.6808, 82.3661, 92.5503, 83.9383, 30.7133, 71.693]], "total_test_time": 5176.136244535446, "total_train_time": 4382.490233659744}
{"round": 25, "acc": [[89.4033, 82.9576, 92.604, 83.8965, 31.3933, 68.8265], [88.3061, 84.2206, 92.2477, 83.4376, 26.84, 68.5279], [88.547, 82.8777, 92.4629, 83.4168, 27.9733, 67.7516], [88.761, 82.6539, 92.2948, 84.7101, 31.0867, 68.2592], [88.8413, 82.3181, 92.4897, 83.7088, 37.6067, 67.4231], [88.4934, 82.3181, 92.5973, 83.834, 30.8867, 71.5437]], "total_test_time": 5818.831295490265, "total_train_time": 6444.428528547287}
{"round": 31, "acc": [[89.4033, 83.0056, 92.5906, 83.7922, 31.4267, 68.8265], [88.3864, 84.2526, 92.2813, 83.3959, 26.86, 68.5279], [88.761, 82.9576, 92.4629, 83.2916, 27.88, 67.7516], [88.7075, 82.7018, 92.2948, 84.6266, 31.1467, 68.2293], [88.7343, 82.4141, 92.5032, 83.7714, 37.78, 67.3037], [88.654, 82.462, 92.6175, 83.8131, 30.8467, 71.7528]], "total_test_time": 6456.240008592606, "total_train_time": 7988.292820930481}
{"round": 41, "acc": [[89.4568, 83.0855, 92.604, 83.9383, 31.5533, 68.8265], [88.3864, 84.1886, 92.241, 83.3959, 26.9933, 68.0502], [88.6005, 82.9257, 92.5368, 83.4376, 28.0933, 67.662], [88.8413, 82.6379, 92.2948, 84.7309, 31.2067, 68.4383], [88.7343, 82.2862, 92.5435, 83.834, 37.5933, 67.1245], [88.6005, 82.4301, 92.6444, 83.9174, 30.8667, 71.6333]], "total_test_time": 7090.625404596329, "total_train_time": 10576.373263835907}
