{"base_model": "CLIP", "dataset": "data", "subset_size": 50, "image_encoder_name": "ViT-B-32", "optimizer": "AdamW", "batch_size": 32, "learning_rate": 0.001, "global_rounds": 200, "local_epochs": 1, "warm_up": 10, "seed": 1}
{"round": 0, "acc": [[91.1099, 82.0397, 92.9308, 87.4439, 35.2, 68.75], [89.8399, 82.8329, 92.8901, 86.7713, 29.1067, 68.5592], [89.8399, 82.7479, 92.9851, 86.9315, 31.3867, 68.1775], [90.0055, 81.5297, 93.0529, 87.6682, 34.1067, 67.5095], [90.5025, 81.3881, 93.0258, 87.3479, 36.6, 66.7939], [90.0055, 81.6714, 92.9715, 87.2518, 34.1467, 72.8531]], "total_test_time": 0, "total_train_time": 0}
{"round": 1, "acc": [[91.1099, 82.0397, 92.9172, 87.3799, 35.2267, 68.7023], [89.8951, 82.8329, 92.9172, 86.7393, 29.0, 68.6546], [89.8399, 82.7479, 93.1072, 86.9315, 31.3867, 68.3683], [90.0607, 81.6431, 93.0529, 87.7322, 34.2, 67.4618], [90.4473, 81.3598, 93.0393, 87.476, 39.4933, 66.7462], [90.0055, 81.6714, 92.9851, 87.2518, 34.1733, 73.0439]], "total_test_time": 282.9291546344757, "total_train_time": 139.63757944107056}
{"round": 2, "acc": [[91.1099, 82.0113, 92.9986, 87.3158, 35.4267, 69.084], [90.1712, 83.0312, 92.9579, 86.8994, 29.4267, 69.2271], [89.9503, 82.9462, 93.2293, 87.1236, 32.2533, 68.8454], [90.3368, 81.5864, 93.1343, 87.7322, 34.6, 68.0344], [90.6681, 81.6997, 93.1479, 87.6361, 40.9867, 67.2233], [90.0055, 82.068, 93.0393, 87.3799, 34.2, 73.187]], "total_test_time": 568.6284191608429, "total_train_time": 277.51404309272766}
{"round": 3, "acc": [[91.0547, 82.153, 93.0936, 87.3799, 36.0267, 69.1317], [90.392, 83.1445, 93.0122, 87.0916, 29.9867, 69.5611], [90.0055, 83.2861, 93.3514, 87.3158, 33.0133, 68.9885], [90.392, 81.6997, 93.1208, 87.9564, 35.3333, 68.2252], [90.6129, 81.8414, 93.1615, 87.8283, 42.0, 67.4141], [90.0055, 82.238, 93.0665, 87.508, 34.4133, 73.0439]], "total_test_time": 856.3900606632233, "total_train_time": 416.3973698616028}
{"round": 4, "acc": [[91.0547, 82.238, 93.0936, 87.4119, 36.3467, 69.3225], [90.6129, 83.2011, 93.0529, 87.3799, 30.44, 69.7519], [90.2816, 83.3428, 93.4057, 87.7002, 33.5333, 69.4179], [90.5577, 81.8697, 93.175, 88.0205, 35.6667, 68.5115], [90.7786, 81.9263, 93.1615, 87.9885, 42.4933, 67.9866], [90.116, 82.2096, 93.1208, 87.6361, 34.9067, 73.1393]], "total_test_time": 1143.0437071323395, "total_train_time": 554.7077667713165}
{"round": 5, "acc": [[91.1651, 82.2663, 93.1343, 87.476, 36.6133, 69.7042], [90.7786, 83.4561, 93.0258, 87.4119, 30.92, 69.9427], [90.5577, 83.3428, 93.5278, 87.7643, 33.7867, 69.7519], [90.7234, 81.9263, 93.1886, 88.2767, 36.2933, 68.8931], [90.8338, 82.2096, 93.2022, 88.0846, 43.4267, 68.3206], [90.1712, 82.2946, 93.1343, 87.6041, 35.3467, 73.0916]], "total_test_time": 1424.31010055542, "total_train_time": 689.8108987808228}
{"round": 10, "acc": [[91.7725, 82.7195, 93.3107, 87.7322, 38.08, 70.3721], [91.2203, 84.1643, 93.2564, 87.4439, 32.3333, 70.563], [91.1099, 83.6544, 93.7313, 87.9564, 34.92, 69.9905], [91.2755, 82.5212, 93.5278, 88.8533, 38.08, 70.2767], [91.386, 82.8612, 93.3786, 88.0525, 45.4533, 69.5611], [90.5577, 82.6629, 93.27, 88.2767, 36.88, 73.6641]], "total_test_time": 1703.4811718463898, "total_train_time": 1369.8660809993744}
{"round": 11, "acc": [[91.7173, 82.8329, 93.3514, 87.7963, 38.3333, 70.7061], [91.3308, 84.2493, 93.27, 87.6041, 32.5733, 70.6107], [90.9994, 83.6261, 93.7178, 87.8924, 35.2, 70.4198], [91.2755, 82.6062, 93.5142, 88.9494, 38.1867, 70.3244], [91.1651, 83.0312, 93.4193, 88.1166, 45.6267, 69.7996], [90.6129, 82.7762, 93.3107, 88.2767, 37.1333, 73.7595]], "total_test_time": 1986.8616564273834, "total_train_time": 1508.2692947387695}
{"round": 12, "acc": [[91.7725, 82.8895, 93.3786, 87.9564, 38.5733, 70.7538], [91.4964, 84.2776, 93.2429, 87.6361, 32.5067, 70.6107], [91.1651, 83.6827, 93.7313, 87.8924, 35.2533, 70.3244], [91.4412, 82.7762, 93.555, 89.0135, 38.0267, 70.5153], [91.386, 83.1445, 93.4328, 88.1166, 45.8133, 69.6088], [90.7786, 82.9462, 93.3786, 88.3408, 37.3067, 73.855]], "total_test_time": 2271.913491010666, "total_train_time": 1645.851324558258}
{"round": 13, "acc": [[91.6621, 82.9745, 93.3921, 87.9885, 38.8133, 70.8492], [91.4412, 84.3343, 93.2836, 87.6361, 32.68, 70.5153], [91.1651, 83.711, 93.6771, 87.9244, 35.3467, 70.4198], [91.4964, 82.7479, 93.5957, 89.0775, 38.1467, 70.7538], [91.4964, 83.1161, 93.4193, 88.1486, 45.9333, 69.895], [90.889, 83.0312, 93.4057, 88.3408, 37.4533, 73.9504]], "total_test_time": 2561.750426530838, "total_train_time": 1786.1692609786987}
{"round": 19, "acc": [[91.8277, 83.2295, 93.4735, 88.2127, 39.56, 71.4218], [91.5516, 84.1926, 93.3107, 87.7963, 32.96, 70.7061], [91.1099, 83.966, 93.7449, 87.9885, 35.32, 70.6107], [91.4412, 82.8045, 93.5142, 89.2056, 38.56, 70.9447], [91.4412, 83.0312, 93.365, 88.1486, 46.6267, 70.0859], [90.889, 83.1728, 93.3921, 88.4049, 37.8267, 74.4752]], "total_test_time": 2847.4770600795746, "total_train_time": 2618.3154623508453}
{"round": 21, "acc": [[91.8277, 83.2011, 93.5007, 88.3088, 39.72, 71.4695], [91.6068, 84.221, 93.2836, 87.6682, 33.2, 70.8969], [91.0547, 83.9943, 93.7585, 87.9244, 35.4267, 70.563], [91.5516, 82.7762, 93.5278, 89.2697, 38.76, 70.6584], [91.6068, 83.0878, 93.3921, 88.2127, 46.72, 69.895], [90.889, 83.3428, 93.4193, 88.4049, 38.0267, 74.4275]], "total_test_time": 3134.3499023914337, "total_train_time": 2891.092604637146}
{"round": 31, "acc": [[91.8277, 83.4278, 93.46, 88.3728, 40.0, 71.6126], [91.4412, 84.3343, 93.3107, 87.7643, 33.16, 71.2786], [91.0547, 83.9377, 93.7178, 87.9885, 35.1733, 70.563], [91.4412, 82.9178, 93.5685, 89.3658, 38.6133, 71.0878], [91.3308, 83.0312, 93.3786, 88.2447, 46.7067, 69.9427], [90.889, 83.3428, 93.4464, 88.2767, 38.1067, 74.4752]], "total_test_time": 3420.267861366272, "total_train_time": 4276.236626625061}
