{"base_model": "CLIP", "dataset": "data", "subset_size": 150, "image_encoder_name": "ViT-B-32", "optimizer": "AdamW", "batch_size": 32, "learning_rate": 0.001, "global_rounds": 200, "local_epochs": 1, "warm_up": 10, "seed": 1}
{"round": 0, "acc": [[85.6208, 76.9924, 90.2374, 78.8379, 24.6978, 61.0499], [84.8069, 79.0059, 89.672, 78.4869, 21.4978, 60.807], [84.7909, 77.3421, 89.9871, 77.772, 20.9778, 59.8169], [84.9026, 77.0348, 89.8619, 79.4878, 25.4933, 60.3587], [85.0303, 76.4731, 89.8921, 78.7989, 26.4978, 59.7048], [85.3016, 77.0136, 90.3453, 78.149, 24.8356, 64.0389]], "total_test_time": 0, "total_train_time": 0}
{"round": 1, "acc": [[85.7804, 76.9924, 90.259, 78.8249, 24.6578, 60.9938], [84.8548, 79.0801, 89.6849, 78.4739, 21.4978, 60.9004], [84.7909, 77.3633, 90.0691, 77.785, 21.0667, 59.9103], [84.9186, 77.1725, 89.8705, 79.7088, 25.4711, 60.4894], [84.9824, 76.3035, 89.9266, 78.8769, 28.8444, 59.5554], [85.2538, 77.0242, 90.3539, 78.149, 24.8267, 64.207]], "total_test_time": 1110.5617227554321, "total_train_time": 391.5120029449463}
{"round": 2, "acc": [[85.8123, 77.2467, 90.41, 79.0459, 25.04, 62.096], [85.0303, 79.6524, 89.8792, 78.5909, 21.9244, 61.7411], [85.158, 78.2005, 90.3798, 78.266, 21.6178, 61.0872], [85.2218, 77.7554, 90.0432, 79.9168, 25.76, 61.162], [85.3655, 77.1619, 90.1985, 79.2149, 29.5911, 61.0499], [85.3974, 77.4587, 90.4963, 78.4219, 25.0044, 64.5993]], "total_test_time": 2236.5647072792053, "total_train_time": 784.3686151504517}
{"round": 3, "acc": [[85.924, 77.4693, 90.5438, 79.3189, 25.5111, 62.451], [85.174, 80.0551, 90.0734, 78.7599, 22.3378, 62.2081], [85.3335, 78.5926, 90.574, 78.3959, 22.1244, 61.7224], [85.3974, 78.2111, 90.1338, 80.1508, 26.2444, 62.0587], [85.5091, 77.3315, 90.3496, 79.5138, 30.5467, 61.3301], [85.4931, 77.7766, 90.6172, 78.6299, 25.3244, 64.9729]], "total_test_time": 3361.9623098373413, "total_train_time": 1178.7692437171936}
{"round": 4, "acc": [[86.0198, 77.7766, 90.6819, 79.6568, 25.9511, 62.7312], [85.2378, 80.2989, 90.1122, 79.1499, 22.7022, 62.4696], [85.4133, 78.794, 90.6388, 78.6689, 22.6089, 62.0773], [85.541, 78.5608, 90.2849, 80.4628, 26.7422, 62.3015], [85.6049, 77.7024, 90.4402, 79.6178, 31.3244, 61.8345], [85.541, 77.8614, 90.6603, 78.8249, 25.7556, 65.2905]], "total_test_time": 4488.2666437625885, "total_train_time": 1572.2074472904205}
{"round": 5, "acc": [[86.1475, 78.0309, 90.738, 79.7608, 26.32, 63.0488], [85.2857, 80.5638, 90.1856, 79.0589, 22.8933, 62.5817], [85.5251, 78.7622, 90.738, 78.6689, 23.0933, 62.5444], [85.7166, 78.7516, 90.3971, 80.6187, 27.1067, 62.6191], [85.6846, 77.8084, 90.5309, 79.7218, 31.8667, 62.04], [85.6527, 78.1687, 90.7337, 78.9419, 25.96, 65.552]], "total_test_time": 5614.154646396637, "total_train_time": 1965.2143034934998}
{"round": 6, "acc": [[86.2911, 78.2005, 90.8416, 79.7998, 26.5956, 63.2542], [85.3495, 80.7228, 90.2115, 79.3319, 23.1689, 62.7685], [85.557, 78.9635, 90.7467, 78.7079, 23.3911, 62.6751], [85.8283, 78.8576, 90.4489, 80.7617, 27.4578, 62.8619], [85.7804, 77.9462, 90.6129, 79.7218, 31.9378, 62.5444], [85.7485, 78.2429, 90.7984, 79.0069, 26.2222, 65.7762]], "total_test_time": 6742.469950914383, "total_train_time": 2358.0225355625153}
{"round": 7, "acc": [[86.3868, 78.4019, 90.8804, 79.8128, 26.9511, 63.4037], [85.6208, 80.8393, 90.2287, 79.2799, 23.4622, 62.8246], [85.7166, 79.1119, 90.8071, 78.7729, 23.6133, 62.4696], [86.0198, 78.9635, 90.5093, 80.8137, 27.68, 62.8246], [85.9081, 77.978, 90.587, 79.7608, 32.36, 62.4696], [85.8921, 78.3171, 90.8502, 79.0069, 26.4711, 65.8883]], "total_test_time": 7867.533645629883, "total_train_time": 2749.133393764496}
{"round": 17, "acc": [[86.5305, 78.7516, 90.9797, 79.9428, 27.2711, 63.8147], [85.6368, 80.9135, 90.3884, 79.3319, 23.9111, 63.1048], [85.7644, 79.3133, 90.8373, 79.0719, 23.7244, 62.6004], [86.0357, 79.4086, 90.5913, 80.9957, 27.9556, 63.1235], [86.1315, 78.3807, 90.7078, 79.9168, 33.2178, 62.8433], [86.3071, 78.5714, 90.9711, 79.4488, 27.0711, 66.3927]], "total_test_time": 8989.876585960388, "total_train_time": 6691.060316085815}
