{"base_model": "CLIP", "dataset": "domainnet", "subset_size": 50, "image_encoder_name": "ViT-B-16", "optimizer": "AdamW", "batch_size": 32, "learning_rate": 0.001, "global_rounds": 200, "local_epochs": 1, "warm_up": 10, "seed": 1}
{"round": 0, "acc": [[91.6621, 85.9773, 93.2293, 87.8924, 33.7333, 74.4752], [92.0486, 86.8272, 93.27, 88.501, 30.8133, 73.6641], [91.3308, 86.034, 93.3786, 87.8603, 29.5867, 74.0458], [91.7173, 85.8074, 93.3243, 88.4369, 34.28, 73.9027], [91.9382, 85.4391, 93.0258, 88.1166, 35.5733, 72.7576], [91.6068, 85.4391, 93.4193, 88.9814, 32.6267, 77.4809]], "total_test_time": 0, "total_train_time": 0}
{"round": 1, "acc": [[91.7173, 86.0057, 93.27, 87.9244, 33.7733, 74.5229], [91.9934, 86.9122, 93.2564, 88.501, 30.8267, 73.7118], [91.386, 85.9773, 93.46, 87.8924, 29.6667, 74.3321], [91.6621, 85.7507, 93.3514, 88.533, 34.2933, 73.9027], [91.9934, 85.1841, 93.0393, 88.2447, 38.1067, 72.3282], [91.6068, 85.4391, 93.4328, 88.9174, 32.6133, 77.5763]], "total_test_time": 576.0610935688019, "total_train_time": 337.5560076236725}
{"round": 2, "acc": [[91.7725, 86.119, 93.365, 87.9244, 34.0533, 74.7615], [91.9934, 86.9972, 93.3514, 88.7892, 31.28, 74.0935], [91.5516, 86.2323, 93.6499, 88.1486, 29.9733, 74.6183], [91.6621, 85.8357, 93.555, 88.7892, 34.6133, 74.1889], [91.8829, 85.4958, 93.27, 88.3408, 39.5733, 72.8531], [91.6068, 85.5807, 93.5957, 89.0135, 32.76, 77.7195]], "total_test_time": 1152.0518457889557, "total_train_time": 675.2752466201782}
{"round": 3, "acc": [[91.8277, 86.3173, 93.4464, 88.0846, 34.4133, 74.7137], [92.2695, 86.9972, 93.4464, 88.7572, 31.9067, 74.2844], [91.6068, 86.2323, 93.6499, 88.3088, 30.4533, 74.7615], [91.6621, 86.0057, 93.6092, 88.8853, 34.9733, 74.2844], [91.8829, 85.6657, 93.4735, 88.5971, 40.4533, 73.1393], [91.6068, 85.6374, 93.7313, 89.0775, 32.9867, 77.8626]], "total_test_time": 1728.7354981899261, "total_train_time": 1012.9861330986023}
{"round": 4, "acc": [[92.0486, 86.289, 93.5007, 88.2447, 34.6533, 75.0], [92.3799, 87.0538, 93.4328, 88.8213, 32.44, 74.3321], [91.7173, 86.3456, 93.772, 88.4049, 30.8267, 74.8092], [91.6621, 86.204, 93.6635, 88.9174, 35.2133, 74.1889], [91.9382, 85.8357, 93.6228, 88.6611, 41.2, 73.2347], [91.6068, 85.6941, 93.8263, 89.0455, 33.4133, 77.9103]], "total_test_time": 2305.946536064148, "total_train_time": 1350.8943955898285}
{"round": 5, "acc": [[91.9934, 86.289, 93.5278, 88.2767, 34.7467, 75.0954], [92.7112, 87.1105, 93.5142, 88.8213, 32.8, 74.3798], [91.8829, 86.6006, 93.867, 88.6611, 31.1067, 74.9046], [91.6621, 86.4023, 93.7313, 89.1095, 35.4533, 74.2844], [91.8829, 85.9207, 93.6906, 88.7252, 41.56, 73.187], [91.6621, 85.7224, 93.8263, 89.1095, 33.64, 78.1011]], "total_test_time": 2881.3236317634583, "total_train_time": 1688.4302439689636}
{"round": 6, "acc": [[92.1038, 86.3739, 93.5685, 88.3728, 34.9733, 75.1431], [92.7112, 87.2521, 93.5821, 88.9494, 33.0133, 74.4275], [91.8829, 86.6289, 93.962, 88.8213, 31.2667, 74.9523], [91.4412, 86.4306, 93.7856, 89.2697, 35.64, 74.5229], [91.9934, 85.8924, 93.6906, 88.9494, 41.7867, 73.3302], [91.6621, 85.864, 93.8399, 89.1736, 33.9067, 78.292]], "total_test_time": 3457.0017573833466, "total_train_time": 2026.2789497375488}
{"round": 7, "acc": [[92.2142, 86.4589, 93.555, 88.501, 35.5067, 75.1908], [92.7664, 87.3654, 93.6228, 89.1416, 33.12, 74.7137], [91.9382, 86.6572, 94.0434, 88.9494, 31.76, 75.0], [91.4964, 86.5722, 93.8806, 89.2697, 35.92, 74.4752], [92.0486, 86.0057, 93.7313, 88.9494, 42.2267, 73.4733], [91.6621, 85.949, 93.8399, 89.3658, 34.3333, 78.3397]], "total_test_time": 4033.865512609482, "total_train_time": 2363.788982629776}
{"round": 8, "acc": [[92.3247, 86.6289, 93.5957, 88.6291, 35.76, 75.334], [92.7664, 87.3654, 93.6364, 89.2056, 33.4, 75.0477], [91.9934, 86.7139, 94.1384, 89.2377, 31.9067, 75.0477], [91.4964, 86.5722, 93.8535, 89.59, 36.1067, 74.5229], [92.2695, 86.0057, 93.7992, 89.2697, 42.5333, 73.6164], [91.6068, 85.9773, 93.867, 89.4299, 34.5333, 78.3874]], "total_test_time": 4609.9296617507935, "total_train_time": 2701.780590057373}
{"round": 11, "acc": [[92.3799, 86.7422, 93.7449, 88.8213, 36.52, 75.8111], [92.7664, 87.5637, 93.7178, 89.2697, 33.8133, 75.2863], [92.3247, 86.8555, 94.1655, 89.2697, 32.2667, 75.0954], [92.1038, 86.8555, 94.0163, 89.8142, 36.4533, 74.9046], [92.1038, 86.289, 93.8535, 89.3658, 43.16, 73.9504], [91.8829, 86.2606, 93.9484, 89.6541, 35.12, 78.6737]], "total_test_time": 5186.2111992836, "total_train_time": 3714.989632129669}
{"round": 12, "acc": [[92.4351, 86.8272, 93.7449, 88.8853, 36.7733, 75.7634], [92.8216, 87.5921, 93.7313, 89.2697, 34.1067, 75.3817], [92.2695, 86.9972, 94.2605, 89.2377, 32.5733, 75.334], [92.159, 86.8839, 94.0299, 89.8142, 36.8533, 75.1908], [92.2695, 86.3173, 93.9077, 89.4619, 43.44, 74.1889], [91.9934, 86.3739, 93.9484, 89.7181, 35.3733, 78.7691]], "total_test_time": 5763.420223712921, "total_train_time": 4053.126929283142}
{"round": 17, "acc": [[92.4903, 87.1105, 93.7856, 88.9174, 37.56, 76.479], [92.7664, 87.7054, 93.8535, 89.3017, 34.24, 75.5725], [92.2695, 87.0822, 94.2605, 89.1095, 32.7867, 75.5248], [92.159, 87.0255, 94.0434, 90.1666, 37.2533, 75.2863], [92.0486, 86.5439, 93.9891, 89.3978, 44.0133, 74.2366], [92.0486, 86.8555, 94.0434, 89.7822, 35.8533, 79.1031]], "total_test_time": 6344.268641471863, "total_train_time": 5747.070561170578}
{"round": 23, "acc": [[92.8216, 87.2238, 93.8128, 89.0135, 37.6533, 76.6698], [92.7664, 87.762, 93.7992, 89.3338, 34.24, 75.5725], [92.3247, 86.9122, 94.2605, 89.1736, 32.5733, 75.6679], [92.2142, 87.0255, 94.1113, 90.1666, 36.9867, 75.3817], [92.1038, 86.4023, 93.9756, 89.4939, 44.1733, 74.1412], [92.159, 86.8839, 94.0299, 89.8783, 35.8533, 79.0553]], "total_test_time": 6925.626573562622, "total_train_time": 7770.3731117248535}
{"round": 33, "acc": [[92.6008, 87.2521, 93.8942, 89.0775, 38.0133, 76.813], [92.9873, 87.8754, 93.8806, 89.3338, 34.3467, 75.5725], [92.2142, 87.0822, 94.2469, 89.2697, 33.0, 75.4771], [92.4903, 86.9688, 94.1384, 90.2947, 37.36, 75.2863], [92.0486, 86.4306, 93.8942, 89.3658, 44.5467, 74.0935], [92.159, 86.9405, 94.0163, 89.9744, 36.1067, 79.2939]], "total_test_time": 7503.461201429367, "total_train_time": 11154.426321268082}
