{"base_model": "CLIP", "dataset": "data2", "subset_size": 100, "image_encoder_name": "ViT-B-32", "optimizer": "AdamW", "batch_size": 128, "learning_rate": 0.001, "global_rounds": 50, "local_epochs": 1, "warm_up": 5, "seed": 1}
{"round": 49, "acc": [[89.0286, 82.478, 92.3754, 83.2499, 29.9533, 67.7814], [87.878, 83.741, 92.0325, 82.8327, 24.4867, 67.4828], [87.8512, 82.0464, 92.1468, 82.5407, 25.88, 66.0197], [87.8245, 81.8066, 92.0998, 84.8144, 28.66, 67.3037], [87.6104, 80.3357, 91.9115, 82.3947, 37.7, 64.1983], [88.0118, 81.5188, 92.4629, 83.2499, 28.9, 71.9021]], "total_test_time": 0.00015115737915039062, "total_train_time": 14931.899154901505}
