{"base_model": "CLIP", "dataset": "data", "subset_size": 100, "image_encoder_name": "ViT-B-16", "optimizer": "AdamW", "batch_size": 32, "learning_rate": 0.001, "global_rounds": 200, "local_epochs": 1, "warm_up": 10, "seed": 1}
{"round": 0, "acc": [[89.0286, 84.3645, 92.7116, 84.1677, 27.7733, 72.2305], [89.1357, 85.4516, 92.4023, 84.1677, 25.3, 71.1854], [88.5202, 84.6683, 92.4561, 84.0217, 24.2867, 71.5139], [88.6272, 84.0927, 92.4965, 84.564, 27.9467, 71.2451], [88.9216, 83.789, 92.3351, 84.3763, 29.1467, 70.1105], [88.4132, 83.9808, 92.8528, 84.6683, 26.9067, 74.888]], "total_test_time": 0, "total_train_time": 0}
{"round": 1, "acc": [[89.0554, 84.3965, 92.7049, 84.1677, 27.7867, 72.2604], [88.9484, 85.5635, 92.3956, 84.1886, 25.3133, 71.2153], [88.6005, 84.7162, 92.5032, 84.0008, 24.2867, 71.693], [88.5737, 84.1087, 92.4763, 84.7101, 27.9667, 71.3049], [89.0286, 83.4692, 92.2746, 84.3137, 31.8667, 69.6924], [88.3596, 83.9169, 92.8394, 84.6475, 26.8733, 74.9477]], "total_test_time": 1787.5637154579163, "total_train_time": 966.9004180431366}
{"round": 2, "acc": [[89.1624, 84.6203, 92.8864, 84.272, 28.1, 72.4097], [89.0554, 85.6914, 92.557, 84.3763, 25.6667, 71.6632], [88.5737, 84.956, 92.7116, 84.3554, 24.4, 71.7528], [88.6005, 84.3325, 92.6713, 84.8561, 28.0933, 71.7229], [89.0554, 84.1407, 92.5839, 84.5432, 32.6067, 70.8271], [88.4667, 84.1727, 92.9537, 84.8978, 27.0533, 75.2762]], "total_test_time": 3560.9588770866394, "total_train_time": 1933.4611251354218}
{"round": 3, "acc": [[89.4568, 84.7962, 92.947, 84.418, 28.4067, 72.6187], [89.2427, 85.7714, 92.7116, 84.7518, 25.9867, 72.1708], [88.7878, 85.0999, 92.8461, 84.6683, 24.8267, 72.0215], [88.9751, 84.7162, 92.7452, 84.9395, 28.2933, 71.9021], [89.0554, 84.4285, 92.6915, 84.5849, 33.26, 71.1556], [88.4399, 84.3165, 93.0411, 85.0229, 27.2533, 75.4255]], "total_test_time": 5343.673434972763, "total_train_time": 2899.5186290740967}
{"round": 4, "acc": [[89.5371, 84.956, 93.0344, 84.5223, 28.66, 72.8576], [89.3497, 85.9952, 92.8125, 84.9604, 26.3067, 72.2604], [88.9216, 85.3397, 92.994, 84.7935, 25.1733, 72.2902], [89.0019, 84.8122, 92.8125, 85.1898, 28.5467, 72.0215], [89.2695, 84.6363, 92.7923, 84.6683, 33.74, 71.0958], [88.4399, 84.4924, 93.1083, 85.169, 27.6133, 75.754]], "total_test_time": 7125.428352117538, "total_train_time": 3866.2035734653473}
{"round": 5, "acc": [[89.5906, 85.1319, 93.115, 84.7726, 29.0467, 72.9173], [89.4835, 86.1071, 92.8394, 85.1272, 26.48, 72.5291], [88.8948, 85.4676, 93.1016, 84.9395, 25.66, 72.35], [88.9484, 85.036, 92.8663, 85.3776, 28.8467, 72.35], [89.2427, 84.6843, 92.8326, 84.7309, 34.2733, 71.275], [88.4399, 84.6843, 93.1487, 85.0647, 27.8867, 76.0227]], "total_test_time": 8913.804479122162, "total_train_time": 4831.705282449722}
{"round": 6, "acc": [[89.7511, 85.1958, 93.1957, 84.8769, 29.3933, 73.1263], [89.6441, 86.219, 92.8797, 85.2524, 26.7667, 72.7083], [88.9751, 85.3877, 93.1957, 84.9395, 25.8267, 72.768], [89.1357, 85.1319, 92.947, 85.5444, 29.1467, 72.4395], [89.4568, 84.7642, 92.9268, 84.7935, 34.6867, 71.6035], [88.5202, 84.6523, 93.1756, 85.169, 28.2, 76.1123]], "total_test_time": 10701.196787834167, "total_train_time": 5797.259004354477}
{"round": 16, "acc": [[90.0723, 85.6914, 93.3369, 85.1481, 30.6067, 73.9922], [89.7511, 86.6507, 93.0881, 85.5444, 27.5, 73.3652], [89.1089, 85.8833, 93.2293, 85.1898, 26.34, 73.1562], [89.323, 85.8673, 93.1352, 86.1285, 30.2533, 73.0666], [89.5906, 85.2918, 93.2092, 85.3776, 35.96, 72.1111], [88.9216, 85.1799, 93.4781, 86.0868, 29.0533, 76.6497]], "total_test_time": 12489.991574764252, "total_train_time": 15435.42008304596}
{"round": 19, "acc": [[90.1258, 85.8833, 93.384, 85.1481, 30.7333, 73.9325], [89.7779, 86.7466, 93.1218, 85.5027, 27.7067, 73.4249], [89.1624, 85.7394, 93.2899, 85.1898, 26.6933, 73.0666], [89.4568, 85.7714, 93.1688, 86.0451, 30.36, 73.0666], [89.6173, 85.2118, 93.1957, 85.1898, 36.3933, 72.0514], [88.8681, 85.1639, 93.4647, 86.0451, 29.1733, 76.6497]], "total_test_time": 14277.292844057083, "total_train_time": 18337.73732972145}
{"round": 22, "acc": [[90.1525, 85.8673, 93.3369, 85.2107, 30.8267, 73.9027], [89.7244, 86.7786, 93.1285, 85.4819, 27.68, 73.3652], [89.2962, 85.7554, 93.2764, 85.1898, 26.4267, 73.0069], [89.5103, 85.7554, 93.1823, 86.1494, 30.46, 73.0666], [89.6709, 85.1479, 93.189, 85.169, 36.1067, 71.9618], [88.9751, 85.1799, 93.5185, 85.9616, 29.2933, 76.5303]], "total_test_time": 16049.88474559784, "total_train_time": 21221.2887635231}
