{"base_model": "CLIP", "dataset": "domainnet", "subset_size": 50, "image_encoder_name": "ViT-B-32", "optimizer": "AdamW", "batch_size": 32, "learning_rate": 0.001, "global_rounds": 200, "local_epochs": 1, "warm_up": 10, "seed": 1}
{"round": 0, "acc": [[91.1099, 82.0397, 92.9308, 87.4439, 35.2, 68.75], [89.8399, 82.8329, 92.8901, 86.7713, 29.1067, 68.5592], [89.8399, 82.7479, 92.9851, 86.9315, 31.3867, 68.1775], [90.0055, 81.5297, 93.0529, 87.6682, 34.1067, 67.5095], [90.5025, 81.3881, 93.0258, 87.3479, 36.6, 66.7939], [90.0055, 81.6714, 92.9715, 87.2518, 34.1467, 72.8531]], "total_test_time": 0, "total_train_time": 0}
{"round": 1, "acc": [[91.1099, 82.0397, 92.9172, 87.4119, 35.2, 68.7023], [89.8951, 82.8045, 92.9172, 86.7393, 29.0, 68.6546], [89.8399, 82.7195, 93.1072, 86.9635, 31.4133, 68.3683], [90.0607, 81.6431, 93.0529, 87.7322, 34.1867, 67.5095], [90.4473, 81.3314, 93.0393, 87.4439, 39.5467, 66.7462], [90.0055, 81.6714, 92.9851, 87.2197, 34.1733, 73.0439]], "total_test_time": 336.34218168258667, "total_train_time": 161.56404447555542}
{"round": 2, "acc": [[91.1099, 82.0113, 93.0122, 87.3479, 35.4133, 69.0363], [90.1712, 83.0028, 92.9579, 86.8994, 29.4267, 69.2271], [89.9503, 82.9462, 93.2429, 87.0916, 32.2933, 68.8454], [90.3368, 81.5581, 93.1343, 87.7643, 34.6533, 68.0344], [90.7234, 81.6714, 93.1343, 87.6041, 41.0267, 67.271], [90.0055, 82.068, 93.0393, 87.3799, 34.2533, 73.187]], "total_test_time": 666.6046085357666, "total_train_time": 315.7269170284271}
{"round": 3, "acc": [[91.0547, 82.153, 93.0936, 87.3799, 36.0, 69.1794], [90.392, 83.1445, 92.9986, 87.0916, 30.0533, 69.5611], [90.116, 83.2295, 93.365, 87.3799, 33.0, 69.0363], [90.392, 81.6997, 93.1208, 87.9244, 35.2533, 68.1775], [90.6681, 81.9547, 93.175, 87.9244, 41.92, 67.5095], [90.0055, 82.238, 93.0393, 87.4439, 34.4133, 73.0439]], "total_test_time": 991.887172460556, "total_train_time": 470.15717816352844}
{"round": 4, "acc": [[91.0547, 82.2663, 93.0801, 87.4439, 36.3867, 69.3702], [90.6129, 83.2011, 93.0529, 87.3479, 30.4933, 69.7519], [90.1712, 83.3144, 93.4193, 87.5721, 33.4267, 69.5611], [90.5025, 81.898, 93.1615, 88.0846, 35.7467, 68.4637], [90.6129, 81.9263, 93.2022, 87.9244, 42.7467, 67.8912], [90.0055, 82.153, 93.0936, 87.6361, 34.84, 73.0439]], "total_test_time": 1316.5369348526, "total_train_time": 624.8769364356995}
{"round": 5, "acc": [[91.2203, 82.2663, 93.1615, 87.508, 36.72, 69.6088], [90.7234, 83.4278, 93.0258, 87.4119, 30.8667, 69.9427], [90.6681, 83.2011, 93.5142, 87.7322, 33.6, 69.895], [90.7234, 81.8697, 93.1886, 88.2447, 36.4133, 68.8454], [90.889, 82.1813, 93.2022, 88.0205, 43.3333, 68.1775], [90.1712, 82.2663, 93.0936, 87.6682, 35.36, 73.1393]], "total_test_time": 1641.9642233848572, "total_train_time": 778.8340728282928}
{"round": 6, "acc": [[91.3308, 82.4929, 93.175, 87.508, 36.9067, 69.8473], [90.7786, 83.5977, 93.0801, 87.476, 31.3067, 70.3721], [90.5577, 83.3428, 93.5821, 87.7963, 34.36, 70.0859], [90.7234, 81.983, 93.2293, 88.3408, 36.84, 69.2271], [90.889, 82.3796, 93.2564, 87.9885, 44.1067, 68.6546], [90.2264, 82.2663, 93.0936, 87.7322, 35.8267, 73.2824]], "total_test_time": 1967.8210897445679, "total_train_time": 933.2488369941711}
{"round": 8, "acc": [[91.4964, 82.4929, 93.2564, 87.6682, 37.5467, 70.1813], [90.9994, 83.881, 93.0801, 87.476, 32.08, 70.7061], [90.8338, 83.3711, 93.5957, 87.8283, 34.6533, 70.4198], [90.889, 82.2096, 93.4057, 88.6931, 37.6133, 69.9427], [91.1651, 82.4079, 93.3379, 88.1166, 44.9467, 69.3702], [90.4473, 82.4646, 93.175, 87.8283, 36.5867, 73.5687]], "total_test_time": 2293.4209666252136, "total_train_time": 1242.5050683021545}
{"round": 9, "acc": [[91.6068, 82.5496, 93.2564, 87.6361, 37.7733, 70.229], [91.1099, 83.9943, 93.1072, 87.476, 32.44, 70.563], [90.9994, 83.5411, 93.6635, 87.9244, 34.9067, 70.5153], [91.2203, 82.2946, 93.4871, 88.7892, 37.8933, 70.2767], [91.2203, 82.5496, 93.3786, 88.1166, 45.2667, 69.4179], [90.5025, 82.5212, 93.2022, 88.0205, 36.8267, 73.6641]], "total_test_time": 2618.722405433655, "total_train_time": 1396.9439175128937}
{"round": 11, "acc": [[91.6068, 82.7762, 93.3107, 87.7963, 38.4133, 70.7061], [91.3308, 84.1926, 93.1886, 87.54, 32.72, 70.7061], [90.889, 83.711, 93.6906, 87.9244, 34.72, 70.229], [91.2755, 82.5212, 93.5142, 88.9814, 38.1333, 70.3244], [91.3308, 82.8895, 93.4057, 88.1807, 45.8933, 69.6565], [90.6129, 82.7195, 93.3921, 88.3088, 37.28, 73.9027]], "total_test_time": 2943.8045144081116, "total_train_time": 1706.8956270217896}
{"round": 14, "acc": [[91.6621, 82.9178, 93.4193, 87.9564, 39.0, 70.9924], [91.5516, 84.221, 93.2157, 87.6361, 32.8533, 71.1832], [90.9994, 83.7677, 93.7585, 87.9564, 35.1867, 70.7061], [91.4412, 82.7762, 93.5957, 89.1416, 38.16, 70.8969], [91.386, 82.8612, 93.3921, 88.1486, 46.4933, 69.8473], [90.7234, 83.0028, 93.4193, 88.4049, 37.4, 74.3321]], "total_test_time": 3267.662301301956, "total_train_time": 2169.8911299705505}
{"round": 18, "acc": [[91.7173, 83.0312, 93.4735, 88.0525, 39.4267, 71.3263], [91.4964, 84.051, 93.3107, 87.6682, 32.8933, 71.1832], [91.1651, 83.711, 93.7856, 88.0846, 35.04, 70.6584], [91.4964, 82.8329, 93.5685, 89.1416, 38.0933, 71.3263], [91.6621, 82.9745, 93.46, 88.0846, 46.6267, 69.9905], [90.7234, 83.0595, 93.4057, 88.4369, 37.6133, 74.4752]], "total_test_time": 3592.4374227523804, "total_train_time": 2786.676388502121}
{"round": 19, "acc": [[91.7173, 83.0312, 93.4871, 88.0846, 39.48, 71.3263], [91.4964, 84.051, 93.27, 87.7002, 32.9333, 71.2786], [91.0547, 83.7677, 93.7992, 88.0525, 35.3867, 70.7061], [91.4964, 82.9745, 93.6228, 89.2377, 38.08, 71.5649], [91.6068, 83.0312, 93.4193, 88.0846, 46.7733, 69.9427], [90.7786, 83.0028, 93.4328, 88.4369, 37.6667, 74.5229]], "total_test_time": 3917.796158313751, "total_train_time": 2941.514766216278}
{"round": 20, "acc": [[91.7173, 83.0595, 93.4871, 88.1486, 39.5067, 71.4695], [91.5516, 84.136, 93.3107, 87.7643, 33.1867, 71.2786], [91.1099, 83.7677, 93.7585, 88.1166, 35.4267, 70.8015], [91.386, 82.9178, 93.6092, 89.2377, 38.2533, 71.3263], [91.6068, 83.0028, 93.4735, 88.0525, 46.6667, 69.895], [90.7786, 83.0028, 93.46, 88.4049, 37.8267, 74.4752]], "total_test_time": 4242.861877202988, "total_train_time": 3095.6796040534973}
{"round": 30, "acc": [[91.8829, 83.2861, 93.46, 88.2127, 39.8667, 71.6126], [91.6068, 84.221, 93.2293, 87.5721, 33.32, 71.2786], [91.2203, 84.051, 93.7585, 88.1166, 35.5733, 70.3721], [91.4964, 82.8045, 93.5685, 89.2377, 38.5067, 71.5172], [91.4964, 82.9745, 93.3379, 88.1807, 47.04, 69.7519], [90.9442, 83.0878, 93.365, 88.3408, 38.1067, 74.666]], "total_test_time": 4568.732481002808, "total_train_time": 4638.492057323456}
