{"base_model": "CLIP", "dataset": "office", "subset_size": 10, "image_encoder_name": "ViT-B-32", "optimizer": "AdamW", "batch_size": 32, "learning_rate": 0.001, "global_rounds": 200, "local_epochs": 1, "warm_up": 10, "seed": 1}
{"round": 0, "acc": [[80.458, 94.0691, 92.5076, 86.0082], [80.7634, 93.3183, 92.0489, 84.3621], [79.6183, 93.6186, 91.8196, 84.9108], [77.7863, 93.2432, 91.8196, 84.225]], "total_test_time": 0, "total_train_time": 0}
{"round": 1, "acc": [[81.2977, 93.9189, 92.5841, 86.0082], [80.1527, 93.2432, 91.9725, 84.9108], [79.3893, 93.6937, 92.0489, 84.4993], [77.7863, 93.8438, 91.5138, 84.0878]], "total_test_time": 86.55250835418701, "total_train_time": 38.782963275909424}
{"round": 2, "acc": [[80.916, 93.6937, 92.5076, 84.9108], [80.5344, 93.4685, 92.4312, 84.6365], [79.313, 93.3934, 91.9725, 84.3621], [77.8626, 93.3934, 91.896, 84.4993]], "total_test_time": 172.89986848831177, "total_train_time": 79.94508957862854}
{"round": 3, "acc": [[80.8397, 94.1441, 92.5076, 86.2826], [80.5344, 93.5435, 92.3547, 85.1852], [79.542, 93.6186, 91.6667, 84.4993], [77.7863, 93.4685, 91.2844, 84.6365]], "total_test_time": 258.5543053150177, "total_train_time": 119.57504296302795}
{"round": 4, "acc": [[81.5267, 94.1441, 92.5841, 85.4595], [81.145, 94.1441, 92.1254, 85.7339], [79.6947, 94.1441, 92.0489, 84.7737], [77.4046, 93.6937, 92.0489, 85.048]], "total_test_time": 345.1248300075531, "total_train_time": 158.1930012702942}
{"round": 5, "acc": [[81.6794, 94.3694, 92.5841, 85.3224], [81.4504, 94.4444, 92.737, 85.4595], [79.6947, 94.2943, 92.1254, 85.3224], [77.9389, 93.6937, 91.7431, 84.7737]], "total_test_time": 430.9290668964386, "total_train_time": 199.10033535957336}
{"round": 6, "acc": [[81.9847, 94.2943, 92.3547, 84.9108], [81.6031, 94.8198, 92.737, 85.4595], [79.6947, 94.8198, 92.3547, 86.1454], [78.3206, 93.4685, 91.7431, 85.048]], "total_test_time": 519.1806671619415, "total_train_time": 240.73992252349854}
{"round": 7, "acc": [[82.2901, 94.3694, 92.3547, 86.6941], [81.5267, 95.1952, 92.5841, 85.3224], [80.229, 95.1201, 92.5076, 85.5967], [79.4656, 93.8438, 91.896, 84.4993]], "total_test_time": 605.3326122760773, "total_train_time": 281.24039793014526}
{"round": 17, "acc": [[85.1145, 95.1201, 91.5138, 83.8134], [84.7328, 95.5706, 90.4434, 84.4993], [84.5802, 95.4955, 90.9021, 83.1276], [83.8931, 95.9459, 92.5841, 84.6365]], "total_test_time": 691.2013895511627, "total_train_time": 686.2129619121552}
