{"base_model": "CLIP", "dataset": "data", "subset_size": 10, "image_encoder_name": "ViT-B-16", "optimizer": "AdamW", "batch_size": 32, "learning_rate": 0.001, "global_rounds": 200, "local_epochs": 1, "warm_up": 10, "seed": 1}
{"round": 0, "acc": [[97.4026, 92.948, 99.5893, 97.3585, 55.2667, 90.2299], [97.0779, 94.5665, 99.692, 98.3019, 54.8667, 90.2299], [97.7273, 92.948, 99.7947, 98.3019, 51.4667, 91.954], [97.7273, 92.8324, 99.5893, 98.1132, 56.6, 90.2299], [96.7532, 90.9827, 99.4867, 97.3585, 57.8, 88.5057], [97.4026, 93.8728, 99.5893, 97.7358, 54.0667, 90.8046]], "total_test_time": 0, "total_train_time": 0}
{"round": 1, "acc": [[97.4026, 92.948, 99.5893, 97.3585, 55.2667, 90.2299], [97.0779, 94.6821, 99.692, 98.3019, 54.6667, 90.2299], [97.7273, 92.948, 99.7947, 98.3019, 51.4667, 91.954], [97.7273, 92.8324, 99.5893, 98.1132, 56.4, 90.2299], [96.4286, 90.6358, 99.4867, 97.3585, 60.5333, 88.5057], [97.4026, 93.8728, 99.5893, 97.7358, 54.0, 90.8046]], "total_test_time": 163.61326050758362, "total_train_time": 95.2834141254425}
{"round": 2, "acc": [[97.4026, 92.948, 99.5893, 97.3585, 55.2, 90.2299], [97.0779, 94.6821, 99.692, 98.3019, 54.7333, 90.2299], [97.7273, 93.0636, 99.7947, 98.3019, 51.6, 91.954], [97.7273, 92.8324, 99.5893, 98.1132, 56.5333, 90.2299], [96.1039, 90.8671, 99.4867, 97.1698, 62.7333, 87.931], [97.4026, 93.8728, 99.5893, 97.7358, 53.9333, 90.8046]], "total_test_time": 332.00751852989197, "total_train_time": 189.773291349411}
{"round": 3, "acc": [[97.4026, 92.948, 99.5893, 97.1698, 55.2667, 90.2299], [97.0779, 94.7977, 99.692, 98.3019, 54.8667, 90.2299], [97.7273, 93.1792, 99.7947, 98.3019, 51.8, 91.954], [97.7273, 92.8324, 99.5893, 98.1132, 56.6667, 90.2299], [96.4286, 91.0983, 99.4867, 97.1698, 64.5333, 87.931], [97.4026, 93.8728, 99.5893, 97.9245, 53.9333, 90.8046]], "total_test_time": 501.08220648765564, "total_train_time": 286.32570028305054}
{"round": 4, "acc": [[97.4026, 93.0636, 99.5893, 97.1698, 55.2667, 90.2299], [97.0779, 94.7977, 99.692, 98.3019, 54.9333, 89.6552], [97.7273, 93.1792, 99.7947, 98.3019, 52.1333, 91.954], [97.7273, 92.8324, 99.5893, 98.3019, 56.7333, 90.2299], [96.7532, 91.2139, 99.4867, 97.3585, 67.2, 87.931], [97.4026, 93.8728, 99.5893, 97.9245, 53.9333, 90.8046]], "total_test_time": 670.7080872058868, "total_train_time": 382.0271861553192}
{"round": 5, "acc": [[97.4026, 93.0636, 99.5893, 97.3585, 55.4, 90.2299], [97.0779, 95.0289, 99.692, 98.3019, 54.9333, 89.6552], [97.7273, 93.1792, 99.7947, 98.3019, 52.2, 91.954], [97.7273, 92.948, 99.5893, 98.3019, 56.8, 90.2299], [96.7532, 91.3295, 99.5893, 97.1698, 68.5333, 86.7816], [97.7273, 93.9884, 99.5893, 97.9245, 53.9333, 90.8046]], "total_test_time": 839.3933227062225, "total_train_time": 477.4789879322052}
{"round": 7, "acc": [[97.4026, 93.1792, 99.5893, 97.3585, 55.7333, 90.2299], [97.0779, 95.1445, 99.692, 98.3019, 55.1333, 89.6552], [97.7273, 93.1792, 99.7947, 98.3019, 52.8667, 91.954], [97.7273, 92.948, 99.5893, 98.4906, 57.0667, 90.2299], [97.0779, 91.3295, 99.5893, 96.9811, 70.8667, 86.7816], [97.7273, 94.104, 99.5893, 97.9245, 54.0, 90.2299]], "total_test_time": 1007.5330686569214, "total_train_time": 668.2543222904205}
{"round": 8, "acc": [[97.4026, 93.4104, 99.5893, 97.3585, 55.8667, 90.8046], [97.0779, 95.1445, 99.692, 98.3019, 55.5333, 89.6552], [97.7273, 93.4104, 99.7947, 98.3019, 53.0667, 91.954], [97.7273, 93.0636, 99.5893, 98.4906, 57.0667, 90.2299], [97.0779, 91.4451, 99.5893, 96.9811, 72.2667, 86.7816], [97.7273, 94.3353, 99.5893, 97.9245, 53.9333, 90.2299]], "total_test_time": 1176.5737736225128, "total_train_time": 763.9308881759644}
{"round": 9, "acc": [[97.4026, 93.4104, 99.5893, 97.3585, 56.0667, 90.8046], [97.0779, 95.2601, 99.692, 98.3019, 55.6667, 90.2299], [97.7273, 93.526, 99.7947, 98.4906, 53.5333, 91.954], [97.7273, 93.0636, 99.5893, 98.4906, 57.0667, 90.8046], [97.0779, 91.5607, 99.5893, 97.1698, 73.3333, 86.7816], [97.7273, 94.3353, 99.5893, 97.9245, 54.0, 90.2299]], "total_test_time": 1346.1973628997803, "total_train_time": 858.8500583171844}
{"round": 11, "acc": [[97.4026, 93.526, 99.5893, 97.5472, 56.6, 90.8046], [97.0779, 95.3757, 99.692, 98.3019, 55.5333, 90.8046], [98.0519, 93.526, 99.7947, 98.4906, 54.4667, 91.954], [97.7273, 93.0636, 99.7947, 98.4906, 57.2, 90.8046], [97.0779, 91.6763, 99.692, 97.1698, 75.2, 87.3563], [97.7273, 94.3353, 99.5893, 97.9245, 53.8, 90.2299]], "total_test_time": 1512.6730818748474, "total_train_time": 1050.1944892406464}
{"round": 12, "acc": [[97.4026, 93.6416, 99.5893, 97.5472, 56.6667, 90.8046], [97.0779, 95.2601, 99.692, 98.3019, 56.0667, 90.8046], [98.0519, 93.8728, 99.7947, 98.4906, 55.2, 91.954], [97.7273, 93.4104, 99.7947, 98.4906, 57.4, 90.8046], [97.0779, 91.6763, 99.692, 97.1698, 76.9333, 88.5057], [97.7273, 94.3353, 99.5893, 97.7358, 53.6667, 90.2299]], "total_test_time": 1683.1973567008972, "total_train_time": 1146.7249608039856}
{"round": 16, "acc": [[97.7273, 93.9884, 99.5893, 98.4906, 58.1333, 91.3793], [97.0779, 95.7225, 99.7947, 98.3019, 57.6, 89.6552], [98.0519, 94.2197, 99.7947, 98.4906, 58.8, 92.5287], [97.7273, 94.3353, 99.7947, 99.0566, 58.6667, 90.8046], [98.0519, 92.6012, 99.5893, 97.7358, 81.6, 87.931], [97.7273, 94.3353, 99.5893, 97.9245, 53.4, 90.8046]], "total_test_time": 1850.3885869979858, "total_train_time": 1529.423367023468}
{"round": 26, "acc": [[97.7273, 93.4104, 99.692, 98.3019, 60.5333, 89.0805], [97.4026, 96.4162, 99.692, 98.6792, 68.2667, 88.5057], [98.0519, 95.8382, 99.7947, 98.6792, 68.9333, 93.1034], [97.7273, 94.104, 99.7947, 99.0566, 63.5333, 91.954], [97.7273, 94.2197, 99.692, 97.7358, 87.0667, 87.931], [96.7532, 93.7572, 99.5893, 97.7358, 50.0667, 90.2299]], "total_test_time": 2019.4402055740356, "total_train_time": 2485.0830643177032}
{"round": 29, "acc": [[97.4026, 93.1792, 99.7947, 97.1698, 58.8667, 85.0575], [97.7273, 96.3006, 99.7947, 98.8679, 71.3333, 90.2299], [98.0519, 95.7225, 99.7947, 99.2453, 70.7333, 93.1034], [97.7273, 94.104, 99.7947, 99.0566, 64.7333, 91.3793], [97.7273, 94.3353, 99.692, 97.7358, 87.9333, 89.6552], [96.7532, 91.4451, 99.4867, 93.9623, 46.1333, 86.7816]], "total_test_time": 2186.6583626270294, "total_train_time": 2769.280623435974}
{"round": 30, "acc": [[97.0779, 92.4855, 99.7947, 96.6038, 57.7333, 83.3333], [97.7273, 96.4162, 99.7947, 98.8679, 72.2, 90.2299], [98.0519, 95.7225, 99.7947, 99.0566, 71.7333, 93.6782], [97.4026, 93.8728, 99.7947, 99.2453, 65.2, 91.3793], [97.7273, 94.4509, 99.692, 97.3585, 87.7333, 90.2299], [95.7792, 90.6358, 99.2813, 91.3208, 44.8, 85.0575]], "total_test_time": 2354.2279512882233, "total_train_time": 2865.4103989601135}
{"round": 31, "acc": [[96.7532, 91.7919, 99.4867, 95.8491, 57.0667, 81.0345], [97.7273, 96.5318, 99.7947, 98.8679, 72.4, 90.8046], [98.0519, 95.7225, 99.7947, 99.0566, 72.2, 93.1034], [97.4026, 93.7572, 99.8973, 99.2453, 65.3333, 91.3793], [97.7273, 94.3353, 99.692, 97.7358, 88.4, 90.8046], [93.1818, 88.6705, 98.9733, 88.1132, 43.0, 82.7586]], "total_test_time": 2524.0860772132874, "total_train_time": 2959.2651443481445}
{"round": 32, "acc": [[96.7532, 91.4451, 99.384, 95.4717, 56.2667, 79.3103], [97.4026, 96.3006, 99.7947, 98.8679, 73.4, 90.2299], [98.0519, 95.6069, 99.7947, 99.0566, 72.8, 92.5287], [97.4026, 93.7572, 99.8973, 99.2453, 65.8, 90.8046], [97.7273, 93.8728, 99.692, 97.3585, 87.7333, 91.3793], [90.2597, 86.7052, 98.768, 83.9623, 42.9333, 81.6092]], "total_test_time": 2690.609016418457, "total_train_time": 3055.0093405246735}
{"round": 33, "acc": [[96.1039, 91.0983, 99.2813, 95.283, 55.6667, 77.0115], [97.4026, 96.185, 99.7947, 98.8679, 74.9333, 90.2299], [98.0519, 95.3757, 99.7947, 98.8679, 73.7333, 92.5287], [97.4026, 93.4104, 99.8973, 99.2453, 66.9333, 89.6552], [97.4026, 94.104, 99.692, 97.3585, 88.4667, 90.2299], [87.3377, 84.1618, 98.2546, 81.3208, 42.4667, 79.8851]], "total_test_time": 2856.1274106502533, "total_train_time": 3150.3323707580566}
{"round": 34,