{"base_model": "CLIP", "dataset": "data", "subset_size": 50, "image_encoder_name": "ViT-B-16", "optimizer": "AdamW", "batch_size": 32, "learning_rate": 0.001, "global_rounds": 200, "local_epochs": 1, "warm_up": 10, "seed": 1}
{"round": 0, "acc": [[91.6621, 85.9773, 93.2293, 87.8924, 33.7333, 74.4752], [92.0486, 86.8272, 93.27, 88.501, 30.8133, 73.6641], [91.3308, 86.034, 93.3786, 87.8603, 29.5867, 74.0458], [91.7173, 85.8074, 93.3243, 88.4369, 34.28, 73.9027], [91.9382, 85.4391, 93.0258, 88.1166, 35.5733, 72.7576], [91.6068, 85.4391, 93.4193, 88.9814, 32.6267, 77.4809]], "total_test_time": 0, "total_train_time": 0}
{"round": 1, "acc": [[91.7173, 86.0057, 93.27, 87.9244, 33.7733, 74.4752], [91.9934, 86.9122, 93.2429, 88.501, 30.8, 73.6641], [91.386, 85.9773, 93.46, 87.8924, 29.64, 74.2844], [91.6621, 85.779, 93.3514, 88.533, 34.3333, 73.9027], [91.9934, 85.2125, 93.0393, 88.2447, 38.0133, 72.3282], [91.6068, 85.4391, 93.4328, 88.9174, 32.6267, 77.5763]], "total_test_time": 889.8879091739655, "total_train_time": 520.9609396457672}
{"round": 2, "acc": [[91.7725, 86.0907, 93.3514, 87.9564, 34.0533, 74.7615], [91.9934, 86.9688, 93.3379, 88.7572, 31.2533, 74.1412], [91.4412, 86.2323, 93.6364, 88.1807, 30.0133, 74.6183], [91.6621, 85.8924, 93.5414, 88.7892, 34.64, 74.2366], [91.9382, 85.4958, 93.2836, 88.3088, 39.6, 72.8053], [91.6068, 85.5807, 93.6228, 88.9814, 32.7733, 77.6718]], "total_test_time": 1808.3678381443024, "total_train_time": 1035.3094878196716}
{"round": 3, "acc": [[91.9382, 86.3173, 93.4464, 88.0846, 34.3733, 74.7137], [92.3247, 87.0255, 93.46, 88.7892, 31.9333, 74.3321], [91.5516, 86.1756, 93.6499, 88.2767, 30.44, 74.7615], [91.7173, 86.0057, 93.6228, 88.8853, 34.9333, 74.2366], [91.8829, 85.6941, 93.4735, 88.565, 40.4933, 73.187], [91.6621, 85.6374, 93.7449, 89.1095, 33.0133, 77.8626]], "total_test_time": 2697.5326733589172, "total_train_time": 1549.8789160251617}
{"round": 4, "acc": [[91.9382, 86.2606, 93.5007, 88.2447, 34.5467, 74.8569], [92.3799, 87.0538, 93.46, 88.7572, 32.3467, 74.2366], [91.7725, 86.4023, 93.7856, 88.4689, 30.76, 74.8092], [91.6068, 86.2323, 93.6499, 88.9494, 35.2667, 74.1412], [91.9382, 85.864, 93.6364, 88.6931, 41.1333, 73.3779], [91.6068, 85.6941, 93.7992, 89.0775, 33.3067, 77.9103]], "total_test_time": 3598.1788461208344, "total_train_time": 2067.886494874954}
{"round": 5, "acc": [[91.9934, 86.289, 93.5278, 88.3728, 34.7067, 75.0954], [92.4903, 87.1955, 93.5007, 88.7892, 32.7733, 74.4275], [91.8277, 86.4873, 93.8806, 88.7252, 31.1867, 74.9046], [91.6068, 86.3739, 93.7313, 89.0135, 35.3867, 74.2366], [92.0486, 85.8924, 93.6499, 88.7892, 41.72, 73.2347], [91.6068, 85.7507, 93.8263, 89.1095, 33.72, 78.1011]], "total_test_time": 4495.181971788406, "total_train_time": 2578.581778526306}
{"round": 6, "acc": [[92.159, 86.4023, 93.555, 88.4369, 35.0933, 75.0954], [92.656, 87.3371, 93.5278, 89.0455, 33.1333, 74.4275], [91.7173, 86.5156, 94.0434, 88.8213, 31.5333, 75.0477], [91.5516, 86.4306, 93.7856, 89.3338, 35.7467, 74.4275], [92.0486, 85.9207, 93.7178, 88.9814, 42.0267, 73.2347], [91.6068, 85.864, 93.8263, 89.2377, 34.1333, 78.2443]], "total_test_time": 5383.750107526779, "total_train_time": 3089.973769903183}
{"round": 16, "acc": [[92.7112, 86.9688, 93.8128, 88.8853, 37.3867, 76.3359], [92.8769, 87.847, 93.7856, 89.3658, 33.8667, 75.5725], [92.2142, 86.8839, 94.2877, 89.0775, 32.3467, 75.4771], [92.3247, 86.9688, 94.0163, 90.0705, 36.96, 75.1908], [91.9934, 86.5722, 93.9213, 89.558, 44.1333, 74.4275], [92.1038, 86.6572, 93.9484, 89.8142, 35.44, 79.0553]], "total_test_time": 6276.068975925446, "total_train_time": 8225.238255023956}
{"round": 18, "acc": [[92.7112, 87.1388, 93.8263, 88.9174, 37.6133, 76.5744], [92.8769, 87.932, 93.7992, 89.3658, 33.9467, 75.6679], [92.159, 86.9122, 94.1927, 89.0135, 32.52, 75.4771], [92.3247, 86.7989, 94.0299, 90.1666, 37.0533, 75.334], [92.1038, 86.4589, 93.8942, 89.4619, 44.16, 74.2844], [92.159, 86.7422, 93.9756, 89.7822, 35.6, 79.1508]], "total_test_time": 7161.291193246841, "total_train_time": 9253.06034708023}
{"round": 20, "acc": [[92.8216, 87.1671, 93.8535, 88.9494, 37.6533, 76.7653], [92.8216, 87.847, 93.8128, 89.2697, 33.8533, 75.6679], [92.3799, 87.0822, 94.2334, 89.0135, 32.44, 75.3817], [92.3799, 86.9972, 94.0706, 90.1666, 36.9867, 75.2863], [92.2142, 86.5439, 93.962, 89.3978, 44.2, 74.2844], [92.159, 86.8839, 93.9891, 89.7502, 35.5067, 79.1985]], "total_test_time": 8047.37291264534, "total_train_time": 10275.467686891556}
{"round": 21, "acc": [[92.8769, 87.1671, 93.8399, 89.0455, 37.7333, 76.8607], [92.8769, 87.9603, 93.8263, 89.3338, 34.0, 75.6202], [92.3247, 86.9972, 94.1248, 89.0775, 32.6133, 75.3817], [92.4351, 86.9405, 94.057, 90.1025, 37.04, 75.4771], [92.2142, 86.6572, 93.9349, 89.4619, 44.32, 74.1889], [92.2142, 86.9122, 94.0027, 89.7822, 35.5867, 79.1985]], "total_test_time": 8932.182519435883, "total_train_time": 10785.741092681885}
{"round": 23, "acc": [[92.8769, 87.2805, 93.8806, 89.0455, 37.7733, 76.7653], [92.8216, 87.847, 93.8263, 89.2697, 34.12, 75.4294], [92.3247, 86.9405, 94.3012, 89.1416, 32.7067, 75.4294], [92.4351, 87.0538, 94.1113, 90.0384, 37.0533, 75.4771], [92.2695, 86.6289, 93.9349, 89.3338, 44.1867, 74.3321], [92.2142, 86.7989, 94.0163, 89.8463, 35.7333, 79.1508]], "total_test_time": 9820.024621725082, "total_train_time": 11808.963542222977}
{"round": 27, "acc": [[93.0425, 87.1388, 93.8399, 89.1095, 37.9733, 76.7653], [92.8216, 87.7904, 93.8399, 89.4619, 34.4267, 75.6679], [92.3799, 86.8555, 94.2741, 89.2056, 32.8533, 75.6679], [92.4351, 86.9972, 94.0977, 90.1345, 37.4133, 75.4771], [92.3247, 86.4589, 93.9484, 89.4299, 44.4667, 74.1889], [92.2142, 86.9122, 94.0027, 89.8783, 35.9733, 79.2462]], "total_test_time": 10705.736796617508, "total_train_time": 13851.753647327423}
{"round": 37, "acc": [[93.0425, 87.2805, 93.867, 89.1095, 38.12, 76.9084], [92.9873, 87.762, 93.8942, 89.3338, 34.5333, 75.7156], [92.3247, 86.9405, 94.2877, 89.2377, 32.84, 75.5725], [92.3799, 87.0255, 94.0841, 90.2306, 37.1867, 75.2863], [92.3247, 86.2606, 93.962, 89.3658, 44.36, 74.0935], [92.1038, 86.8555, 93.9891, 89.7822, 35.9867, 79.2939]], "total_test_time": 11594.866429805756, "total_train_time": 18959.151223659515}
