{"base_model": "CLIP", "dataset": "data2", "subset_size": 10, "image_encoder_name": "ViT-B-32", "optimizer": "AdamW", "batch_size": 128, "learning_rate": 0.001, "global_rounds": 50, "local_epochs": 1, "warm_up": 5, "seed": 1}
{"round": 49, "acc": [[99.026, 92.8324, 99.692, 97.1698, 66.5333, 89.0805], [98.0519, 92.6012, 99.7947, 97.7358, 60.8667, 86.7816], [98.7013, 93.4104, 99.7947, 97.3585, 61.0, 89.6552], [98.0519, 92.7168, 99.7947, 97.7358, 71.1333, 86.7816], [98.0519, 91.7919, 99.5893, 97.5472, 71.6667, 86.2069], [97.7273, 92.4855, 99.692, 96.7925, 66.2, 88.5057]], "total_test_time": 0.00016045570373535156, "total_train_time": 1112.9745874404907, "total_adapt_time": 415.94792890548706}
