{"base_model": "CLIP", "dataset": "domainnet", "subset_size": 50, "image_encoder_name": "convnext_base", "optimizer": "AdamW", "batch_size": 32, "learning_rate": 0.001, "global_rounds": 200, "local_epochs": 1, "warm_up": 10, "seed": 1}
{"round": 0, "acc": [[90.3368, 83.2295, 92.6052, 87.0596, 31.5733, 74.5706], [90.3368, 83.2295, 92.6052, 87.0596, 31.5733, 74.5706], [90.3368, 83.2295, 92.6052, 87.0596, 31.5733, 74.5706], [90.3368, 83.2295, 92.6052, 87.0596, 31.5733, 74.5706], [90.3368, 83.2295, 92.6052, 87.0596, 31.5733, 74.5706], [90.3368, 83.2295, 92.6052, 87.0596, 31.5733, 74.5706]], "total_test_time": 0, "total_train_time": 0}
{"round": 1, "acc": [[90.2264, 83.3144, 92.5645, 87.0596, 31.52, 74.6183], [90.2264, 83.3144, 92.5645, 87.0596, 31.52, 74.6183], [90.2264, 83.3144, 92.5645, 87.0596, 31.52, 74.6183], [90.2264, 83.3144, 92.5645, 87.0596, 31.52, 74.6183], [90.2264, 83.3144, 92.5645, 87.0596, 31.52, 74.6183], [90.2264, 83.3144, 92.5645, 87.0596, 31.52, 74.6183]], "total_test_time": 909.1892595291138, "total_train_time": 267.86356234550476}
{"round": 2, "acc": [[90.116, 83.3144, 92.5237, 87.1236, 31.5333, 74.6183], [90.116, 83.3144, 92.5237, 87.1236, 31.5333, 74.6183], [90.116, 83.3144, 92.5237, 87.1236, 31.5333, 74.6183], [90.116, 83.3144, 92.5237, 87.1236, 31.5333, 74.6183], [90.116, 83.3144, 92.5237, 87.1236, 31.5333, 74.6183], [90.116, 83.3144, 92.5237, 87.1236, 31.5333, 74.6183]], "total_test_time": 1818.3345260620117, "total_train_time": 535.5843887329102}
{"round": 3, "acc": [[90.116, 83.3711, 92.5102, 87.1236, 31.5467, 74.6183], [90.116, 83.3711, 92.5102, 87.1236, 31.5467, 74.6183], [90.116, 83.3711, 92.5102, 87.1236, 31.5467, 74.6183], [90.116, 83.3711, 92.5102, 87.1236, 31.5467, 74.6183], [90.116, 83.3711, 92.5102, 87.1236, 31.5467, 74.6183], [90.116, 83.3711, 92.5102, 87.1236, 31.5467, 74.6183]], "total_test_time": 2728.3869965076447, "total_train_time": 803.5552291870117}
{"round": 5, "acc": [[90.116, 83.3428, 92.4966, 87.1236, 31.5867, 74.6183], [90.116, 83.3428, 92.4966, 87.1236, 31.5867, 74.6183], [90.116, 83.3428, 92.4966, 87.1236, 31.5867, 74.6183], [90.116, 83.3428, 92.4966, 87.1236, 31.5867, 74.6183], [90.116, 83.3428, 92.4966, 87.1236, 31.5867, 74.6183], [90.116, 83.3428, 92.4966, 87.1236, 31.5867, 74.6183]], "total_test_time": 3628.8318543434143, "total_train_time": 1331.6818220615387}
{"round": 6, "acc": [[90.116, 83.3428, 92.4966, 87.1236, 31.5867, 74.6183], [90.116, 83.3428, 92.4966, 87.1236, 31.5867, 74.6183], [90.116, 83.3428, 92.4966, 87.1236, 31.5867, 74.6183], [90.116, 83.3428, 92.4966, 87.1236, 31.5867, 74.6183], [90.116, 83.3428, 92.4966, 87.1236, 31.5867, 74.6183], [90.116, 83.3428, 92.4966, 87.1236, 31.5867, 74.6183]], "total_test_time": 4526.231136083603, "total_train_time": 1596.0711123943329}
{"round": 7, "acc": [[90.116, 83.3428, 92.4966, 87.1236, 31.5867, 74.6183], [90.116, 83.3428, 92.4966, 87.1236, 31.5867, 74.6183], [90.116, 83.3428, 92.4966, 87.1236, 31.5867, 74.6183], [90.116, 83.3428, 92.4966, 87.1236, 31.5867, 74.6183], [90.116, 83.3428, 92.4966, 87.1236, 31.5867, 74.6183], [90.116, 83.3428, 92.4966, 87.1236, 31.5867, 74.6183]], "total_test_time": 5423.596590280533, "total_train_time": 1860.441066980362}
{"round": 10, "acc": [[90.116, 83.3428, 92.4695, 87.1236, 31.5733, 74.6183], [90.116, 83.3428, 92.4695, 87.1236, 31.5733, 74.6183], [90.116, 83.3428, 92.4695, 87.1236, 31.5733, 74.6183], [90.116, 83.3428, 92.4695, 87.1236, 31.5733, 74.6183], [90.116, 83.3428, 92.4695, 87.1236, 31.5733, 74.6183], [90.116, 83.3428, 92.4695, 87.1236, 31.5733, 74.6183]], "total_test_time": 6320.721167802811, "total_train_time": 2654.5247621536255}
{"round": 20, "acc": [[90.116, 83.3428, 92.4695, 87.1236, 31.5467, 74.5706], [90.116, 83.3428, 92.4695, 87.1236, 31.5467, 74.5706], [90.116, 83.3428, 92.4695, 87.1236, 31.5467, 74.5706], [90.116, 83.3428, 92.4695, 87.1236, 31.5467, 74.5706], [90.116, 83.3428, 92.4695, 87.1236, 31.5467, 74.5706], [90.116, 83.3428, 92.4695, 87.1236, 31.5467, 74.5706]], "total_test_time": 7217.218832492828, "total_train_time": 5380.062345504761}
