{"base_model": "CLIP", "dataset": "PACS", "subset_size": 7, "image_encoder_name": "convnext_base", "optimizer": "AdamW", "batch_size": 32, "learning_rate": 0.001, "global_rounds": 200, "local_epochs": 1, "warm_up": 10, "seed": 1}
{"round": 0, "acc": [[99.7605, 77.2118, 96.1914, 98.4642], [99.7605, 77.2118, 96.1914, 98.4642], [99.7605, 77.2118, 96.1914, 98.4642], [99.7605, 77.2118, 96.1914, 98.4642]], "total_test_time": 0, "total_train_time": 0}
{"round": 1, "acc": [[99.7605, 78.2842, 96.1426, 98.4642], [99.7605, 78.2842, 96.1426, 98.4642], [99.7605, 78.2842, 96.1426, 98.4642], [99.7605, 78.2842, 96.1426, 98.4642]], "total_test_time": 92.8384063243866, "total_train_time": 21.665061473846436}
{"round": 3, "acc": [[99.7605, 78.8204, 96.2891, 98.3788], [99.7605, 78.8204, 96.2891, 98.3788], [99.7605, 78.8204, 96.2891, 98.3788], [99.7605, 78.8204, 96.2891, 98.3788]], "total_test_time": 186.5827600955963, "total_train_time": 63.078272104263306}
{"round": 4, "acc": [[99.7605, 78.8204, 96.2891, 98.3788], [99.7605, 78.8204, 96.2891, 98.3788], [99.7605, 78.8204, 96.2891, 98.3788], [99.7605, 78.8204, 96.2891, 98.3788]], "total_test_time": 280.1521818637848, "total_train_time": 83.70192122459412}
{"round": 9, "acc": [[99.7605, 79.0885, 96.2891, 98.3788], [99.7605, 79.0885, 96.2891, 98.3788], [99.7605, 79.0885, 96.2891, 98.3788], [99.7605, 79.0885, 96.2891, 98.3788]], "total_test_time": 373.7839710712433, "total_train_time": 187.23778891563416}
{"round": 13, "acc": [[99.7605, 79.0885, 96.2891, 98.3788], [99.7605, 79.0885, 96.2891, 98.3788], [99.7605, 79.0885, 96.2891, 98.3788], [99.7605, 79.0885, 96.2891, 98.3788]], "total_test_time": 467.0900914669037, "total_train_time": 269.9718928337097}
{"round": 23, "acc": [[99.7605, 78.8204, 96.2891, 98.3788], [99.7605, 78.8204, 96.2891, 98.3788], [99.7605, 78.8204, 96.2891, 98.3788], [99.7605, 78.8204, 96.2891, 98.3788]], "total_test_time": 560.5124750137329, "total_train_time": 476.7310600280762}
