{"base_model": "CLIP", "dataset": "domainnet", "subset_size": 50, "image_encoder_name": "RN101", "optimizer": "AdamW", "batch_size": 32, "learning_rate": 0.001, "global_rounds": 200, "local_epochs": 1, "warm_up": 10, "seed": 1}
{"round": 0, "acc": [[36.3335, 39.3201, 60.597, 35.9065, 5.3067, 26.8607], [37.217, 48.8385, 67.6798, 39.4619, 6.6133, 28.3874], [37.6588, 48.2436, 68.7517, 40.3267, 6.0933, 30.9637], [33.0756, 39.9717, 59.8372, 36.8674, 6.4533, 23.521], [4.9144, 5.3258, 8.5075, 8.7444, 8.32, 3.2443], [34.4009, 35.3541, 58.6296, 32.9276, 5.0133, 24.9523]], "total_test_time": 0, "total_train_time": 0}
{"round": 10, "acc": [[32.2474, 35.1275, 55.943, 32.6393, 5.2533, 23.2824], [35.0083, 46.289, 66.8114, 38.533, 6.56, 26.6698], [36.9961, 47.3654, 67.6391, 39.558, 6.2133, 29.1985], [30.1491, 35.3541, 52.9308, 32.7995, 6.28, 20.3721], [2.0431, 1.2465, 1.3161, 6.6304, 5.8667, 0.7634], [32.413, 31.1048, 52.6323, 28.7956, 5.0533, 20.3244]], "total_test_time": 431.2870092391968, "total_train_time": 1160.043039560318}
