{"base_model": "CLIP", "dataset": "domainnet", "subset_size": 50, "image_encoder_name": "RN50", "optimizer": "AdamW", "batch_size": 32, "learning_rate": 0.001, "global_rounds": 200, "local_epochs": 1, "warm_up": 10, "seed": 1}
{"round": 0, "acc": [[33.5174, 38.6969, 58.7381, 34.2409, 4.12, 23.6641], [34.8426, 49.2068, 67.8833, 40.0384, 4.6533, 26.0019], [36.3887, 47.932, 68.0461, 38.8533, 5.6267, 25.4294], [32.0265, 38.272, 57.2863, 35.6502, 4.7333, 18.3206], [11.3749, 8.9518, 15.0204, 12.46, 5.16, 3.1489], [34.0144, 35.5524, 57.1913, 33.344, 5.1067, 23.8073]], "total_test_time": 0, "total_train_time": 0}
{"round": 5, "acc": [[31.0878, 35.1275, 55.4138, 32.0307, 3.5467, 21.7557], [33.2413, 47.8187, 66.5129, 39.1736, 4.4267, 24.5706], [36.1126, 48.102, 67.7205, 38.565, 5.76, 25.2863], [28.8791, 36.119, 53.7585, 33.1198, 4.72, 16.6508], [2.4296, 1.3031, 2.4695, 7.271, 5.6667, 2.1469], [32.1369, 32.4646, 53.5007, 30.2691, 4.7067, 21.2309]], "total_test_time": 343.90700697898865, "total_train_time": 449.0173375606537}
{"round": 15, "acc": [[31.3087, 35.3824, 55.7259, 32.319, 3.6, 22.2805], [32.6891, 47.762, 66.445, 38.565, 4.2133, 24.6183], [35.6157, 47.1671, 66.9742, 37.9564, 5.44, 24.5229], [28.0508, 35.1558, 53.1072, 32.7354, 4.2, 16.5553], [2.5953, 1.2748, 2.4966, 7.8155, 5.84, 2.4332], [30.4252, 32.153, 54.3826, 30.9737, 4.64, 21.5649]], "total_test_time": 679.1969065666199, "total_train_time": 1360.1783049106598}
