{"base_model": "CLIP", "dataset": "domainnet", "subset_size": 50, "image_encoder_name": "RN50x4", "optimizer": "AdamW", "batch_size": 32, "learning_rate": 0.001, "global_rounds": 200, "local_epochs": 1, "warm_up": 10, "seed": 1}
{"round": 0, "acc": [[86.7477, 80.7365, 91.9946, 83.4081, 26.4667, 74.9046], [86.7477, 80.7365, 91.9946, 83.4081, 26.4667, 74.9046], [86.7477, 80.7365, 91.9946, 83.4081, 26.4667, 74.9046], [86.7477, 80.7365, 91.9946, 83.4081, 26.4667, 74.9046], [86.7477, 80.7365, 91.9946, 83.4081, 26.4667, 74.9046], [86.7477, 80.7365, 91.9946, 83.4081, 26.4667, 74.9046]], "total_test_time": 0, "total_train_time": 0}
{"round": 10, "acc": [[66.6483, 56.6289, 83.2429, 64.9904, 10.3067, 68.4637], [77.8023, 72.0397, 89.3487, 78.5714, 19.2267, 72.4237], [78.9619, 76.034, 89.7558, 78.9558, 23.08, 72.6622], [68.5809, 63.2578, 83.7585, 67.1044, 13.8133, 67.0802], [5.0801, 2.3229, 5.2239, 17.8732, 7.5733, 8.1107], [76.6427, 67.2805, 86.6893, 76.2012, 15.76, 68.3683]], "total_test_time": 935.2434015274048, "total_train_time": 2869.3972544670105}
