{"base_model": "CLIP", "dataset": "office", "subset_size": 100, "image_encoder_name": "RN50", "optimizer": "AdamW", "batch_size": 32, "learning_rate": 0.001, "global_rounds": 200, "local_epochs": 1, "warm_up": 10, "seed": 1}
{"round": 0, "acc": [[52.3636, 81.2779, 82.8324, 72.2675], [52.3636, 81.2779, 82.8324, 72.2675], [52.3636, 81.2779, 82.8324, 72.2675], [52.3636, 81.2779, 82.8324, 72.2675]], "total_test_time": 0, "total_train_time": 0}
{"round": 10, "acc": [[11.8182, 21.4477, 19.9454, 13.0506], [14.2727, 30.7417, 31.4663, 22.5938], [15.4545, 35.8356, 36.3388, 25.5302], [17.6818, 40.3932, 41.8944, 30.9135]], "total_test_time": 1203.5809440612793, "total_train_time": 2606.591235637665}
