{"base_model": "CLIP", "dataset": "domainnet", "subset_size": 50, "image_encoder_name": "ViT-B-32", "optimizer": "AdamW", "batch_size": 32, "learning_rate": 0.001, "global_rounds": 200, "local_epochs": 1, "warm_up": 10, "seed": 1}
{"round": 0, "acc": [[90.8338, 83.0312, 93.27, 87.7963, 34.3733, 69.6565], [90.8338, 83.0312, 93.27, 87.7963, 34.3733, 69.6565], [90.8338, 83.0312, 93.27, 87.7963, 34.3733, 69.6565], [90.8338, 83.0312, 93.27, 87.7963, 34.3733, 69.6565], [90.8338, 83.0312, 93.27, 87.7963, 34.3733, 69.6565], [90.8338, 83.0312, 93.27, 87.7963, 34.3733, 69.6565]], "total_test_time": 0, "total_train_time": 0}
{"round": 1, "acc": [[90.8338, 82.9745, 93.27, 87.8924, 34.5467, 69.6565], [90.8338, 82.9745, 93.27, 87.8924, 34.5467, 69.6565], [90.8338, 82.9745, 93.27, 87.8924, 34.5467, 69.6565], [90.8338, 82.9745, 93.27, 87.8924, 34.5467, 69.6565], [90.8338, 82.9745, 93.27, 87.8924, 34.5467, 69.6565], [90.8338, 82.9745, 93.27, 87.8924, 34.5467, 69.6565]], "total_test_time": 181.72114086151123, "total_train_time": 46.674866676330566}
{"round": 2, "acc": [[90.8338, 83.0028, 93.3379, 87.8283, 34.6267, 69.7996], [90.8338, 83.0028, 93.3379, 87.8283, 34.6267, 69.7996], [90.8338, 83.0028, 93.3379, 87.8283, 34.6267, 69.7996], [90.8338, 83.0028, 93.3379, 87.8283, 34.6267, 69.7996], [90.8338, 83.0028, 93.3379, 87.8283, 34.6267, 69.7996], [90.8338, 83.0028, 93.3379, 87.8283, 34.6267, 69.7996]], "total_test_time": 363.6954641342163, "total_train_time": 93.28839778900146}
{"round": 3, "acc": [[90.8338, 82.9462, 93.3379, 87.8283, 34.6267, 69.7996], [90.8338, 82.9462, 93.3379, 87.8283, 34.6267, 69.7996], [90.8338, 82.9462, 93.3379, 87.8283, 34.6267, 69.7996], [90.8338, 82.9462, 93.3379, 87.8283, 34.6267, 69.7996], [90.8338, 82.9462, 93.3379, 87.8283, 34.6267, 69.7996], [90.8338, 82.9462, 93.3379, 87.8283, 34.6267, 69.7996]], "total_test_time": 545.046181678772, "total_train_time": 139.95926761627197}
{"round": 4, "acc": [[90.8338, 82.9462, 93.3379, 87.8283, 34.6133, 69.8473], [90.8338, 82.9462, 93.3379, 87.8283, 34.6133, 69.8473], [90.8338, 82.9462, 93.3379, 87.8283, 34.6133, 69.8473], [90.8338, 82.9462, 93.3379, 87.8283, 34.6133, 69.8473], [90.8338, 82.9462, 93.3379, 87.8283, 34.6133, 69.8473], [90.8338, 82.9462, 93.3379, 87.8283, 34.6133, 69.8473]], "total_test_time": 726.8409569263458, "total_train_time": 186.61809372901917}
{"round": 5, "acc": [[90.8338, 82.9462, 93.3379, 87.8283, 34.6133, 69.895], [90.8338, 82.9462, 93.3379, 87.8283, 34.6133, 69.895], [90.8338, 82.9462, 93.3379, 87.8283, 34.6133, 69.895], [90.8338, 82.9462, 93.3379, 87.8283, 34.6133, 69.895], [90.8338, 82.9462, 93.3379, 87.8283, 34.6133, 69.895], [90.8338, 82.9462, 93.3379, 87.8283, 34.6133, 69.895]], "total_test_time": 908.7108097076416, "total_train_time": 233.2493438720703}
{"round": 6, "acc": [[90.8338, 82.9462, 93.3379, 87.8283, 34.6133, 69.8473], [90.8338, 82.9462, 93.3379, 87.8283, 34.6133, 69.8473], [90.8338, 82.9462, 93.3379, 87.8283, 34.6133, 69.8473], [90.8338, 82.9462, 93.3379, 87.8283, 34.6133, 69.8473], [90.8338, 82.9462, 93.3379, 87.8283, 34.6133, 69.8473], [90.8338, 82.9462, 93.3379, 87.8283, 34.6133, 69.8473]], "total_test_time": 1090.8359508514404, "total_train_time": 279.93769431114197}
{"round": 7, "acc": [[90.8338, 82.9462, 93.3379, 87.8283, 34.6, 69.8473], [90.8338, 82.9462, 93.3379, 87.8283, 34.6, 69.8473], [90.8338, 82.9462, 93.3379, 87.8283, 34.6, 69.8473], [90.8338, 82.9462, 93.3379, 87.8283, 34.6, 69.8473], [90.8338, 82.9462, 93.3379, 87.8283, 34.6, 69.8473], [90.8338, 82.9462, 93.3379, 87.8283, 34.6, 69.8473]], "total_test_time": 1272.6528508663177, "total_train_time": 326.6585659980774}
{"round": 8, "acc": [[90.8338, 82.9462, 93.3379, 87.8283, 34.6, 69.8473], [90.8338, 82.9462, 93.3379, 87.8283, 34.6, 69.8473], [90.8338, 82.9462, 93.3379, 87.8283, 34.6, 69.8473], [90.8338, 82.9462, 93.3379, 87.8283, 34.6, 69.8473], [90.8338, 82.9462, 93.3379, 87.8283, 34.6, 69.8473], [90.8338, 82.9462, 93.3379, 87.8283, 34.6, 69.8473]], "total_test_time": 1454.715737104416, "total_train_time": 373.19992208480835}
{"round": 10, "acc": [[90.8338, 82.9462, 93.3379, 87.8283, 34.5867, 69.8473], [90.8338, 82.9462, 93.3379, 87.8283, 34.5867, 69.8473], [90.8338, 82.9462, 93.3379, 87.8283, 34.5867, 69.8473], [90.8338, 82.9462, 93.3379, 87.8283, 34.5867, 69.8473], [90.8338, 82.9462, 93.3379, 87.8283, 34.5867, 69.8473], [90.8338, 82.9462, 93.3379, 87.8283, 34.5867, 69.8473]], "total_test_time": 1636.3037557601929, "total_train_time": 466.78153944015503}
{"round": 20, "acc": [[90.8338, 82.9462, 93.3379, 87.8283, 34.5733, 69.8473], [90.8338, 82.9462, 93.3379, 87.8283, 34.5733, 69.8473], [90.8338, 82.9462, 93.3379, 87.8283, 34.5733, 69.8473], [90.8338, 82.9462, 93.3379, 87.8283, 34.5733, 69.8473], [90.8338, 82.9462, 93.3379, 87.8283, 34.5733, 69.8473], [90.8338, 82.9462, 93.3379, 87.8283, 34.5733, 69.8473]], "total_test_time": 1818.0258514881134, "total_train_time": 934.4313230514526}
