{"base_model": "CLIP", "dataset": "data2", "subset_size": 100, "image_encoder_name": "ViT-B-32", "optimizer": "AdamW", "batch_size": 128, "learning_rate": 0.001, "global_rounds": 50, "local_epochs": 1, "warm_up": 5, "seed": 1}
{"round": 49, "acc": [[88.7075, 82.0624, 92.0796, 82.8118, 28.8467, 66.8259], [87.985, 82.7018, 91.8645, 82.7076, 25.0533, 66.8558], [87.6104, 81.9185, 91.9586, 82.499, 25.56, 65.542], [87.7174, 81.3749, 91.8846, 83.2916, 28.4667, 65.96], [87.6371, 80.9432, 91.8645, 83.3542, 29.6533, 65.0045], [87.7977, 81.247, 92.2477, 83.0413, 28.3733, 69.6327]], "total_test_time": 0.00015854835510253906, "total_train_time": 7847.88098692894}
