{"base_model": "CLIP", "dataset": "data", "subset_size": 100, "image_encoder_name": "ViT-B-32", "optimizer": "AdamW", "batch_size": 32, "learning_rate": 0.001, "global_rounds": 200, "local_epochs": 1, "warm_up": 10, "seed": 1}
{"round": 0, "acc": [[88.3061, 82.446, 92.3149, 83.8131, 28.46, 67.6321], [88.3061, 82.446, 92.3149, 83.8131, 28.46, 67.6321], [88.3061, 82.446, 92.3149, 83.8131, 28.46, 67.6321], [88.3061, 82.446, 92.3149, 83.8131, 28.46, 67.6321], [88.3061, 82.446, 92.3149, 83.8131, 28.46, 67.6321], [88.3061, 82.446, 92.3149, 83.8131, 28.46, 67.6321]], "total_test_time": 0, "total_train_time": 0}
{"round": 1, "acc": [[88.3596, 82.446, 92.362, 83.8757, 28.5467, 67.5426], [88.3596, 82.446, 92.362, 83.8757, 28.5467, 67.5426], [88.3596, 82.446, 92.362, 83.8757, 28.5467, 67.5426], [88.3596, 82.446, 92.362, 83.8757, 28.5467, 67.5426], [88.3596, 82.446, 92.362, 83.8757, 28.5467, 67.5426], [88.3596, 82.446, 92.362, 83.8757, 28.5467, 67.5426]], "total_test_time": 628.0170738697052, "total_train_time": 126.88749551773071}
{"round": 3, "acc": [[88.4132, 82.51, 92.3889, 83.7922, 28.5933, 67.4828], [88.4132, 82.51, 92.3889, 83.7922, 28.5933, 67.4828], [88.4132, 82.51, 92.3889, 83.7922, 28.5933, 67.4828], [88.4132, 82.51, 92.3889, 83.7922, 28.5933, 67.4828], [88.4132, 82.51, 92.3889, 83.7922, 28.5933, 67.4828], [88.4132, 82.51, 92.3889, 83.7922, 28.5933, 67.4828]], "total_test_time": 1260.035175561905, "total_train_time": 378.4805233478546}
{"round": 4, "acc": [[88.4132, 82.494, 92.3956, 83.8131, 28.5933, 67.4828], [88.4132, 82.494, 92.3956, 83.8131, 28.5933, 67.4828], [88.4132, 82.494, 92.3956, 83.8131, 28.5933, 67.4828], [88.4132, 82.494, 92.3956, 83.8131, 28.5933, 67.4828], [88.4132, 82.494, 92.3956, 83.8131, 28.5933, 67.4828], [88.4132, 82.494, 92.3956, 83.8131, 28.5933, 67.4828]], "total_test_time": 1892.1208703517914, "total_train_time": 503.06159019470215}
{"round": 5, "acc": [[88.4132, 82.478, 92.4023, 83.8131, 28.6, 67.5127], [88.4132, 82.478, 92.4023, 83.8131, 28.6, 67.5127], [88.4132, 82.478, 92.4023, 83.8131, 28.6, 67.5127], [88.4132, 82.478, 92.4023, 83.8131, 28.6, 67.5127], [88.4132, 82.478, 92.4023, 83.8131, 28.6, 67.5127], [88.4132, 82.478, 92.4023, 83.8131, 28.6, 67.5127]], "total_test_time": 2518.4119322299957, "total_train_time": 629.2608547210693}
{"round": 15, "acc": [[88.4132, 82.494, 92.4091, 83.8131, 28.58, 67.5127], [88.4132, 82.494, 92.4091, 83.8131, 28.58, 67.5127], [88.4132, 82.494, 92.4091, 83.8131, 28.58, 67.5127], [88.4132, 82.494, 92.4091, 83.8131, 28.58, 67.5127], [88.4132, 82.494, 92.4091, 83.8131, 28.58, 67.5127], [88.4132, 82.494, 92.4091, 83.8131, 28.58, 67.5127]], "total_test_time": 3145.981347322464, "total_train_time": 1883.2895963191986}
