{"base_model": "CLIP", "dataset": "source", "subset_size": 50, "image_encoder_name": "ViT-B-32", "optimizer": "AdamW", "batch_size": 128, "learning_rate": 0.001, "global_rounds": 50, "local_epochs": 1, "warm_up": 5, "seed": 1}
{"round": 49, "acc": [[90.9442, 82.2096, 92.9715, 87.508, 35.6267], [90.6129, 83.0312, 92.863, 87.0916, 30.2533], [90.2816, 82.9178, 93.1886, 87.2518, 32.0267], [90.116, 81.9263, 93.0665, 87.2518, 34.5333], [90.6129, 81.6714, 92.9986, 87.3799, 36.0667]], "total_test_time": 0.0003199577331542969, "total_train_time": 3874.1806015968323}
