{"base_model": "CLIP", "dataset": "data", "subset_size": 150, "image_encoder_name": "ViT-B-32", "optimizer": "AdamW", "batch_size": 32, "learning_rate": 0.001, "global_rounds": 200, "local_epochs": 1, "warm_up": 10, "seed": 1}
{"round": 0, "acc": [[85.6687, 78.6562, 90.5136, 79.7998, 24.8356, 62.507], [85.6687, 78.6562, 90.5136, 79.7998, 24.8356, 62.507], [85.6687, 78.6562, 90.5136, 79.7998, 24.8356, 62.507], [85.6687, 78.6562, 90.5136, 79.7998, 24.8356, 62.507], [85.6687, 78.6562, 90.5136, 79.7998, 24.8356, 62.507], [85.6687, 78.6562, 90.5136, 79.7998, 24.8356, 62.507]], "total_test_time": 0, "total_train_time": 0}
{"round": 1, "acc": [[85.7166, 78.6562, 90.5481, 79.8258, 24.8978, 62.5817], [85.7166, 78.6562, 90.5481, 79.8258, 24.8978, 62.5817], [85.7166, 78.6562, 90.5481, 79.8258, 24.8978, 62.5817], [85.7166, 78.6562, 90.5481, 79.8258, 24.8978, 62.5817], [85.7166, 78.6562, 90.5481, 79.8258, 24.8978, 62.5817], [85.7166, 78.6562, 90.5481, 79.8258, 24.8978, 62.5817]], "total_test_time": 1133.1140882968903, "total_train_time": 192.1969931125641}
{"round": 3, "acc": [[85.6846, 78.7834, 90.5826, 79.6958, 24.9333, 62.5257], [85.6846, 78.7834, 90.5826, 79.6958, 24.9333, 62.5257], [85.6846, 78.7834, 90.5826, 79.6958, 24.9333, 62.5257], [85.6846, 78.7834, 90.5826, 79.6958, 24.9333, 62.5257], [85.6846, 78.7834, 90.5826, 79.6958, 24.9333, 62.5257], [85.6846, 78.7834, 90.5826, 79.6958, 24.9333, 62.5257]], "total_test_time": 2264.267435312271, "total_train_time": 579.923318862915}
{"round": 4, "acc": [[85.6846, 78.7834, 90.587, 79.6958, 24.9511, 62.5444], [85.6846, 78.7834, 90.587, 79.6958, 24.9511, 62.5444], [85.6846, 78.7834, 90.587, 79.6958, 24.9511, 62.5444], [85.6846, 78.7834, 90.587, 79.6958, 24.9511, 62.5444], [85.6846, 78.7834, 90.587, 79.6958, 24.9511, 62.5444], [85.6846, 78.7834, 90.587, 79.6958, 24.9511, 62.5444]], "total_test_time": 3390.6340341567993, "total_train_time": 773.8427934646606}
{"round": 5, "acc": [[85.6846, 78.7834, 90.5913, 79.6958, 24.9378, 62.5257], [85.6846, 78.7834, 90.5913, 79.6958, 24.9378, 62.5257], [85.6846, 78.7834, 90.5913, 79.6958, 24.9378, 62.5257], [85.6846, 78.7834, 90.5913, 79.6958, 24.9378, 62.5257], [85.6846, 78.7834, 90.5913, 79.6958, 24.9378, 62.5257], [85.6846, 78.7834, 90.5913, 79.6958, 24.9378, 62.5257]], "total_test_time": 4520.943793296814, "total_train_time": 962.9838101863861}
{"round": 6, "acc": [[85.6846, 78.7834, 90.5913, 79.6958, 24.9422, 62.5257], [85.6846, 78.7834, 90.5913, 79.6958, 24.9422, 62.5257], [85.6846, 78.7834, 90.5913, 79.6958, 24.9422, 62.5257], [85.6846, 78.7834, 90.5913, 79.6958, 24.9422, 62.5257], [85.6846, 78.7834, 90.5913, 79.6958, 24.9422, 62.5257], [85.6846, 78.7834, 90.5913, 79.6958, 24.9422, 62.5257]], "total_test_time": 5647.3306720256805, "total_train_time": 1155.030066728592}
{"round": 16, "acc": [[85.6846, 78.7834, 90.5913, 79.6958, 24.9378, 62.5257], [85.6846, 78.7834, 90.5913, 79.6958, 24.9378, 62.5257], [85.6846, 78.7834, 90.5913, 79.6958, 24.9378, 62.5257], [85.6846, 78.7834, 90.5913, 79.6958, 24.9378, 62.5257], [85.6846, 78.7834, 90.5913, 79.6958, 24.9378, 62.5257], [85.6846, 78.7834, 90.5913, 79.6958, 24.9378, 62.5257]], "total_test_time": 6769.154477596283, "total_train_time": 3059.657202720642}
