{"base_model": "CLIP", "dataset": "data", "subset_size": 100, "image_encoder_name": "ViT-B-16", "optimizer": "AdamW", "batch_size": 32, "learning_rate": 0.001, "global_rounds": 200, "local_epochs": 1, "warm_up": 10, "seed": 1}
{"round": 0, "acc": [[89.0286, 85.4676, 92.8864, 85.1481, 27.5, 72.7381], [89.0286, 85.4676, 92.8864, 85.1481, 27.5, 72.7381], [89.0286, 85.4676, 92.8864, 85.1481, 27.5, 72.7381], [89.0286, 85.4676, 92.8864, 85.1481, 27.5, 72.7381], [89.0286, 85.4676, 92.8864, 85.1481, 27.5, 72.7381], [89.0286, 85.4676, 92.8864, 85.1481, 27.5, 72.7381]], "total_test_time": 0, "total_train_time": 0}
{"round": 1, "acc": [[88.9751, 85.4197, 92.9066, 85.1064, 27.5667, 72.7381], [88.9751, 85.4197, 92.9066, 85.1064, 27.5667, 72.7381], [88.9751, 85.4197, 92.9066, 85.1064, 27.5667, 72.7381], [88.9751, 85.4197, 92.9066, 85.1064, 27.5667, 72.7381], [88.9751, 85.4197, 92.9066, 85.1064, 27.5667, 72.7381], [88.9751, 85.4197, 92.9066, 85.1064, 27.5667, 72.7381]], "total_test_time": 1785.7620701789856, "total_train_time": 483.8456242084503}
{"round": 2, "acc": [[88.9216, 85.4516, 92.8999, 85.1272, 27.56, 72.7979], [88.9216, 85.4516, 92.8999, 85.1272, 27.56, 72.7979], [88.9216, 85.4516, 92.8999, 85.1272, 27.56, 72.7979], [88.9216, 85.4516, 92.8999, 85.1272, 27.56, 72.7979], [88.9216, 85.4516, 92.8999, 85.1272, 27.56, 72.7979], [88.9216, 85.4516, 92.8999, 85.1272, 27.56, 72.7979]], "total_test_time": 3569.900237560272, "total_train_time": 967.6606047153473}
{"round": 12, "acc": [[88.8681, 85.4037, 92.8999, 85.1272, 27.56, 72.768], [88.8681, 85.4037, 92.8999, 85.1272, 27.56, 72.768], [88.8681, 85.4037, 92.8999, 85.1272, 27.56, 72.768], [88.8681, 85.4037, 92.8999, 85.1272, 27.56, 72.768], [88.8681, 85.4037, 92.8999, 85.1272, 27.56, 72.768], [88.8681, 85.4037, 92.8999, 85.1272, 27.56, 72.768]], "total_test_time": 5367.8862364292145, "total_train_time": 5798.7710790634155}
