{"base_model": "CLIP", "dataset": "data2", "subset_size": 50, "image_encoder_name": "ViT-B-32", "optimizer": "AdamW", "batch_size": 128, "learning_rate": 0.001, "global_rounds": 50, "local_epochs": 1, "warm_up": 5, "seed": 1}
{"round": 49, "acc": [[90.9442, 82.2096, 92.9715, 87.508, 35.6267, 69.1794], [90.6129, 83.0312, 92.863, 87.0916, 30.2533, 69.1794], [90.2816, 82.9178, 93.1886, 87.2518, 32.0267, 68.5592], [90.116, 81.9263, 93.0665, 87.2518, 34.5333, 68.1775], [90.6129, 81.6714, 92.9986, 87.3799, 36.0667, 66.6508], [90.116, 81.6147, 93.1615, 87.7002, 34.6933, 72.4714]], "total_test_time": 0.0001628398895263672, "total_train_time": 4217.623069286346}
