{"base_model": "CLIP", "dataset": "data2", "subset_size": 10, "image_encoder_name": "ViT-B-32", "optimizer": "AdamW", "batch_size": 128, "learning_rate": 0.001, "global_rounds": 50, "local_epochs": 1, "warm_up": 5, "seed": 1}
{"round": 49, "acc": [[99.026, 90.8671, 99.5893, 96.4151, 56.8667, 82.7586], [97.7273, 92.7168, 99.7947, 97.1698, 54.5333, 85.0575], [98.7013, 91.9075, 99.692, 96.6038, 53.2667, 86.2069], [98.7013, 91.4451, 99.4867, 96.7925, 63.1333, 83.3333], [97.7273, 90.6358, 99.1786, 96.4151, 64.1333, 82.7586], [97.7273, 92.0231, 99.692, 96.4151, 59.0667, 86.7816]], "total_test_time": 0.0001614093780517578, "total_train_time": 1146.4570922851562}
