{"base_model": "CLIP", "dataset": "data", "subset_size": 10, "image_encoder_name": "ViT-B-16", "optimizer": "AdamW", "batch_size": 32, "learning_rate": 0.001, "global_rounds": 200, "local_epochs": 1, "warm_up": 10, "seed": 1}
{"round": 0, "acc": [[98.0519, 94.104, 99.5893, 98.3019, 55.9333, 90.8046], [98.0519, 94.104, 99.5893, 98.3019, 55.9333, 90.8046], [98.0519, 94.104, 99.5893, 98.3019, 55.9333, 90.8046], [98.0519, 94.104, 99.5893, 98.3019, 55.9333, 90.8046], [98.0519, 94.104, 99.5893, 98.3019, 55.9333, 90.8046], [98.0519, 94.104, 99.5893, 98.3019, 55.9333, 90.8046]], "total_test_time": 0, "total_train_time": 0}
{"round": 1, "acc": [[98.0519, 94.104, 99.5893, 98.3019, 55.9333, 90.8046], [98.0519, 94.104, 99.5893, 98.3019, 55.9333, 90.8046], [98.0519, 94.104, 99.5893, 98.3019, 55.9333, 90.8046], [98.0519, 94.104, 99.5893, 98.3019, 55.9333, 90.8046], [98.0519, 94.104, 99.5893, 98.3019, 55.9333, 90.8046], [98.0519, 94.104, 99.5893, 98.3019, 55.9333, 90.8046]], "total_test_time": 167.23502492904663, "total_train_time": 48.20915222167969}
{"round": 2, "acc": [[98.0519, 94.104, 99.5893, 98.3019, 55.8, 90.8046], [98.0519, 94.104, 99.5893, 98.3019, 55.8, 90.8046], [98.0519, 94.104, 99.5893, 98.3019, 55.8, 90.8046], [98.0519, 94.104, 99.5893, 98.3019, 55.8, 90.8046], [98.0519, 94.104, 99.5893, 98.3019, 55.8, 90.8046], [98.0519, 94.104, 99.5893, 98.3019, 55.8, 90.8046]], "total_test_time": 333.1606705188751, "total_train_time": 95.94796133041382}
{"round": 3, "acc": [[98.0519, 94.104, 99.5893, 98.3019, 55.9333, 90.8046], [98.0519, 94.104, 99.5893, 98.3019, 55.9333, 90.8046], [98.0519, 94.104, 99.5893, 98.3019, 55.9333, 90.8046], [98.0519, 94.104, 99.5893, 98.3019, 55.9333, 90.8046], [98.0519, 94.104, 99.5893, 98.3019, 55.9333, 90.8046], [98.0519, 94.104, 99.5893, 98.3019, 55.9333, 90.8046]], "total_test_time": 501.67199516296387, "total_train_time": 143.88460755348206}
{"round": 4, "acc": [[98.0519, 94.104, 99.5893, 98.3019, 55.9333, 90.8046], [98.0519, 94.104, 99.5893, 98.3019, 55.9333, 90.8046], [98.0519, 94.104, 99.5893, 98.3019, 55.9333, 90.8046], [98.0519, 94.104, 99.5893, 98.3019, 55.9333, 90.8046], [98.0519, 94.104, 99.5893, 98.3019, 55.9333, 90.8046], [98.0519, 94.104, 99.5893, 98.3019, 55.9333, 90.8046]], "total_test_time": 668.6353995800018, "total_train_time": 191.76270842552185}
{"round": 5, "acc": [[98.0519, 93.9884, 99.5893, 98.3019, 56.0667, 90.8046], [98.0519, 93.9884, 99.5893, 98.3019, 56.0667, 90.8046], [98.0519, 93.9884, 99.5893, 98.3019, 56.0667, 90.8046], [98.0519, 93.9884, 99.5893, 98.3019, 56.0667, 90.8046], [98.0519, 93.9884, 99.5893, 98.3019, 56.0667, 90.8046], [98.0519, 93.9884, 99.5893, 98.3019, 56.0667, 90.8046]], "total_test_time": 837.1647744178772, "total_train_time": 239.55365204811096}
{"round": 6, "acc": [[98.0519, 93.9884, 99.5893, 98.3019, 56.4, 90.8046], [98.0519, 93.9884, 99.5893, 98.3019, 56.4, 90.8046], [98.0519, 93.9884, 99.5893, 98.3019, 56.4, 90.8046], [98.0519, 93.9884, 99.5893, 98.3019, 56.4, 90.8046], [98.0519, 93.9884, 99.5893, 98.3019, 56.4, 90.8046], [98.0519, 93.9884, 99.5893, 98.3019, 56.4, 90.8046]], "total_test_time": 1005.3567671775818, "total_train_time": 287.50248646736145}
{"round": 7, "acc": [[98.0519, 93.9884, 99.5893, 98.3019, 56.5333, 90.8046], [98.0519, 93.9884, 99.5893, 98.3019, 56.5333, 90.8046], [98.0519, 93.9884, 99.5893, 98.3019, 56.5333, 90.8046], [98.0519, 93.9884, 99.5893, 98.3019, 56.5333, 90.8046], [98.0519, 93.9884, 99.5893, 98.3019, 56.5333, 90.8046], [98.0519, 93.9884, 99.5893, 98.3019, 56.5333, 90.8046]], "total_test_time": 1173.952168226242, "total_train_time": 335.0539336204529}
{"round": 8, "acc": [[98.0519, 94.104, 99.5893, 98.3019, 56.7333, 90.8046], [98.0519, 94.104, 99.5893, 98.3019, 56.7333, 90.8046], [98.0519, 94.104, 99.5893, 98.3019, 56.7333, 90.8046], [98.0519, 94.104, 99.5893, 98.3019, 56.7333, 90.8046], [98.0519, 94.104, 99.5893, 98.3019, 56.7333, 90.8046], [98.0519, 94.104, 99.5893, 98.3019, 56.7333, 90.8046]], "total_test_time": 1341.2788863182068, "total_train_time": 383.002991437912}
{"round": 9, "acc": [[98.0519, 94.104, 99.5893, 98.3019, 56.8, 90.8046], [98.0519, 94.104, 99.5893, 98.3019, 56.8, 90.8046], [98.0519, 94.104, 99.5893, 98.3019, 56.8, 90.8046], [98.0519, 94.104, 99.5893, 98.3019, 56.8, 90.8046], [98.0519, 94.104, 99.5893, 98.3019, 56.8, 90.8046], [98.0519, 94.104, 99.5893, 98.3019, 56.8, 90.8046]], "total_test_time": 1507.9832127094269, "total_train_time": 430.5682566165924}
{"round": 10, "acc": [[98.0519, 94.104, 99.5893, 98.3019, 57.0, 90.8046], [98.0519, 94.104, 99.5893, 98.3019, 57.0, 90.8046], [98.0519, 94.104, 99.5893, 98.3019, 57.0, 90.8046], [98.0519, 94.104, 99.5893, 98.3019, 57.0, 90.8046], [98.0519, 94.104, 99.5893, 98.3019, 57.0, 90.8046], [98.0519, 94.104, 99.5893, 98.3019, 57.0, 90.8046]], "total_test_time": 1674.7446510791779, "total_train_time": 477.9731357097626}
{"round": 11, "acc": [[98.0519, 94.104, 99.5893, 98.3019, 57.2, 90.8046], [98.0519, 94.104, 99.5893, 98.3019, 57.2, 90.8046], [98.0519, 94.104, 99.5893, 98.3019, 57.2, 90.8046], [98.0519, 94.104, 99.5893, 98.3019, 57.2, 90.8046], [98.0519, 94.104, 99.5893, 98.3019, 57.2, 90.8046], [98.0519, 94.104, 99.5893, 98.3019, 57.2, 90.8046]], "total_test_time": 1839.9367942810059, "total_train_time": 525.4113161563873}
{"round": 12, "acc": [[98.0519, 94.104, 99.5893, 98.3019, 57.4667, 90.8046], [98.0519, 94.104, 99.5893, 98.3019, 57.4667, 90.8046], [98.0519, 94.104, 99.5893, 98.3019, 57.4667, 90.8046], [98.0519, 94.104, 99.5893, 98.3019, 57.4667, 90.8046], [98.0519, 94.104, 99.5893, 98.3019, 57.4667, 90.8046], [98.0519, 94.104, 99.5893, 98.3019, 57.4667, 90.8046]], "total_test_time": 2007.6321403980255, "total_train_time": 573.2316918373108}
{"round": 13, "acc": [[98.0519, 94.104, 99.5893, 98.3019, 57.6667, 90.8046], [98.0519, 94.104, 99.5893, 98.3019, 57.6667, 90.8046], [98.0519, 94.104, 99.5893, 98.3019, 57.6667, 90.8046], [98.0519, 94.104, 99.5893, 98.3019, 57.6667, 90.8046], [98.0519, 94.104, 99.5893, 98.3019, 57.6667, 90.8046], [98.0519, 94.104, 99.5893, 98.3019, 57.6667, 90.8046]], "total_test_time": 2175.364320039749, "total_train_time": 620.8014650344849}
{"round": 14, "acc": [[98.0519, 94.2197, 99.5893, 98.3019, 57.6, 90.8046], [98.0519, 94.2197, 99.5893, 98.3019, 57.6, 90.8046], [98.0519, 94.2197, 99.5893, 98.3019, 57.6, 90.8046], [98.0519, 94.2197, 99.5893, 98.3019, 57.6, 90.8046], [98.0519, 94.2197, 99.5893, 98.3019, 57.6, 90.8046], [98.0519, 94.2197, 99.5893, 98.3019, 57.6, 90.8046]], "total_test_time": 2341.6552181243896, "total_train_time": 667.9326980113983}
{"round": 15, "acc": [[98.0519, 94.2197, 99.5893, 98.4906, 57.8, 90.8046], [98.0519, 94.2197, 99.5893, 98.4906, 57.8, 90.8046], [98.0519, 94.2197, 99.5893, 98.4906, 57.8, 90.8046], [98.0519, 94.2197, 99.5893, 98.4906, 57.8, 90.8046], [98.0519, 94.2197, 99.5893, 98.4906, 57.8, 90.8046], [98.0519, 94.2197, 99.5893, 98.4906, 57.8, 90.8046]], "total_test_time": 2506.7256121635437, "total_train_time": 715.0497589111328}
{"round": 16, "acc": [[98.0519, 94.2197, 99.5893, 98.4906, 57.9333, 90.8046], [98.0519, 94.2197, 99.5893, 98.4906, 57.9333, 90.8046], [98.0519, 94.2197, 99.5893, 98.4906, 57.9333, 90.8046], [98.0519, 94.2197, 99.5893, 98.4906, 57.9333, 90.8046], [98.0519, 94.2197, 99.5893, 98.4906, 57.9333, 90.8046], [98.0519, 94.2197, 99.5893, 98.4906, 57.9333, 90.8046]], "total_test_time": 2670.2789478302, "total_train_time": 762.3839581012726}
{"round": 17, "acc": [[98.0519, 94.3353, 99.5893, 98.4906, 58.2667, 90.8046], [98.0519, 94.3353, 99.5893, 98.4906, 58.2667, 90.8046], [98.0519, 94.3353, 99.5893, 98.4906, 58.2667, 90.8046], [98.0519, 94.3353, 99.5893, 98.4906, 58.2667, 90.8046], [98.0519, 94.3353, 99.5893, 98.4906, 58.2667, 90.8046], [98.0519, 94.3353, 99.5893, 98.4906, 58.2667, 90.8046]], "total_test_time": 2836.5620906352997, "total_train_time": 809.7943274974823}
{"round": 18,