{"base_model": "CLIP", "dataset": "domainnet", "subset_size": 100, "image_encoder_name": "ViT-B-32", "optimizer": "AdamW", "batch_size": 32, "learning_rate": 0.001, "global_rounds": 200, "local_epochs": 1, "warm_up": 10, "seed": 1}
{"round": 0, "acc": [[88.3061, 82.446, 92.3149, 83.8131, 28.46, 67.6321], [88.3061, 82.446, 92.3149, 83.8131, 28.46, 67.6321], [88.3061, 82.446, 92.3149, 83.8131, 28.46, 67.6321], [88.3061, 82.446, 92.3149, 83.8131, 28.46, 67.6321], [88.3061, 82.446, 92.3149, 83.8131, 28.46, 67.6321], [88.3061, 82.446, 92.3149, 83.8131, 28.46, 67.6321]], "total_test_time": 0, "total_train_time": 0}
{"round": 1, "acc": [[88.3596, 82.4301, 92.362, 83.8757, 28.5467, 67.5426], [88.3596, 82.4301, 92.362, 83.8757, 28.5467, 67.5426], [88.3596, 82.4301, 92.362, 83.8757, 28.5467, 67.5426], [88.3596, 82.4301, 92.362, 83.8757, 28.5467, 67.5426], [88.3596, 82.4301, 92.362, 83.8757, 28.5467, 67.5426], [88.3596, 82.4301, 92.362, 83.8757, 28.5467, 67.5426]], "total_test_time": 389.6994080543518, "total_train_time": 88.75494742393494}
{"round": 2, "acc": [[88.4132, 82.494, 92.3889, 83.8131, 28.58, 67.4828], [88.4132, 82.494, 92.3889, 83.8131, 28.58, 67.4828], [88.4132, 82.494, 92.3889, 83.8131, 28.58, 67.4828], [88.4132, 82.494, 92.3889, 83.8131, 28.58, 67.4828], [88.4132, 82.494, 92.3889, 83.8131, 28.58, 67.4828], [88.4132, 82.494, 92.3889, 83.8131, 28.58, 67.4828]], "total_test_time": 778.0500919818878, "total_train_time": 177.51356887817383}
{"round": 4, "acc": [[88.4132, 82.494, 92.3956, 83.8131, 28.5933, 67.4828], [88.4132, 82.494, 92.3956, 83.8131, 28.5933, 67.4828], [88.4132, 82.494, 92.3956, 83.8131, 28.5933, 67.4828], [88.4132, 82.494, 92.3956, 83.8131, 28.5933, 67.4828], [88.4132, 82.494, 92.3956, 83.8131, 28.5933, 67.4828], [88.4132, 82.494, 92.3956, 83.8131, 28.5933, 67.4828]], "total_test_time": 1168.5493896007538, "total_train_time": 355.4271249771118}
{"round": 6, "acc": [[88.4132, 82.478, 92.4091, 83.8131, 28.5933, 67.5127], [88.4132, 82.478, 92.4091, 83.8131, 28.5933, 67.5127], [88.4132, 82.478, 92.4091, 83.8131, 28.5933, 67.5127], [88.4132, 82.478, 92.4091, 83.8131, 28.5933, 67.5127], [88.4132, 82.478, 92.4091, 83.8131, 28.5933, 67.5127], [88.4132, 82.478, 92.4091, 83.8131, 28.5933, 67.5127]], "total_test_time": 1557.7751088142395, "total_train_time": 533.3486161231995}
{"round": 9, "acc": [[88.4132, 82.494, 92.4091, 83.8131, 28.5867, 67.5127], [88.4132, 82.494, 92.4091, 83.8131, 28.5867, 67.5127], [88.4132, 82.494, 92.4091, 83.8131, 28.5867, 67.5127], [88.4132, 82.494, 92.4091, 83.8131, 28.5867, 67.5127], [88.4132, 82.494, 92.4091, 83.8131, 28.5867, 67.5127], [88.4132, 82.494, 92.4091, 83.8131, 28.5867, 67.5127]], "total_test_time": 1949.4099462032318, "total_train_time": 800.0274202823639}
{"round": 19, "acc": [[88.3864, 82.494, 92.4091, 83.8131, 28.58, 67.5127], [88.3864, 82.494, 92.4091, 83.8131, 28.58, 67.5127], [88.3864, 82.494, 92.4091, 83.8131, 28.58, 67.5127], [88.3864, 82.494, 92.4091, 83.8131, 28.58, 67.5127], [88.3864, 82.494, 92.4091, 83.8131, 28.58, 67.5127], [88.3864, 82.494, 92.4091, 83.8131, 28.58, 67.5127]], "total_test_time": 2341.7543177604675, "total_train_time": 1688.6259956359863}
