{"base_model": "CLIP", "dataset": "domainnet", "subset_size": 50, "image_encoder_name": "ViT-B-16", "optimizer": "AdamW", "batch_size": 32, "learning_rate": 0.001, "global_rounds": 200, "local_epochs": 1, "warm_up": 10, "seed": 1}
{"round": 0, "acc": [[91.5516, 86.8555, 93.555, 88.8533, 33.68, 75.1908], [91.5516, 86.8555, 93.555, 88.8533, 33.68, 75.1908], [91.5516, 86.8555, 93.555, 88.8533, 33.68, 75.1908], [91.5516, 86.8555, 93.555, 88.8533, 33.68, 75.1908], [91.5516, 86.8555, 93.555, 88.8533, 33.68, 75.1908], [91.5516, 86.8555, 93.555, 88.8533, 33.68, 75.1908]], "total_test_time": 0, "total_train_time": 0}
{"round": 1, "acc": [[91.6068, 86.7989, 93.6228, 88.6931, 33.7333, 75.2385], [91.6068, 86.7989, 93.6228, 88.6931, 33.7333, 75.2385], [91.6068, 86.7989, 93.6228, 88.6931, 33.7333, 75.2385], [91.6068, 86.7989, 93.6228, 88.6931, 33.7333, 75.2385], [91.6068, 86.7989, 93.6228, 88.6931, 33.7333, 75.2385], [91.6068, 86.7989, 93.6228, 88.6931, 33.7333, 75.2385]], "total_test_time": 575.5551974773407, "total_train_time": 168.2346007823944}
{"round": 2, "acc": [[91.6068, 86.7422, 93.6228, 88.7252, 33.7067, 75.2863], [91.6068, 86.7422, 93.6228, 88.7252, 33.7067, 75.2863], [91.6068, 86.7422, 93.6228, 88.7252, 33.7067, 75.2863], [91.6068, 86.7422, 93.6228, 88.7252, 33.7067, 75.2863], [91.6068, 86.7422, 93.6228, 88.7252, 33.7067, 75.2863], [91.6068, 86.7422, 93.6228, 88.7252, 33.7067, 75.2863]], "total_test_time": 1151.1001358032227, "total_train_time": 336.6256926059723}
{"round": 3, "acc": [[91.5516, 86.7422, 93.6364, 88.7252, 33.68, 75.334], [91.5516, 86.7422, 93.6364, 88.7252, 33.68, 75.334], [91.5516, 86.7422, 93.6364, 88.7252, 33.68, 75.334], [91.5516, 86.7422, 93.6364, 88.7252, 33.68, 75.334], [91.5516, 86.7422, 93.6364, 88.7252, 33.68, 75.334], [91.5516, 86.7422, 93.6364, 88.7252, 33.68, 75.334]], "total_test_time": 1726.1991696357727, "total_train_time": 505.0328025817871}
{"round": 4, "acc": [[91.5516, 86.7422, 93.6635, 88.6931, 33.6933, 75.2863], [91.5516, 86.7422, 93.6635, 88.6931, 33.6933, 75.2863], [91.5516, 86.7422, 93.6635, 88.6931, 33.6933, 75.2863], [91.5516, 86.7422, 93.6635, 88.6931, 33.6933, 75.2863], [91.5516, 86.7422, 93.6635, 88.6931, 33.6933, 75.2863], [91.5516, 86.7422, 93.6635, 88.6931, 33.6933, 75.2863]], "total_test_time": 2301.6403274536133, "total_train_time": 673.4435415267944}
{"round": 5, "acc": [[91.5516, 86.7139, 93.6635, 88.6931, 33.6933, 75.334], [91.5516, 86.7139, 93.6635, 88.6931, 33.6933, 75.334], [91.5516, 86.7139, 93.6635, 88.6931, 33.6933, 75.334], [91.5516, 86.7139, 93.6635, 88.6931, 33.6933, 75.334], [91.5516, 86.7139, 93.6635, 88.6931, 33.6933, 75.334], [91.5516, 86.7139, 93.6635, 88.6931, 33.6933, 75.334]], "total_test_time": 2876.7412354946136, "total_train_time": 841.9226684570312}
{"round": 6, "acc": [[91.5516, 86.7139, 93.6635, 88.6931, 33.6933, 75.2863], [91.5516, 86.7139, 93.6635, 88.6931, 33.6933, 75.2863], [91.5516, 86.7139, 93.6635, 88.6931, 33.6933, 75.2863], [91.5516, 86.7139, 93.6635, 88.6931, 33.6933, 75.2863], [91.5516, 86.7139, 93.6635, 88.6931, 33.6933, 75.2863], [91.5516, 86.7139, 93.6635, 88.6931, 33.6933, 75.2863]], "total_test_time": 3451.5362718105316, "total_train_time": 1010.3163664340973}
{"round": 7, "acc": [[91.6068, 86.7139, 93.6635, 88.6931, 33.6933, 75.334], [91.6068, 86.7139, 93.6635, 88.6931, 33.6933, 75.334], [91.6068, 86.7139, 93.6635, 88.6931, 33.6933, 75.334], [91.6068, 86.7139, 93.6635, 88.6931, 33.6933, 75.334], [91.6068, 86.7139, 93.6635, 88.6931, 33.6933, 75.334], [91.6068, 86.7139, 93.6635, 88.6931, 33.6933, 75.334]], "total_test_time": 4026.896848678589, "total_train_time": 1178.7876510620117}
{"round": 8, "acc": [[91.6068, 86.7139, 93.6635, 88.6931, 33.6933, 75.334], [91.6068, 86.7139, 93.6635, 88.6931, 33.6933, 75.334], [91.6068, 86.7139, 93.6635, 88.6931, 33.6933, 75.334], [91.6068, 86.7139, 93.6635, 88.6931, 33.6933, 75.334], [91.6068, 86.7139, 93.6635, 88.6931, 33.6933, 75.334], [91.6068, 86.7139, 93.6635, 88.6931, 33.6933, 75.334]], "total_test_time": 4602.087415456772, "total_train_time": 1347.2193756103516}
{"round": 10, "acc": [[91.6068, 86.7139, 93.6635, 88.6931, 33.68, 75.334], [91.6068, 86.7139, 93.6635, 88.6931, 33.68, 75.334], [91.6068, 86.7139, 93.6635, 88.6931, 33.68, 75.334], [91.6068, 86.7139, 93.6635, 88.6931, 33.68, 75.334], [91.6068, 86.7139, 93.6635, 88.6931, 33.68, 75.334], [91.6068, 86.7139, 93.6635, 88.6931, 33.68, 75.334]], "total_test_time": 5177.575213432312, "total_train_time": 1683.9705407619476}
{"round": 11, "acc": [[91.6068, 86.7139, 93.6635, 88.6931, 33.68, 75.334], [91.6068, 86.7139, 93.6635, 88.6931, 33.68, 75.334], [91.6068, 86.7139, 93.6635, 88.6931, 33.68, 75.334], [91.6068, 86.7139, 93.6635, 88.6931, 33.68, 75.334], [91.6068, 86.7139, 93.6635, 88.6931, 33.68, 75.334], [91.6068, 86.7139, 93.6635, 88.6931, 33.68, 75.334]], "total_test_time": 5753.205315351486, "total_train_time": 1852.6034636497498}
{"round": 14, "acc": [[91.5516, 86.7422, 93.6635, 88.6931, 33.68, 75.334], [91.5516, 86.7422, 93.6635, 88.6931, 33.68, 75.334], [91.5516, 86.7422, 93.6635, 88.6931, 33.68, 75.334], [91.5516, 86.7422, 93.6635, 88.6931, 33.68, 75.334], [91.5516, 86.7422, 93.6635, 88.6931, 33.68, 75.334], [91.5516, 86.7422, 93.6635, 88.6931, 33.68, 75.334]], "total_test_time": 6328.878774642944, "total_train_time": 2358.081692457199}
{"round": 24, "acc": [[91.5516, 86.7422, 93.6635, 88.6931, 33.6667, 75.334], [91.5516, 86.7422, 93.6635, 88.6931, 33.6667, 75.334], [91.5516, 86.7422, 93.6635, 88.6931, 33.6667, 75.334], [91.5516, 86.7422, 93.6635, 88.6931, 33.6667, 75.334], [91.5516, 86.7422, 93.6635, 88.6931, 33.6667, 75.334], [91.5516, 86.7422, 93.6635, 88.6931, 33.6667, 75.334]], "total_test_time": 6904.358745574951, "total_train_time": 4043.0234785079956}
