{"base_model": "CLIP", "dataset": "data", "subset_size": 10, "image_encoder_name": "ViT-B-32", "optimizer": "AdamW", "batch_size": 32, "learning_rate": 0.001, "global_rounds": 200, "local_epochs": 1, "warm_up": 10, "seed": 1}
{"round": 0, "acc": [[98.3766, 92.0231, 99.4867, 96.6038, 56.3333, 83.908], [98.3766, 92.0231, 99.4867, 96.6038, 56.3333, 83.908], [98.3766, 92.0231, 99.4867, 96.6038, 56.3333, 83.908], [98.3766, 92.0231, 99.4867, 96.6038, 56.3333, 83.908], [98.3766, 92.0231, 99.4867, 96.6038, 56.3333, 83.908], [98.3766, 92.0231, 99.4867, 96.6038, 56.3333, 83.908]], "total_test_time": 0, "total_train_time": 0}
{"round": 1, "acc": [[98.3766, 92.0231, 99.4867, 96.6038, 56.4667, 83.908], [98.3766, 92.0231, 99.4867, 96.6038, 56.4667, 83.908], [98.3766, 92.0231, 99.4867, 96.6038, 56.4667, 83.908], [98.3766, 92.0231, 99.4867, 96.6038, 56.4667, 83.908], [98.3766, 92.0231, 99.4867, 96.6038, 56.4667, 83.908], [98.3766, 92.0231, 99.4867, 96.6038, 56.4667, 83.908]], "total_test_time": 60.33005738258362, "total_train_time": 14.919474363327026}
{"round": 3, "acc": [[98.3766, 91.7919, 99.4867, 96.6038, 56.3333, 83.908], [98.3766, 91.7919, 99.4867, 96.6038, 56.3333, 83.908], [98.3766, 91.7919, 99.4867, 96.6038, 56.3333, 83.908], [98.3766, 91.7919, 99.4867, 96.6038, 56.3333, 83.908], [98.3766, 91.7919, 99.4867, 96.6038, 56.3333, 83.908], [98.3766, 91.7919, 99.4867, 96.6038, 56.3333, 83.908]], "total_test_time": 120.08373546600342, "total_train_time": 44.43147110939026}
{"round": 4, "acc": [[98.3766, 91.7919, 99.4867, 96.6038, 56.3333, 83.908], [98.3766, 91.7919, 99.4867, 96.6038, 56.3333, 83.908], [98.3766, 91.7919, 99.4867, 96.6038, 56.3333, 83.908], [98.3766, 91.7919, 99.4867, 96.6038, 56.3333, 83.908], [98.3766, 91.7919, 99.4867, 96.6038, 56.3333, 83.908], [98.3766, 91.7919, 99.4867, 96.6038, 56.3333, 83.908]], "total_test_time": 179.6587245464325, "total_train_time": 59.34981441497803}
{"round": 5, "acc": [[98.3766, 91.7919, 99.4867, 96.6038, 56.4667, 83.908], [98.3766, 91.7919, 99.4867, 96.6038, 56.4667, 83.908], [98.3766, 91.7919, 99.4867, 96.6038, 56.4667, 83.908], [98.3766, 91.7919, 99.4867, 96.6038, 56.4667, 83.908], [98.3766, 91.7919, 99.4867, 96.6038, 56.4667, 83.908], [98.3766, 91.7919, 99.4867, 96.6038, 56.4667, 83.908]], "total_test_time": 238.93339657783508, "total_train_time": 74.31154274940491}
{"round": 6, "acc": [[98.3766, 91.7919, 99.4867, 96.6038, 56.5333, 83.908], [98.3766, 91.7919, 99.4867, 96.6038, 56.5333, 83.908], [98.3766, 91.7919, 99.4867, 96.6038, 56.5333, 83.908], [98.3766, 91.7919, 99.4867, 96.6038, 56.5333, 83.908], [98.3766, 91.7919, 99.4867, 96.6038, 56.5333, 83.908], [98.3766, 91.7919, 99.4867, 96.6038, 56.5333, 83.908]], "total_test_time": 298.5722863674164, "total_train_time": 89.53192496299744}
{"round": 7, "acc": [[98.3766, 91.7919, 99.4867, 96.6038, 56.6, 83.908], [98.3766, 91.7919, 99.4867, 96.6038, 56.6, 83.908], [98.3766, 91.7919, 99.4867, 96.6038, 56.6, 83.908], [98.3766, 91.7919, 99.4867, 96.6038, 56.6, 83.908], [98.3766, 91.7919, 99.4867, 96.6038, 56.6, 83.908], [98.3766, 91.7919, 99.4867, 96.6038, 56.6, 83.908]], "total_test_time": 357.73402976989746, "total_train_time": 104.36160349845886}
{"round": 8, "acc": [[98.3766, 91.7919, 99.4867, 96.6038, 56.6667, 83.908], [98.3766, 91.7919, 99.4867, 96.6038, 56.6667, 83.908], [98.3766, 91.7919, 99.4867, 96.6038, 56.6667, 83.908], [98.3766, 91.7919, 99.4867, 96.6038, 56.6667, 83.908], [98.3766, 91.7919, 99.4867, 96.6038, 56.6667, 83.908], [98.3766, 91.7919, 99.4867, 96.6038, 56.6667, 83.908]], "total_test_time": 417.00873160362244, "total_train_time": 119.26386189460754}
{"round": 9, "acc": [[98.3766, 91.7919, 99.4867, 96.6038, 56.8, 83.908], [98.3766, 91.7919, 99.4867, 96.6038, 56.8, 83.908], [98.3766, 91.7919, 99.4867, 96.6038, 56.8, 83.908], [98.3766, 91.7919, 99.4867, 96.6038, 56.8, 83.908], [98.3766, 91.7919, 99.4867, 96.6038, 56.8, 83.908], [98.3766, 91.7919, 99.4867, 96.6038, 56.8, 83.908]], "total_test_time": 476.4677720069885, "total_train_time": 134.2542815208435}
{"round": 10, "acc": [[98.3766, 91.7919, 99.4867, 96.6038, 56.9333, 83.908], [98.3766, 91.7919, 99.4867, 96.6038, 56.9333, 83.908], [98.3766, 91.7919, 99.4867, 96.6038, 56.9333, 83.908], [98.3766, 91.7919, 99.4867, 96.6038, 56.9333, 83.908], [98.3766, 91.7919, 99.4867, 96.6038, 56.9333, 83.908], [98.3766, 91.7919, 99.4867, 96.6038, 56.9333, 83.908]], "total_test_time": 535.4428780078888, "total_train_time": 149.0395576953888}
{"round": 11, "acc": [[98.3766, 91.9075, 99.4867, 96.6038, 57.0, 83.908], [98.3766, 91.9075, 99.4867, 96.6038, 57.0, 83.908], [98.3766, 91.9075, 99.4867, 96.6038, 57.0, 83.908], [98.3766, 91.9075, 99.4867, 96.6038, 57.0, 83.908], [98.3766, 91.9075, 99.4867, 96.6038, 57.0, 83.908], [98.3766, 91.9075, 99.4867, 96.6038, 57.0, 83.908]], "total_test_time": 595.5378878116608, "total_train_time": 163.99720215797424}
{"round": 12, "acc": [[98.3766, 91.7919, 99.4867, 96.6038, 57.0, 83.908], [98.3766, 91.7919, 99.4867, 96.6038, 57.0, 83.908], [98.3766, 91.7919, 99.4867, 96.6038, 57.0, 83.908], [98.3766, 91.7919, 99.4867, 96.6038, 57.0, 83.908], [98.3766, 91.7919, 99.4867, 96.6038, 57.0, 83.908], [98.3766, 91.7919, 99.4867, 96.6038, 57.0, 83.908]], "total_test_time": 655.6727244853973, "total_train_time": 178.92748022079468}
{"round": 13, "acc": [[98.3766, 91.9075, 99.4867, 96.6038, 57.1333, 83.908], [98.3766, 91.9075, 99.4867, 96.6038, 57.1333, 83.908], [98.3766, 91.9075, 99.4867, 96.6038, 57.1333, 83.908], [98.3766, 91.9075, 99.4867, 96.6038, 57.1333, 83.908], [98.3766, 91.9075, 99.4867, 96.6038, 57.1333, 83.908], [98.3766, 91.9075, 99.4867, 96.6038, 57.1333, 83.908]], "total_test_time": 715.6856434345245, "total_train_time": 193.74016499519348}
{"round": 14, "acc": [[98.3766, 92.0231, 99.4867, 96.6038, 57.5333, 83.908], [98.3766, 92.0231, 99.4867, 96.6038, 57.5333, 83.908], [98.3766, 92.0231, 99.4867, 96.6038, 57.5333, 83.908], [98.3766, 92.0231, 99.4867, 96.6038, 57.5333, 83.908], [98.3766, 92.0231, 99.4867, 96.6038, 57.5333, 83.908], [98.3766, 92.0231, 99.4867, 96.6038, 57.5333, 83.908]], "total_test_time": 775.1668138504028, "total_train_time": 208.8335235118866}
{"round": 15, "acc": [[98.3766, 91.9075, 99.5893, 96.6038, 57.6667, 83.3333], [98.3766, 91.9075, 99.5893, 96.6038, 57.6667, 83.3333], [98.3766, 91.9075, 99.5893, 96.6038, 57.6667, 83.3333], [98.3766, 91.9075, 99.5893, 96.6038, 57.6667, 83.3333], [98.3766, 91.9075, 99.5893, 96.6038, 57.6667, 83.3333], [98.3766, 91.9075, 99.5893, 96.6038, 57.6667, 83.3333]], "total_test_time": 835.1429598331451, "total_train_time": 223.70671725273132}
{"round": 16, "acc": [[98.3766, 91.9075, 99.5893, 96.6038, 57.6, 83.3333], [98.3766, 91.9075, 99.5893, 96.6038, 57.6, 83.3333], [98.3766, 91.9075, 99.5893, 96.6038, 57.6, 83.3333], [98.3766, 91.9075, 99.5893, 96.6038, 57.6, 83.3333], [98.3766, 91.9075, 99.5893, 96.6038, 57.6, 83.3333], [98.3766, 91.9075, 99.5893, 96.6038, 57.6, 83.3333]], "total_test_time": 894.6204626560211, "total_train_time": 238.48126244544983}
{"round": 17, "acc": [[98.3766, 91.9075, 99.5893, 96.6038, 57.8, 83.908], [98.3766, 91.9075, 99.5893, 96.6038, 57.8, 83.908], [98.3766, 91.9075, 99.5893, 96.6038, 57.8, 83.908], [98.3766, 91.9075, 99.5893, 96.6038, 57.8, 83.908], [98.3766, 91.9075, 99.5893, 96.6038, 57.8, 83.908], [98.3766, 91.9075, 99.5893, 96.6038, 57.8, 83.908]], "total_test_time": 954.0492639541626, "total_train_time": 253.22629570960999}
{"round": 19, "acc": [[98.3766, 92.0231, 99.692, 96.6038, 57.8, 84.4828], [98.3766, 92.0231, 99.692, 96.6038, 57.8, 84.4828], [98.3766, 92.0231, 99.692, 96.6038, 57.8, 84.4828], [98.3766, 92.0231, 99.692, 96.6038, 57.8, 84.4828], [98.3766, 92.0231, 99.692, 96.6038, 57.8, 84.4828], [98.3766, 92.0231, 99.692, 96.6038, 57.8, 84.4828]], "total_test_time": 1013.5075223445892, "total_train_time": 282.9612126350403}
{"round": 20,