{"base_model": "CLIP", "dataset": "domainnet", "subset_size": 100, "image_encoder_name": "ViT-B-16", "optimizer": "AdamW", "batch_size": 32, "learning_rate": 0.001, "global_rounds": 200, "local_epochs": 1, "warm_up": 10, "seed": 1}
{"round": 0, "acc": [[89.0286, 85.4676, 92.8864, 85.1481, 27.5, 72.7381], [89.0286, 85.4676, 92.8864, 85.1481, 27.5, 72.7381], [89.0286, 85.4676, 92.8864, 85.1481, 27.5, 72.7381], [89.0286, 85.4676, 92.8864, 85.1481, 27.5, 72.7381], [89.0286, 85.4676, 92.8864, 85.1481, 27.5, 72.7381], [89.0286, 85.4676, 92.8864, 85.1481, 27.5, 72.7381]], "total_test_time": 0, "total_train_time": 0}
{"round": 1, "acc": [[88.9751, 85.4197, 92.9066, 85.1064, 27.5667, 72.7381], [88.9751, 85.4197, 92.9066, 85.1064, 27.5667, 72.7381], [88.9751, 85.4197, 92.9066, 85.1064, 27.5667, 72.7381], [88.9751, 85.4197, 92.9066, 85.1064, 27.5667, 72.7381], [88.9751, 85.4197, 92.9066, 85.1064, 27.5667, 72.7381], [88.9751, 85.4197, 92.9066, 85.1064, 27.5667, 72.7381]], "total_test_time": 1121.9277892112732, "total_train_time": 315.2737202644348}
{"round": 2, "acc": [[88.9216, 85.4516, 92.8999, 85.1272, 27.56, 72.7979], [88.9216, 85.4516, 92.8999, 85.1272, 27.56, 72.7979], [88.9216, 85.4516, 92.8999, 85.1272, 27.56, 72.7979], [88.9216, 85.4516, 92.8999, 85.1272, 27.56, 72.7979], [88.9216, 85.4516, 92.8999, 85.1272, 27.56, 72.7979], [88.9216, 85.4516, 92.8999, 85.1272, 27.56, 72.7979]], "total_test_time": 2242.310981988907, "total_train_time": 630.3011243343353}
{"round": 3, "acc": [[88.8948, 85.4197, 92.8999, 85.1064, 27.5733, 72.8277], [88.8948, 85.4197, 92.8999, 85.1064, 27.5733, 72.8277], [88.8948, 85.4197, 92.8999, 85.1064, 27.5733, 72.8277], [88.8948, 85.4197, 92.8999, 85.1064, 27.5733, 72.8277], [88.8948, 85.4197, 92.8999, 85.1064, 27.5733, 72.8277], [88.8948, 85.4197, 92.8999, 85.1064, 27.5733, 72.8277]], "total_test_time": 3363.0778257846832, "total_train_time": 946.3834416866302}
{"round": 4, "acc": [[88.8948, 85.4197, 92.9066, 85.1272, 27.5667, 72.7979], [88.8948, 85.4197, 92.9066, 85.1272, 27.5667, 72.7979], [88.8948, 85.4197, 92.9066, 85.1272, 27.5667, 72.7979], [88.8948, 85.4197, 92.9066, 85.1272, 27.5667, 72.7979], [88.8948, 85.4197, 92.9066, 85.1272, 27.5667, 72.7979], [88.8948, 85.4197, 92.9066, 85.1272, 27.5667, 72.7979]], "total_test_time": 4498.500706195831, "total_train_time": 1262.7101547718048}
{"round": 5, "acc": [[88.8681, 85.4037, 92.8999, 85.1272, 27.5667, 72.7381], [88.8681, 85.4037, 92.8999, 85.1272, 27.5667, 72.7381], [88.8681, 85.4037, 92.8999, 85.1272, 27.5667, 72.7381], [88.8681, 85.4037, 92.8999, 85.1272, 27.5667, 72.7381], [88.8681, 85.4037, 92.8999, 85.1272, 27.5667, 72.7381], [88.8681, 85.4037, 92.8999, 85.1272, 27.5667, 72.7381]], "total_test_time": 5631.449791908264, "total_train_time": 1579.0163280963898}
{"round": 6, "acc": [[88.8681, 85.4037, 92.8999, 85.1272, 27.5667, 72.7381], [88.8681, 85.4037, 92.8999, 85.1272, 27.5667, 72.7381], [88.8681, 85.4037, 92.8999, 85.1272, 27.5667, 72.7381], [88.8681, 85.4037, 92.8999, 85.1272, 27.5667, 72.7381], [88.8681, 85.4037, 92.8999, 85.1272, 27.5667, 72.7381], [88.8681, 85.4037, 92.8999, 85.1272, 27.5667, 72.7381]], "total_test_time": 6754.030516862869, "total_train_time": 1893.8584206104279}
{"round": 7, "acc": [[88.8948, 85.4037, 92.8999, 85.1272, 27.5667, 72.768], [88.8948, 85.4037, 92.8999, 85.1272, 27.5667, 72.768], [88.8948, 85.4037, 92.8999, 85.1272, 27.5667, 72.768], [88.8948, 85.4037, 92.8999, 85.1272, 27.5667, 72.768], [88.8948, 85.4037, 92.8999, 85.1272, 27.5667, 72.768], [88.8948, 85.4037, 92.8999, 85.1272, 27.5667, 72.768]], "total_test_time": 7875.490341663361, "total_train_time": 2209.2772064208984}
{"round": 17, "acc": [[88.8413, 85.4037, 92.8999, 85.1272, 27.56, 72.768], [88.8413, 85.4037, 92.8999, 85.1272, 27.56, 72.768], [88.8413, 85.4037, 92.8999, 85.1272, 27.56, 72.768], [88.8413, 85.4037, 92.8999, 85.1272, 27.56, 72.768], [88.8413, 85.4037, 92.8999, 85.1272, 27.56, 72.768], [88.8413, 85.4037, 92.8999, 85.1272, 27.56, 72.768]], "total_test_time": 8998.368555784225, "total_train_time": 5356.046514034271}
