{"base_model": "CLIP", "dataset": "data", "subset_size": 50, "image_encoder_name": "ViT-B-16", "optimizer": "AdamW", "batch_size": 32, "learning_rate": 0.001, "global_rounds": 200, "local_epochs": 1, "warm_up": 10, "seed": 1}
{"round": 0, "acc": [[91.6621, 86.8555, 93.5957, 88.6931, 33.64, 75.1431], [91.6621, 86.8555, 93.5957, 88.6931, 33.64, 75.1431], [91.6621, 86.8555, 93.5957, 88.6931, 33.64, 75.1431], [91.6621, 86.8555, 93.5957, 88.6931, 33.64, 75.1431], [91.6621, 86.8555, 93.5957, 88.6931, 33.64, 75.1431], [91.6621, 86.8555, 93.5957, 88.6931, 33.64, 75.1431]], "total_test_time": 0, "total_train_time": 0}
{"round": 1, "acc": [[91.6621, 86.7705, 93.6499, 88.7252, 33.72, 75.1908], [91.6621, 86.7705, 93.6499, 88.7252, 33.72, 75.1908], [91.6621, 86.7705, 93.6499, 88.7252, 33.72, 75.1908], [91.6621, 86.7705, 93.6499, 88.7252, 33.72, 75.1908], [91.6621, 86.7705, 93.6499, 88.7252, 33.72, 75.1908], [91.6621, 86.7705, 93.6499, 88.7252, 33.72, 75.1908]], "total_test_time": 886.1115319728851, "total_train_time": 257.8716764450073}
{"round": 9, "acc": [[91.6068, 86.7705, 93.6635, 88.6931, 33.6667, 75.334], [91.6068, 86.7705, 93.6635, 88.6931, 33.6667, 75.334], [91.6068, 86.7705, 93.6635, 88.6931, 33.6667, 75.334], [91.6068, 86.7705, 93.6635, 88.6931, 33.6667, 75.334], [91.6068, 86.7705, 93.6635, 88.6931, 33.6667, 75.334], [91.6068, 86.7705, 93.6635, 88.6931, 33.6667, 75.334]], "total_test_time": 1775.6915509700775, "total_train_time": 2321.603768348694}
{"round": 10, "acc": [[91.6068, 86.7705, 93.6635, 88.6931, 33.6533, 75.334], [91.6068, 86.7705, 93.6635, 88.6931, 33.6533, 75.334], [91.6068, 86.7705, 93.6635, 88.6931, 33.6533, 75.334], [91.6068, 86.7705, 93.6635, 88.6931, 33.6533, 75.334], [91.6068, 86.7705, 93.6635, 88.6931, 33.6533, 75.334], [91.6068, 86.7705, 93.6635, 88.6931, 33.6533, 75.334]], "total_test_time": 2676.327658891678, "total_train_time": 2580.591173171997}
