{"base_model": "CLIP", "dataset": "office", "subset_size": 100, "image_encoder_name": "ViT-B-32", "optimizer": "AdamW", "batch_size": 32, "learning_rate": 0.001, "global_rounds": 200, "local_epochs": 1, "warm_up": 10, "seed": 1}
{"round": 0, "acc": [[76.9545, 94.2806, 92.2131, 83.6868], [76.9545, 94.2806, 92.2131, 83.6868], [76.9545, 94.2806, 92.2131, 83.6868], [76.9545, 94.2806, 92.2131, 83.6868]], "total_test_time": 0, "total_train_time": 0}
{"round": 10, "acc": [[36.4091, 55.9428, 50.1821, 35.8075], [36.4091, 55.9428, 50.1821, 35.8075], [36.4091, 55.9428, 50.1821, 35.8075], [36.4091, 55.9428, 50.1821, 35.8075]], "total_test_time": 684.517965555191, "total_train_time": 1264.313133239746}
