{"base_model": "CLIP", "dataset": "domainnet", "subset_size": 50, "image_encoder_name": "ViT-B-32", "optimizer": "AdamW", "batch_size": 32, "learning_rate": 0.001, "global_rounds": 200, "local_epochs": 1, "warm_up": 10, "seed": 1}
{"round": 0, "acc": [[90.8338, 83.0312, 93.27, 87.7963, 34.3733, 69.6565], [90.8338, 83.0312, 93.27, 87.7963, 34.3733, 69.6565], [90.8338, 83.0312, 93.27, 87.7963, 34.3733, 69.6565], [90.8338, 83.0312, 93.27, 87.7963, 34.3733, 69.6565], [90.8338, 83.0312, 93.27, 87.7963, 34.3733, 69.6565], [90.8338, 83.0312, 93.27, 87.7963, 34.3733, 69.6565]], "total_test_time": 0, "total_train_time": 0}
{"round": 1, "acc": [[90.8338, 82.9745, 93.27, 87.8924, 34.5467, 69.6565], [90.8338, 82.9745, 93.27, 87.8924, 34.5467, 69.6565], [90.8338, 82.9745, 93.27, 87.8924, 34.5467, 69.6565], [90.8338, 82.9745, 93.27, 87.8924, 34.5467, 69.6565], [90.8338, 82.9745, 93.27, 87.8924, 34.5467, 69.6565], [90.8338, 82.9745, 93.27, 87.8924, 34.5467, 69.6565]], "total_test_time": 334.3286075592041, "total_train_time": 79.72806596755981}
{"round": 2, "acc": [[90.8338, 83.0028, 93.3379, 87.8283, 34.6267, 69.7996], [90.8338, 83.0028, 93.3379, 87.8283, 34.6267, 69.7996], [90.8338, 83.0028, 93.3379, 87.8283, 34.6267, 69.7996], [90.8338, 83.0028, 93.3379, 87.8283, 34.6267, 69.7996], [90.8338, 83.0028, 93.3379, 87.8283, 34.6267, 69.7996], [90.8338, 83.0028, 93.3379, 87.8283, 34.6267, 69.7996]], "total_test_time": 671.5383141040802, "total_train_time": 159.33169317245483}
{"round": 3, "acc": [[90.8338, 82.9462, 93.3379, 87.8283, 34.6267, 69.7996], [90.8338, 82.9462, 93.3379, 87.8283, 34.6267, 69.7996], [90.8338, 82.9462, 93.3379, 87.8283, 34.6267, 69.7996], [90.8338, 82.9462, 93.3379, 87.8283, 34.6267, 69.7996], [90.8338, 82.9462, 93.3379, 87.8283, 34.6267, 69.7996], [90.8338, 82.9462, 93.3379, 87.8283, 34.6267, 69.7996]], "total_test_time": 1007.901481628418, "total_train_time": 241.52692580223083}
{"round": 4, "acc": [[90.8338, 82.9462, 93.3379, 87.8283, 34.6133, 69.8473], [90.8338, 82.9462, 93.3379, 87.8283, 34.6133, 69.8473], [90.8338, 82.9462, 93.3379, 87.8283, 34.6133, 69.8473], [90.8338, 82.9462, 93.3379, 87.8283, 34.6133, 69.8473], [90.8338, 82.9462, 93.3379, 87.8283, 34.6133, 69.8473], [90.8338, 82.9462, 93.3379, 87.8283, 34.6133, 69.8473]], "total_test_time": 1346.4073643684387, "total_train_time": 321.4572470188141}
{"round": 5, "acc": [[90.8338, 82.9462, 93.3379, 87.8283, 34.6133, 69.895], [90.8338, 82.9462, 93.3379, 87.8283, 34.6133, 69.895], [90.8338, 82.9462, 93.3379, 87.8283, 34.6133, 69.895], [90.8338, 82.9462, 93.3379, 87.8283, 34.6133, 69.895], [90.8338, 82.9462, 93.3379, 87.8283, 34.6133, 69.895], [90.8338, 82.9462, 93.3379, 87.8283, 34.6133, 69.895]], "total_test_time": 1683.5709862709045, "total_train_time": 401.72644877433777}
{"round": 6, "acc": [[90.8338, 82.9462, 93.3379, 87.8283, 34.6133, 69.8473], [90.8338, 82.9462, 93.3379, 87.8283, 34.6133, 69.8473], [90.8338, 82.9462, 93.3379, 87.8283, 34.6133, 69.8473], [90.8338, 82.9462, 93.3379, 87.8283, 34.6133, 69.8473], [90.8338, 82.9462, 93.3379, 87.8283, 34.6133, 69.8473], [90.8338, 82.9462, 93.3379, 87.8283, 34.6133, 69.8473]], "total_test_time": 2020.6601939201355, "total_train_time": 482.5108597278595}
{"round": 7, "acc": [[90.8338, 82.9462, 93.3379, 87.8283, 34.6, 69.8473], [90.8338, 82.9462, 93.3379, 87.8283, 34.6, 69.8473], [90.8338, 82.9462, 93.3379, 87.8283, 34.6, 69.8473], [90.8338, 82.9462, 93.3379, 87.8283, 34.6, 69.8473], [90.8338, 82.9462, 93.3379, 87.8283, 34.6, 69.8473], [90.8338, 82.9462, 93.3379, 87.8283, 34.6, 69.8473]], "total_test_time": 2356.7518141269684, "total_train_time": 562.8457796573639}
{"round": 8, "acc": [[90.8338, 82.9462, 93.3379, 87.8283, 34.6, 69.8473], [90.8338, 82.9462, 93.3379, 87.8283, 34.6, 69.8473], [90.8338, 82.9462, 93.3379, 87.8283, 34.6, 69.8473], [90.8338, 82.9462, 93.3379, 87.8283, 34.6, 69.8473], [90.8338, 82.9462, 93.3379, 87.8283, 34.6, 69.8473], [90.8338, 82.9462, 93.3379, 87.8283, 34.6, 69.8473]], "total_test_time": 2694.4581003189087, "total_train_time": 643.0640606880188}
{"round": 10, "acc": [[90.8338, 82.9462, 93.3379, 87.8283, 34.5867, 69.8473], [90.8338, 82.9462, 93.3379, 87.8283, 34.5867, 69.8473], [90.8338, 82.9462, 93.3379, 87.8283, 34.5867, 69.8473], [90.8338, 82.9462, 93.3379, 87.8283, 34.5867, 69.8473], [90.8338, 82.9462, 93.3379, 87.8283, 34.5867, 69.8473], [90.8338, 82.9462, 93.3379, 87.8283, 34.5867, 69.8473]], "total_test_time": 3031.1008858680725, "total_train_time": 803.9216578006744}
{"round": 20, "acc": [[90.8338, 82.9462, 93.3379, 87.8283, 34.5733, 69.8473], [90.8338, 82.9462, 93.3379, 87.8283, 34.5733, 69.8473], [90.8338, 82.9462, 93.3379, 87.8283, 34.5733, 69.8473], [90.8338, 82.9462, 93.3379, 87.8283, 34.5733, 69.8473], [90.8338, 82.9462, 93.3379, 87.8283, 34.5733, 69.8473], [90.8338, 82.9462, 93.3379, 87.8283, 34.5733, 69.8473]], "total_test_time": 3366.832972764969, "total_train_time": 1605.9070241451263}
