{"base_model": "CLIP", "dataset": "office", "subset_size": 10, "image_encoder_name": "ViT-B-32", "optimizer": "AdamW", "batch_size": 32, "learning_rate": 0.001, "global_rounds": 200, "local_epochs": 1, "warm_up": 10, "seed": 1}
{"round": 0, "acc": [[79.084, 93.6937, 92.4312, 85.8711], [79.6183, 93.8438, 92.1254, 85.4595], [79.1603, 93.7688, 92.0489, 85.8711], [79.313, 93.6186, 91.9725, 85.8711]], "total_test_time": 0, "total_train_time": 0}
{"round": 1, "acc": [[79.313, 93.6186, 92.5076, 86.1454], [79.542, 93.1682, 92.4312, 85.8711], [79.313, 93.3934, 92.1254, 85.7339], [79.084, 93.5435, 92.2783, 85.1852]], "total_test_time": 88.91449475288391, "total_train_time": 19.939224243164062}
{"round": 11, "acc": [[37.0229, 51.2012, 46.1774, 34.0192], [36.6412, 51.5766, 48.1651, 32.9218], [36.4122, 51.4264, 47.63, 32.6475], [37.1756, 51.4264, 47.0183, 34.1564]], "total_test_time": 174.90412640571594, "total_train_time": 228.35290956497192}
