{"base_model": "CLIP", "dataset": "domainnet", "subset_size": 150, "image_encoder_name": "ViT-B-32", "optimizer": "AdamW", "batch_size": 32, "learning_rate": 0.001, "global_rounds": 200, "local_epochs": 1, "warm_up": 10, "seed": 1}
{"round": 0, "acc": [[85.6687, 78.6562, 90.5136, 79.7998, 24.8356, 62.507], [85.6687, 78.6562, 90.5136, 79.7998, 24.8356, 62.507], [85.6687, 78.6562, 90.5136, 79.7998, 24.8356, 62.507], [85.6687, 78.6562, 90.5136, 79.7998, 24.8356, 62.507], [85.6687, 78.6562, 90.5136, 79.7998, 24.8356, 62.507], [85.6687, 78.6562, 90.5136, 79.7998, 24.8356, 62.507]], "total_test_time": 0, "total_train_time": 0}
{"round": 1, "acc": [[85.7166, 78.6562, 90.5481, 79.8258, 24.8978, 62.5817], [85.7166, 78.6562, 90.5481, 79.8258, 24.8978, 62.5817], [85.7166, 78.6562, 90.5481, 79.8258, 24.8978, 62.5817], [85.7166, 78.6562, 90.5481, 79.8258, 24.8978, 62.5817], [85.7166, 78.6562, 90.5481, 79.8258, 24.8978, 62.5817], [85.7166, 78.6562, 90.5481, 79.8258, 24.8978, 62.5817]], "total_test_time": 1229.1701838970184, "total_train_time": 223.66308522224426}
{"round": 3, "acc": [[85.6846, 78.7834, 90.5826, 79.6958, 24.9333, 62.5257], [85.6846, 78.7834, 90.5826, 79.6958, 24.9333, 62.5257], [85.6846, 78.7834, 90.5826, 79.6958, 24.9333, 62.5257], [85.6846, 78.7834, 90.5826, 79.6958, 24.9333, 62.5257], [85.6846, 78.7834, 90.5826, 79.6958, 24.9333, 62.5257], [85.6846, 78.7834, 90.5826, 79.6958, 24.9333, 62.5257]], "total_test_time": 2461.0983855724335, "total_train_time": 671.0537493228912}
{"round": 4, "acc": [[85.6846, 78.7834, 90.587, 79.6958, 24.9511, 62.5444], [85.6846, 78.7834, 90.587, 79.6958, 24.9511, 62.5444], [85.6846, 78.7834, 90.587, 79.6958, 24.9511, 62.5444], [85.6846, 78.7834, 90.587, 79.6958, 24.9511, 62.5444], [85.6846, 78.7834, 90.587, 79.6958, 24.9511, 62.5444], [85.6846, 78.7834, 90.587, 79.6958, 24.9511, 62.5444]], "total_test_time": 3701.454217195511, "total_train_time": 895.2342941761017}
{"round": 5, "acc": [[85.6846, 78.7834, 90.5913, 79.6958, 24.9378, 62.5257], [85.6846, 78.7834, 90.5913, 79.6958, 24.9378, 62.5257], [85.6846, 78.7834, 90.5913, 79.6958, 24.9378, 62.5257], [85.6846, 78.7834, 90.5913, 79.6958, 24.9378, 62.5257], [85.6846, 78.7834, 90.5913, 79.6958, 24.9378, 62.5257], [85.6846, 78.7834, 90.5913, 79.6958, 24.9378, 62.5257]], "total_test_time": 4940.418687820435, "total_train_time": 1120.084159374237}
{"round": 15, "acc": [[85.6846, 78.7834, 90.5913, 79.6958, 24.9378, 62.5257], [85.6846, 78.7834, 90.5913, 79.6958, 24.9378, 62.5257], [85.6846, 78.7834, 90.5913, 79.6958, 24.9378, 62.5257], [85.6846, 78.7834, 90.5913, 79.6958, 24.9378, 62.5257], [85.6846, 78.7834, 90.5913, 79.6958, 24.9378, 62.5257], [85.6846, 78.7834, 90.5913, 79.6958, 24.9378, 62.5257]], "total_test_time": 6184.029576301575, "total_train_time": 3370.8596868515015}
