{"base_model": "CLIP", "dataset": "data", "subset_size": 50, "image_encoder_name": "ViT-B-32", "optimizer": "AdamW", "batch_size": 32, "learning_rate": 0.001, "global_rounds": 200, "local_epochs": 1, "warm_up": 10, "seed": 1}
{"round": 0, "acc": [[90.8338, 83.0312, 93.27, 87.7963, 34.3733, 69.6565], [90.8338, 83.0312, 93.27, 87.7963, 34.3733, 69.6565], [90.8338, 83.0312, 93.27, 87.7963, 34.3733, 69.6565], [90.8338, 83.0312, 93.27, 87.7963, 34.3733, 69.6565], [90.8338, 83.0312, 93.27, 87.7963, 34.3733, 69.6565], [90.8338, 83.0312, 93.27, 87.7963, 34.3733, 69.6565]], "total_test_time": 0, "total_train_time": 0}
{"round": 1, "acc": [[90.8338, 82.9745, 93.27, 87.8924, 34.5467, 69.6565], [90.8338, 82.9745, 93.27, 87.8924, 34.5467, 69.6565], [90.8338, 82.9745, 93.27, 87.8924, 34.5467, 69.6565], [90.8338, 82.9745, 93.27, 87.8924, 34.5467, 69.6565], [90.8338, 82.9745, 93.27, 87.8924, 34.5467, 69.6565], [90.8338, 82.9745, 93.27, 87.8924, 34.5467, 69.6565]], "total_test_time": 293.309458732605, "total_train_time": 70.06927824020386}
{"round": 3, "acc": [[90.8338, 82.9462, 93.3379, 87.8283, 34.6267, 69.7996], [90.8338, 82.9462, 93.3379, 87.8283, 34.6267, 69.7996], [90.8338, 82.9462, 93.3379, 87.8283, 34.6267, 69.7996], [90.8338, 82.9462, 93.3379, 87.8283, 34.6267, 69.7996], [90.8338, 82.9462, 93.3379, 87.8283, 34.6267, 69.7996], [90.8338, 82.9462, 93.3379, 87.8283, 34.6267, 69.7996]], "total_test_time": 582.5734734535217, "total_train_time": 211.97180843353271}
{"round": 4, "acc": [[90.8338, 82.9462, 93.3379, 87.8283, 34.5867, 69.7996], [90.8338, 82.9462, 93.3379, 87.8283, 34.5867, 69.7996], [90.8338, 82.9462, 93.3379, 87.8283, 34.5867, 69.7996], [90.8338, 82.9462, 93.3379, 87.8283, 34.5867, 69.7996], [90.8338, 82.9462, 93.3379, 87.8283, 34.5867, 69.7996], [90.8338, 82.9462, 93.3379, 87.8283, 34.5867, 69.7996]], "total_test_time": 875.6953485012054, "total_train_time": 280.8216407299042}
{"round": 5, "acc": [[90.8338, 82.9462, 93.3379, 87.8283, 34.5867, 69.895], [90.8338, 82.9462, 93.3379, 87.8283, 34.5867, 69.895], [90.8338, 82.9462, 93.3379, 87.8283, 34.5867, 69.895], [90.8338, 82.9462, 93.3379, 87.8283, 34.5867, 69.895], [90.8338, 82.9462, 93.3379, 87.8283, 34.5867, 69.895], [90.8338, 82.9462, 93.3379, 87.8283, 34.5867, 69.895]], "total_test_time": 1168.637951850891, "total_train_time": 350.9434266090393}
{"round": 6, "acc": [[90.8338, 82.9462, 93.3379, 87.8283, 34.5867, 69.8473], [90.8338, 82.9462, 93.3379, 87.8283, 34.5867, 69.8473], [90.8338, 82.9462, 93.3379, 87.8283, 34.5867, 69.8473], [90.8338, 82.9462, 93.3379, 87.8283, 34.5867, 69.8473], [90.8338, 82.9462, 93.3379, 87.8283, 34.5867, 69.8473], [90.8338, 82.9462, 93.3379, 87.8283, 34.5867, 69.8473]], "total_test_time": 1461.5547106266022, "total_train_time": 421.04264879226685}
{"round": 16, "acc": [[90.8338, 82.9462, 93.3514, 87.8283, 34.5733, 69.8473], [90.8338, 82.9462, 93.3514, 87.8283, 34.5733, 69.8473], [90.8338, 82.9462, 93.3514, 87.8283, 34.5733, 69.8473], [90.8338, 82.9462, 93.3514, 87.8283, 34.5733, 69.8473], [90.8338, 82.9462, 93.3514, 87.8283, 34.5733, 69.8473], [90.8338, 82.9462, 93.3514, 87.8283, 34.5733, 69.8473]], "total_test_time": 1751.8828926086426, "total_train_time": 1118.7373378276825}
