{"base_model": "CLIP", "dataset": "domainnet", "subset_size": 100, "image_encoder_name": "ViT-B-32", "optimizer": "AdamW", "batch_size": 32, "learning_rate": 0.001, "global_rounds": 200, "local_epochs": 1, "warm_up": 10, "seed": 1}
{"round": 0, "acc": [[88.3061, 82.446, 92.3149, 83.8131, 28.46, 67.6321], [88.3061, 82.446, 92.3149, 83.8131, 28.46, 67.6321], [88.3061, 82.446, 92.3149, 83.8131, 28.46, 67.6321], [88.3061, 82.446, 92.3149, 83.8131, 28.46, 67.6321], [88.3061, 82.446, 92.3149, 83.8131, 28.46, 67.6321], [88.3061, 82.446, 92.3149, 83.8131, 28.46, 67.6321]], "total_test_time": 0, "total_train_time": 0}
{"round": 1, "acc": [[88.3596, 82.4301, 92.362, 83.8757, 28.5467, 67.5426], [88.3596, 82.4301, 92.362, 83.8757, 28.5467, 67.5426], [88.3596, 82.4301, 92.362, 83.8757, 28.5467, 67.5426], [88.3596, 82.4301, 92.362, 83.8757, 28.5467, 67.5426], [88.3596, 82.4301, 92.362, 83.8757, 28.5467, 67.5426], [88.3596, 82.4301, 92.362, 83.8757, 28.5467, 67.5426]], "total_test_time": 674.5588014125824, "total_train_time": 138.71175909042358}
{"round": 2, "acc": [[88.4132, 82.494, 92.3889, 83.8131, 28.58, 67.4828], [88.4132, 82.494, 92.3889, 83.8131, 28.58, 67.4828], [88.4132, 82.494, 92.3889, 83.8131, 28.58, 67.4828], [88.4132, 82.494, 92.3889, 83.8131, 28.58, 67.4828], [88.4132, 82.494, 92.3889, 83.8131, 28.58, 67.4828], [88.4132, 82.494, 92.3889, 83.8131, 28.58, 67.4828]], "total_test_time": 1349.9418778419495, "total_train_time": 277.6001932621002}
{"round": 4, "acc": [[88.4132, 82.494, 92.3956, 83.8131, 28.5933, 67.4828], [88.4132, 82.494, 92.3956, 83.8131, 28.5933, 67.4828], [88.4132, 82.494, 92.3956, 83.8131, 28.5933, 67.4828], [88.4132, 82.494, 92.3956, 83.8131, 28.5933, 67.4828], [88.4132, 82.494, 92.3956, 83.8131, 28.5933, 67.4828], [88.4132, 82.494, 92.3956, 83.8131, 28.5933, 67.4828]], "total_test_time": 2028.2796704769135, "total_train_time": 555.9677157402039}
{"round": 6, "acc": [[88.4132, 82.478, 92.4091, 83.8131, 28.5933, 67.5127], [88.4132, 82.478, 92.4091, 83.8131, 28.5933, 67.5127], [88.4132, 82.478, 92.4091, 83.8131, 28.5933, 67.5127], [88.4132, 82.478, 92.4091, 83.8131, 28.5933, 67.5127], [88.4132, 82.478, 92.4091, 83.8131, 28.5933, 67.5127], [88.4132, 82.478, 92.4091, 83.8131, 28.5933, 67.5127]], "total_test_time": 2704.6067333221436, "total_train_time": 836.1821665763855}
{"round": 9, "acc": [[88.4132, 82.494, 92.4091, 83.8131, 28.5867, 67.5127], [88.4132, 82.494, 92.4091, 83.8131, 28.5867, 67.5127], [88.4132, 82.494, 92.4091, 83.8131, 28.5867, 67.5127], [88.4132, 82.494, 92.4091, 83.8131, 28.5867, 67.5127], [88.4132, 82.494, 92.4091, 83.8131, 28.5867, 67.5127], [88.4132, 82.494, 92.4091, 83.8131, 28.5867, 67.5127]], "total_test_time": 3385.687381505966, "total_train_time": 1253.5439250469208}
{"round": 19, "acc": [[88.3864, 82.494, 92.4091, 83.8131, 28.58, 67.5127], [88.3864, 82.494, 92.4091, 83.8131, 28.58, 67.5127], [88.3864, 82.494, 92.4091, 83.8131, 28.58, 67.5127], [88.3864, 82.494, 92.4091, 83.8131, 28.58, 67.5127], [88.3864, 82.494, 92.4091, 83.8131, 28.58, 67.5127], [88.3864, 82.494, 92.4091, 83.8131, 28.58, 67.5127]], "total_test_time": 4066.4147243499756, "total_train_time": 2649.266092300415}
